monthly_income,income_stability_score,employment_type,avg_monthly_txn_volatility,credit_history_months,utility_payment_consistency,existing_monthly_debt,savings_to_income_ratio,num_dependents,debt_to_income_ratio,risk_label
37600.0,0.7152503193890041,salaried,0.4078783524666572,1,0.582679215546352,8100.0,0.7182260450913067,1,0.215,0
27300.0,0.9173323703179911,salaried,0.10624938864566646,5,0.9010898503270329,7700.0,0.32259638502473975,0,0.282,0
25900.0,0.44102333864406934,self_employed,0.15136077383615898,23,0.6789823059672986,1700.0,0.43243898352228777,0,0.066,1
25900.0,0.6287221589596449,self_employed,0.10959797485806809,0,0.8669268482943994,9900.0,0.1480695469326175,4,0.382,0
60800.0,0.6679029564348227,self_employed,0.17833869225670318,21,0.9426795293233468,2900.0,0.3171416337941139,2,0.048,0
42700.0,0.8538198169748961,salaried,0.19690581038480828,75,0.6396529833639929,13300.0,0.7029467926128868,1,0.311,0
22700.0,0.37589408927089996,salaried,0.6437039578733252,38,0.9135512849061869,6400.0,0.24982101147957517,1,0.282,2
38500.0,0.7987141156790496,gig_worker,0.539083975261458,10,0.4982489023664868,5000.0,0.24503232354965981,0,0.13,1
33200.0,0.9458624370405491,gig_worker,0.4159559601363808,3,0.7379893892166361,15800.0,0.2414701976085481,3,0.476,0
8700.0,0.4310078761402294,salaried,0.2766623084916133,15,0.5714167010387808,2100.0,0.3585903148378564,0,0.241,1
16400.0,0.9210870748678794,self_employed,0.19527305878160695,11,0.9118823745638898,1600.0,0.30515994052494466,2,0.098,0
34400.0,0.9674712719814352,salaried,0.5658812482824777,85,0.9570869956319167,12000.0,0.10798387284449643,1,0.349,0
58000.0,0.686263736997143,salaried,0.307417545450701,110,0.5211189756127914,10500.0,0.3189983531293322,1,0.181,1
26000.0,0.929645762066773,gig_worker,0.2817955875048002,12,0.500680197760898,16900.0,0.40717407889373747,0,0.65,1
21800.0,0.8763324307560667,self_employed,0.3288493195657527,3,0.6613400245006209,11100.0,0.440521786933808,1,0.509,0
31100.0,0.799614658701736,salaried,0.5038466387910652,57,0.5072185500833254,5900.0,0.457441851655399,2,0.19,1
21100.0,0.8571683839923204,salaried,0.27189240005169485,37,0.7060898206780228,3000.0,0.1806623930241569,0,0.142,0
25100.0,0.44621835376042934,unemployed,0.0838271629291287,17,0.7885821960950246,7700.0,0.18286082540996587,2,0.307,2
29100.0,0.5794265350276107,gig_worker,0.03315151225717713,10,0.6567797986074247,3600.0,0.23749126078311333,3,0.124,0
15900.0,0.8437560678638815,gig_worker,0.118829531988364,14,0.6593331499611025,1200.0,0.22313529669687057,0,0.075,0
43800.0,0.4970801491507958,self_employed,0.3092582345829657,55,0.8299691898727162,2400.0,0.37906831626529436,3,0.055,0
14300.0,0.5926521720884691,self_employed,0.15254112253607174,4,0.9180547621614281,2800.0,0.30205576563749853,1,0.196,0
13300.0,0.6172271413935887,salaried,0.3691236858128296,39,0.6677360462678121,7100.0,0.7348605490349777,3,0.534,1
32500.0,0.8514032028092963,salaried,0.42752493956729,0,0.5856620501698264,1100.0,0.5192210319063009,0,0.034,0
42200.0,0.8863095868340188,salaried,0.33074111325738564,60,0.6905342398689309,1400.0,0.07248771069876687,2,0.033,0
32000.0,0.819833657760187,self_employed,0.10482957574874253,16,0.6540780991035089,3200.0,0.17803545028693957,0,0.1,0
27600.0,0.3102814785253084,salaried,0.13635204531634537,6,0.947190986906119,2600.0,0.042823198824517225,1,0.094,0
25000.0,0.7307470831118922,gig_worker,0.5985741793823539,0,0.9459978469942181,6000.0,0.16097224903137622,3,0.24,2
22800.0,0.7164258585691677,salaried,0.5863213970832531,19,0.880862181145733,3700.0,0.1148364203732793,3,0.162,1
48700.0,0.969171746999846,salaried,0.5982690582574074,6,0.8865892104747096,3900.0,0.26671390137240036,0,0.08,1
34600.0,0.7831504758188931,salaried,0.4488043655390477,23,0.5755653036242931,8900.0,0.10628860391859744,4,0.257,2
23800.0,0.8007416452107224,salaried,0.5823807044354936,7,0.7352058305367974,9900.0,0.19667047369771784,1,0.416,2
20100.0,0.7156912995028678,salaried,0.08581464131477945,2,0.8988145237254763,2800.0,0.10507755807593908,2,0.139,0
39700.0,0.8913075678703527,salaried,0.15667374078681404,16,0.8507531423584438,7200.0,0.24191698621621138,1,0.181,0
48100.0,0.8078508079889152,salaried,0.3746356959145953,19,0.6203740095271887,2300.0,0.21012436258341982,0,0.048,0
46000.0,0.7199942536168762,self_employed,0.1061947331560152,14,0.8986689282141884,8700.0,0.1605474181840494,0,0.189,0
18300.0,0.8260945711489482,self_employed,0.2684254497179095,14,0.827304666374458,2000.0,0.15835554503360155,2,0.109,0
24800.0,0.75993400259184,salaried,0.14981303454135686,21,0.935509027446837,10500.0,0.16404432379336864,0,0.423,0
22600.0,0.9468589754544118,self_employed,0.5554041071471462,17,0.9406611550319903,600.0,0.37107581312146243,2,0.027,0
26600.0,0.8271995382958871,self_employed,0.26592269092406584,3,0.73481627071525,2100.0,0.22486478182031888,2,0.079,0
43600.0,0.6704523956099853,salaried,0.16928211893539977,5,0.7373621390371413,3200.0,0.5191798390690225,1,0.073,0
55400.0,0.8288165979333161,gig_worker,0.5870507479388292,3,0.9390653688069752,3800.0,0.18746068325888376,4,0.069,1
35200.0,0.6238828766342115,self_employed,0.14131089761644824,28,0.9088932465577471,1700.0,0.5651326934471721,1,0.048,0
20500.0,0.6856098859213948,salaried,0.28111755208557937,18,0.906463567853831,3000.0,0.2069334948903004,2,0.146,0
28800.0,0.8752597306668105,unemployed,0.47725639399511527,13,0.4868395538855548,4200.0,0.3214478788919921,2,0.146,1
60400.0,0.8109588427406655,gig_worker,0.10906451396710498,38,0.8599942640723339,700.0,0.12800571672800226,1,0.012,0
30700.0,0.7056574097353917,unemployed,0.23513370741980147,9,0.7347693423195626,6200.0,0.09433127248928082,4,0.202,1
25000.0,0.5252300158741373,self_employed,0.09760630545757983,20,0.8299707384771395,6300.0,0.26497939674548093,0,0.252,0
26100.0,0.7777182117850757,salaried,0.33763402493155814,1,0.5855261290700552,10400.0,0.2696636802296417,1,0.398,1
35200.0,0.6864373317707485,salaried,0.4603069883652974,32,0.5349042922893323,22400.0,0.08464834995940944,2,0.636,2
18600.0,0.6567883197567269,self_employed,0.20671718770153663,28,0.5547672968607309,2100.0,0.05829771178977193,3,0.113,1
22300.0,0.9275617996320366,unemployed,0.2727222541789424,38,0.8448886092361512,11700.0,0.1422346892456822,1,0.525,0
45700.0,0.4770859105742661,self_employed,0.44592364584120997,51,0.8784027981207287,1400.0,0.39183970445603494,0,0.031,1
34700.0,0.6202721598365964,gig_worker,0.16898705489656682,34,0.9244922730815596,3900.0,0.16893314757209266,2,0.112,0
30800.0,0.9174558359147428,salaried,0.14153454851274683,44,0.6231442620703284,6500.0,0.16286202625390467,0,0.211,0
46800.0,0.6150913974635859,salaried,0.3149389171865342,10,0.24895032413527074,6400.0,0.4852068254252844,2,0.137,1
19800.0,0.5489793526428729,unemployed,0.292026231566285,10,0.7850111875480764,10000.0,0.17060442006749996,0,0.505,2
24600.0,0.6346594861716802,gig_worker,0.17958818139693794,69,0.7323720486596421,3500.0,0.35323662164941383,1,0.142,0
34100.0,0.8857062375584703,unemployed,0.4436543372803714,59,0.7923818793218627,5300.0,0.5525562440497898,1,0.155,1
33500.0,0.7633403535508828,gig_worker,0.2871933932931502,19,0.7910137710517949,5700.0,0.3232134308739899,1,0.17,0
12600.0,0.6357641788039666,salaried,0.39128003930943417,10,0.9404760623976678,13100.0,0.34482847625663693,1,1.04,1
23300.0,0.7498505140883278,self_employed,0.4268769105664859,48,0.8105112871512182,4900.0,0.3438594703790138,2,0.21,1
26900.0,0.8954207465225513,unemployed,0.20335891647752152,9,0.690796994595661,3400.0,0.08668843045828935,1,0.126,0
36000.0,0.6293294536212161,self_employed,0.27089053539580604,4,0.8085961096553261,9100.0,0.3919580180370162,1,0.253,1
33500.0,0.592900481589481,salaried,0.26543336310624793,24,0.6919868087319189,4800.0,0.23473248367472457,1,0.143,1
28200.0,0.8077964763471907,salaried,0.19286613507373235,1,0.7006500957776093,10300.0,0.1622479555517457,0,0.365,1
8700.0,0.6782322753388702,self_employed,0.2235687046552787,11,0.9445664593491794,10300.0,0.16252055930498546,1,1.184,2
28900.0,0.56420128312281,salaried,0.4519655276559323,39,0.4134684708252246,900.0,0.22953565316317648,0,0.031,2
30300.0,0.6644793264161643,gig_worker,0.2698193496592596,8,0.8189195870434445,21000.0,0.27443059749876364,0,0.693,0
85600.0,0.5481154787472411,salaried,0.158708448590301,64,0.8992307195150591,1500.0,0.3605562613381412,1,0.018,0
26500.0,0.8028569321780248,salaried,0.088518041265209,74,0.6732774124891385,5700.0,0.18131079516560725,0,0.215,0
34200.0,0.7710827761107304,gig_worker,0.09682911186089864,40,0.8267631621826972,2900.0,0.18411982148781178,2,0.085,0
50600.0,0.9383679973733711,self_employed,0.09114878848701168,105,0.6239605697426931,2700.0,0.1289854527544144,1,0.053,0
42400.0,0.8594586802174443,gig_worker,0.5732780996284671,18,0.8678504804760424,2000.0,0.4152655018306947,2,0.047,0
56500.0,0.5883455393444762,salaried,0.3933790619575452,20,0.6164803340574359,9400.0,0.14668664692273162,1,0.166,2
12700.0,0.5152390994503011,unemployed,0.27195224007295976,43,0.556728397568372,3700.0,0.45488488647947184,0,0.291,2
16600.0,0.5350682113667775,salaried,0.5557495815636806,16,0.867650586071338,11400.0,0.15437643334700793,1,0.687,2
21500.0,0.6668174881968011,salaried,0.3368740559827703,12,0.7882343115420648,3600.0,0.3193433052526071,2,0.167,0
11400.0,0.8631051580286453,gig_worker,0.07345527385226223,22,0.7760632443622734,3500.0,0.06257288654392898,0,0.307,0
30400.0,0.9591505276007669,gig_worker,0.1097331072103983,25,0.8045914500267934,2200.0,0.12492685374439959,1,0.072,0
17400.0,0.7278006242320482,salaried,0.22750273420150993,33,0.8622435561270129,4400.0,0.06989976315371055,5,0.253,0
60100.0,0.5501853844461739,unemployed,0.2020127696979587,26,0.5947525454060419,700.0,0.3682611983919526,2,0.012,1
18900.0,0.81739372416179,self_employed,0.2974569288979502,32,0.790265653252305,11200.0,0.043406268497741006,2,0.593,1
24700.0,0.8605942036942265,unemployed,0.42173495836443803,26,0.9356849770352551,6500.0,0.08117961714675544,1,0.263,1
43600.0,0.9224175957864069,self_employed,0.17767151185109986,15,0.687107311958645,5000.0,0.16790872648130992,0,0.115,0
14200.0,0.6954020140841422,self_employed,0.7218032660622422,3,0.8096854722408466,700.0,0.32236603209391795,2,0.049,2
11000.0,0.3121664805139542,salaried,0.33927542663599847,36,0.9747498108544167,2300.0,0.2255188529983556,0,0.209,1
32300.0,0.28375139287438766,salaried,0.35569968070707547,0,0.8466424010293598,500.0,0.3995510472450609,1,0.015,1
33500.0,0.5541108515760089,self_employed,0.25605643337635553,117,0.864504941661078,1700.0,0.23015971343105268,0,0.051,1
43000.0,0.6964886425619813,self_employed,0.436823012183207,42,0.7799027399033155,4600.0,0.08394979931341971,1,0.107,1
38100.0,0.901896436300885,salaried,0.26951356561195977,26,0.6547010556478393,6800.0,0.27345570345638665,0,0.178,0
34100.0,0.624713260634122,salaried,0.1571813503451608,81,0.6113592126906229,2300.0,0.18904013111144535,0,0.067,1
20100.0,0.8933109989515975,salaried,0.31392519791064066,22,0.8342028986887107,2000.0,0.12319668961789984,2,0.1,0
33000.0,0.8145143594963011,gig_worker,0.34465071759832433,1,0.8349057259234155,8200.0,0.3028141253348362,0,0.248,0
34100.0,0.6318061546353155,self_employed,0.20870903918067132,19,0.6462036449877172,5200.0,0.33237303384077355,0,0.152,1
19700.0,0.8270735688006766,gig_worker,0.1631784165258035,7,0.8021289121399288,8900.0,0.19726779459974686,5,0.452,0
68200.0,0.7732231850870134,unemployed,0.24507294777901417,11,0.8491287243690342,12900.0,0.15405036858019105,2,0.189,1
37200.0,0.8811782502352599,self_employed,0.28898203240996545,14,0.6290764054650895,6100.0,0.4648492386999197,0,0.164,0
16800.0,0.7518698360449738,unemployed,0.34629125538544764,35,0.645277210691536,3200.0,0.1127693566552673,0,0.19,2
43100.0,0.8086347977171185,salaried,0.39052373963084636,16,0.768604932766625,4000.0,0.2786230719546431,1,0.093,1
46700.0,0.4299921968369333,salaried,0.30230938563025106,15,0.8611428363448743,4300.0,0.2986520598092149,4,0.092,0
36100.0,0.8747790852827905,salaried,0.1966581503952552,8,0.8404249544617156,3900.0,0.39257026179700183,1,0.108,0
25700.0,0.7563568106719536,self_employed,0.3346036882243078,18,0.6421947681264715,6600.0,0.22831000742655586,1,0.257,1
19200.0,0.8348676585730097,gig_worker,0.1937523984001165,6,0.6158018436016256,5100.0,0.16691428111169646,1,0.266,0
28200.0,0.5875724363469984,self_employed,0.10710629939903613,7,0.7809961991410795,2100.0,0.2009049692020453,2,0.074,1
34900.0,0.8880105434170363,salaried,0.17319171765107713,33,0.8861975212500912,1500.0,0.28960484650558027,0,0.043,0
29500.0,0.45061947375610517,gig_worker,0.23675226980159658,10,0.630962211901246,4500.0,0.26250749356051073,0,0.153,2
57700.0,0.6667913855124249,self_employed,0.29962561574141255,1,0.731149612665628,400.0,0.16495072932924218,1,0.007,1
40000.0,0.8964576049765773,salaried,0.2187317839754873,10,0.5167295676902651,10500.0,0.43304041662820053,4,0.262,0
18100.0,0.8673906642410062,self_employed,0.3149521775968643,24,0.8907153808547544,2800.0,0.28747941858167586,3,0.155,0
15800.0,0.5453972832512601,unemployed,0.26415628975389605,40,0.6480659883871503,14400.0,0.018126075413870395,2,0.911,2
37400.0,0.6609553055093229,gig_worker,0.23400102689867744,78,0.872630396161469,11800.0,0.3190631427136227,1,0.316,1
26000.0,0.7919268829976335,self_employed,0.08452301510200282,32,0.9124088416164182,12000.0,0.38095549947497365,0,0.462,0
41700.0,0.9400767392962003,salaried,0.06287678825692364,13,0.7890137845458289,3200.0,0.07554945042468814,0,0.077,0
37200.0,0.8875430017008521,salaried,0.10286111646197364,8,0.8479644805763548,1600.0,0.6204268290276548,4,0.043,0
28200.0,0.8207081059377743,self_employed,0.19685957327315484,3,0.5357428579271275,6400.0,0.5874012471319751,2,0.227,0
18200.0,0.7271483201553214,gig_worker,0.13938074543273035,23,0.9310987059506677,7600.0,0.39381237291366245,3,0.418,0
11700.0,0.4838588295403658,salaried,0.24519374589792045,17,0.9368237022710371,1500.0,0.08787370341638716,2,0.128,1
32700.0,0.4403659146076873,salaried,0.11653884540078152,27,0.7895049172318284,21700.0,0.1273728801732689,2,0.664,1
14100.0,0.5968679856546172,unemployed,0.20536805594694918,6,0.9377145101926426,2100.0,0.13956238068936777,1,0.149,1
17800.0,0.6476796160376396,gig_worker,0.08283899442532121,9,0.673899495627453,3200.0,0.12933364568302463,2,0.18,1
31800.0,0.6206916328992986,self_employed,0.12818083521942558,8,0.4203738064874087,8000.0,0.11033681753766712,0,0.252,1
30200.0,0.5302308769721726,salaried,0.35971103096718693,38,0.7588797422292092,7400.0,0.28925248729561326,0,0.245,1
15100.0,0.37849350920365665,salaried,0.3932422362831322,4,0.4841732032156626,3800.0,0.25168334345443066,1,0.252,2
49200.0,0.5421428821963367,salaried,0.15771937173448364,22,0.7124177319520176,3700.0,0.1692349584478475,2,0.075,0
48600.0,0.9901003480838929,self_employed,0.1738159662643785,1,0.7582417520895487,3600.0,0.5812305524227885,0,0.074,0
38000.0,0.8239765433857025,salaried,0.22498158127542023,19,0.6807274696643404,10400.0,0.2864545435946977,1,0.274,0
37900.0,0.41470054681618934,gig_worker,0.5360246393106713,1,0.5802737455181476,6200.0,0.28268251383907356,1,0.164,2
38000.0,0.9197147211996719,unemployed,0.25069390490517346,4,0.9947745316614068,2700.0,0.21613957863774472,2,0.071,0
136800.0,0.5495766212673947,salaried,0.13038944820489956,2,0.4633092732870614,4700.0,0.14793593646755557,3,0.034,1
46500.0,0.47335855141881633,self_employed,0.4852918463911464,10,0.8034774463318735,9200.0,0.1348133543728746,0,0.198,2
40500.0,0.2758299785540607,gig_worker,0.08041686244891057,10,0.5700116636786149,3200.0,0.2686708142270608,1,0.079,2
19000.0,0.9088526805715118,unemployed,0.23570255385014713,42,0.586539522060445,6900.0,0.3580795819664954,0,0.363,0
25900.0,0.858298066150418,gig_worker,0.510595775447857,6,0.8236678520385702,3100.0,0.23309275738714633,1,0.12,2
81000.0,0.73941717147013,salaried,0.11043182056141605,2,0.9245611593335021,1700.0,0.031156533410255472,1,0.021,0
9000.0,0.897910268936181,salaried,0.24509516193616765,22,0.902972817086444,3600.0,0.24900062457044228,2,0.4,0
22700.0,0.549765435506955,gig_worker,0.23581362308871395,27,0.8157378438200966,6000.0,0.05244434038345343,2,0.264,2
49400.0,0.6747891464155392,self_employed,0.6801960092748202,8,0.8722856041830466,21400.0,0.23403425029013233,1,0.433,2
19700.0,0.7790099572511235,salaried,0.3806115448564883,22,0.771426838259604,4900.0,0.1893376728782629,0,0.249,0
41000.0,0.786637741573654,self_employed,0.44315043705711754,35,0.8637072770522273,4100.0,0.31892106970525663,1,0.1,0
30000.0,0.6371005102330926,gig_worker,0.3149043415899146,10,0.8065330048784879,3000.0,0.11246092158451089,4,0.1,1
20400.0,0.9199867958955543,salaried,0.3903941386868926,17,0.9383768744436581,5800.0,0.22346800737249767,0,0.284,0
8000.0,0.5953354209373742,gig_worker,0.22917056669962432,3,0.6271736301657542,4500.0,0.039114497619041,0,0.562,2
32300.0,0.9409577477027204,salaried,0.30415318967222976,0,0.7750213003158449,3700.0,0.16500144319718776,1,0.115,0
18800.0,0.8811210042934698,gig_worker,0.08856419288356272,95,0.8071790287904086,2700.0,0.4320206507532093,1,0.144,0
27600.0,0.8575903959937323,self_employed,0.04945121278793372,8,0.9703345091693882,500.0,0.31542998417628204,3,0.018,0
37800.0,0.3676930147030134,salaried,0.7361018315249043,7,0.8686255982763553,6800.0,0.2772331415953201,2,0.18,2
44700.0,0.5749095772042654,gig_worker,0.6285049958345899,86,0.6460467947994588,3600.0,0.2682518614900604,1,0.081,2
22600.0,0.5578868392784313,gig_worker,0.48852526360524484,31,0.9328108263339246,1500.0,0.17903497427844034,1,0.066,1
20400.0,0.6407829062707721,unemployed,0.3429625188234228,21,0.6171950750248173,4100.0,0.4231890746534063,0,0.201,2
13900.0,0.764396810598541,salaried,0.7107997201422708,28,0.7705194577845992,3700.0,0.5010699265426818,0,0.266,1
45800.0,0.5304249780676628,self_employed,0.2584850097159775,29,0.8742304241718193,400.0,0.05555861531326424,2,0.009,1
75300.0,0.5026463878841413,self_employed,0.6151132154172307,34,0.4923717539919666,1100.0,0.28689411684221977,2,0.015,2
48200.0,0.6426950942869315,self_employed,0.4539636157268862,1,0.7104758360032148,1200.0,0.28597068383183727,4,0.025,1
53300.0,0.5762363344223097,gig_worker,0.4288782549001894,12,0.964768140885295,15400.0,0.5842157002392802,0,0.289,1
19800.0,0.7562156582716282,salaried,0.31466808144880215,8,0.9013129622370727,6400.0,0.16506480006805468,1,0.323,0
36700.0,0.24579409510970907,salaried,0.48408782788120197,1,0.9171610589186485,2800.0,0.07436936811658415,1,0.076,2
42900.0,0.8087988327417452,self_employed,0.09768821709283397,12,0.7072818185441718,3800.0,0.3082583037499213,2,0.089,0
2400.0,0.7967567970301485,salaried,0.46476979319236617,22,0.9152329292506803,4600.0,0.2417001079340843,4,1.917,2
16300.0,0.6723800956889447,unemployed,0.4663010340930448,4,0.6156482548437209,8400.0,0.21911007709484687,1,0.515,2
62100.0,0.8056417416286377,self_employed,0.5834417552604939,8,0.818676134744947,10100.0,0.10939967189941262,0,0.163,1
12400.0,0.8395814399380263,self_employed,0.43900187560406484,24,0.708478699990143,12300.0,0.32278018763509403,0,0.992,2
57400.0,0.8145263258793876,gig_worker,0.34221805163855773,20,0.5143336296990804,3900.0,0.2532868774497689,1,0.068,0
12400.0,0.8810850010457664,self_employed,0.4172161331422478,48,0.8084946674503243,3100.0,0.1635680456907724,0,0.25,0
16700.0,0.72432742097206,self_employed,0.2748431170395934,37,0.8713930168125543,1600.0,0.5736876569736497,1,0.096,0
37000.0,0.697698022231626,salaried,0.19536655261741045,80,0.7944996391509258,12800.0,0.16425262342496869,2,0.346,0
30400.0,0.5629119904050397,salaried,0.2673399177411392,21,0.8961576311486088,11200.0,0.532776985070759,1,0.368,1
23800.0,0.2229198795568796,salaried,0.15473149586814106,28,0.7386353676742935,8600.0,0.4300658187395045,2,0.361,2
61000.0,0.9001966154961385,self_employed,0.3170265709744375,47,0.7341881979816146,11600.0,0.1131332879757392,1,0.19,0
14200.0,0.6119664730219647,self_employed,0.41659491417032257,43,0.9258054907013266,3200.0,0.06854411870258267,1,0.225,0
27100.0,0.8696099869420423,salaried,0.08785933011932295,30,0.8773245829314044,5900.0,0.14619065523994085,2,0.218,0
39300.0,0.6589108483490911,self_employed,0.32879957448799674,16,0.8988267084422731,11500.0,0.3409135983924016,3,0.293,0
33900.0,0.8872000277288936,salaried,0.17517577522157116,7,0.8829711024734208,9200.0,0.28165773502683067,3,0.271,0
20800.0,0.617527671539035,unemployed,0.43182995224787063,50,0.9226281714671828,10000.0,0.09964548451634651,0,0.481,1
21200.0,0.8058063561857409,salaried,0.324761186988756,35,0.5569690388292925,7300.0,0.3829509663496814,3,0.344,1
44400.0,0.7095057888707365,gig_worker,0.33660789152402104,43,0.9326782616163399,6100.0,0.48218629163234294,1,0.137,0
45400.0,0.6502240687098935,self_employed,0.06004377406450274,3,0.7517421697743,3300.0,0.43524999435844886,0,0.073,0
34300.0,0.6139492409565789,self_employed,0.20995765750593892,9,0.7779342724636068,10400.0,0.16367944796612088,0,0.303,1
18400.0,0.5396112341332098,salaried,0.2971069241982288,13,0.9752378175970386,12400.0,0.3478852373530938,1,0.674,1
21600.0,0.7172780641504304,unemployed,0.3979536631554951,43,0.9325312737518481,2800.0,0.17834278918334784,0,0.13,0
29000.0,0.8124150850081667,salaried,0.27220169382392695,53,0.6377428409863529,4600.0,0.2455910765252423,3,0.159,0
31200.0,0.9611310148091655,self_employed,0.3293783768865768,8,0.6913564116495514,2800.0,0.22427095479638362,0,0.09,0
38500.0,0.5935724304734973,unemployed,0.04876902402332312,27,0.7346124455310817,8500.0,0.22768952610951199,1,0.221,1
26300.0,0.495711310235547,gig_worker,0.26474457717735234,1,0.7466869144574094,14000.0,0.2698318806475032,0,0.532,2
43900.0,0.38788182217419875,self_employed,0.5989611472336369,12,0.54928804204143,6500.0,0.03667920509511521,3,0.148,2
43600.0,0.5088655621270421,unemployed,0.36167482463644035,16,0.7810840245933554,6300.0,0.3342149229662995,1,0.144,2
54200.0,0.7023572628842095,gig_worker,0.18988230624967173,34,0.5834039267282085,20200.0,0.06753696387083426,0,0.373,0
29700.0,0.6800143486173388,salaried,0.3298223128027418,53,0.8552420551922683,6100.0,0.4981408924394825,1,0.205,0
34600.0,0.7711527056085214,salaried,0.23291314894837226,9,0.6498223998284048,7100.0,0.316537746118571,2,0.205,0
27400.0,0.5234996111754139,salaried,0.3725925098472263,18,0.7527012957975958,11700.0,0.3220769239759018,1,0.427,1
18500.0,0.7784190351697063,salaried,0.4288126984910839,25,0.7006940327939819,5500.0,0.20015193417721028,1,0.297,0
74500.0,0.7703606911821439,gig_worker,0.371500438899744,9,0.6748680325121142,10100.0,0.17466332909863289,1,0.136,1
50900.0,0.5730715330827637,self_employed,0.352226515646087,101,0.8634756866537265,8000.0,0.2631941820803914,3,0.157,1
43200.0,0.592381504423185,salaried,0.21451631107426733,50,0.7940897872100232,2200.0,0.3562943794514878,0,0.051,1
29100.0,0.29713747338061924,gig_worker,0.16884054742645313,8,0.8807751851731729,200.0,0.2368368299602606,0,0.007,1
17600.0,0.8720884127292534,salaried,0.3572043943476867,17,0.9158115976601514,1400.0,0.22669466193651666,1,0.08,0
47000.0,0.641771241956037,unemployed,0.12394560775483884,6,0.7132544209162863,5400.0,0.19267114306044972,0,0.115,0
27100.0,0.7771090415830071,unemployed,0.254001107434327,17,0.8416190684609434,11200.0,0.04205779993604082,0,0.413,2
36100.0,0.6622507607707725,unemployed,0.45276749679771433,27,0.6837467292656049,4800.0,0.16368864901716432,0,0.133,1
21500.0,0.7576142074974568,gig_worker,0.6698112370584898,2,0.9755937964008048,4700.0,0.34908413290671475,1,0.219,1
33200.0,0.8383614372166761,salaried,0.49053053215784204,48,0.8316481332840737,3900.0,0.31400656395561355,1,0.117,0
22200.0,0.7098280727074674,self_employed,0.4851442371290871,21,0.43991556416996835,3300.0,0.3130906885209513,1,0.149,2
22700.0,0.7633582625301942,salaried,0.0617354825198027,109,0.4594117446329232,26300.0,0.48885415553961103,1,1.159,1
33000.0,0.8724958896467461,salaried,0.35177307902990523,0,0.7457964442421212,6000.0,0.05988017894098011,0,0.182,0
12300.0,0.7498052532280345,self_employed,0.3907716111487291,42,0.5994610454765328,3300.0,0.6782598345772707,0,0.268,0
12600.0,0.5797840086618884,salaried,0.18682322415814792,37,0.6012364922922329,5900.0,0.5133885218372952,1,0.468,0
19600.0,0.5044829534605119,unemployed,0.2658290182276381,3,0.8305042178734056,6400.0,0.23714997196222393,2,0.327,2
26200.0,0.66924524981356,unemployed,0.36230312184359803,9,0.3771360090789037,2300.0,0.09721220370494152,0,0.088,2
44500.0,0.5245514344085239,salaried,0.16208263698875913,51,0.855508922415286,13000.0,0.23043218077100472,1,0.292,0
27000.0,0.7950839619433079,self_employed,0.5102692303913396,17,0.7814989180601358,3800.0,0.16771044641297084,0,0.141,1
29100.0,0.2861145013176797,self_employed,0.42581489702680997,12,0.43688715832065883,12800.0,0.279717406938525,1,0.44,2
25100.0,0.5748826514942669,gig_worker,0.2664806671489481,56,0.5855786658475366,3400.0,0.17915906458612135,0,0.135,2
34600.0,0.760157198293643,self_employed,0.5119270571136847,2,0.8747924676856961,2800.0,0.13518349157910886,2,0.081,1
18400.0,0.7351954099847685,salaried,0.08671201929267879,15,0.7444565931626002,15400.0,0.31927705042068866,3,0.837,1
27700.0,0.7826958399251125,salaried,0.1782299900479034,25,0.633908749164815,13300.0,0.33467417384783027,2,0.48,1
35900.0,0.41555545613869715,salaried,0.3585303558420993,22,0.7531179733036365,3800.0,0.13086337509764975,1,0.106,2
32900.0,0.7786355405223672,unemployed,0.5238107692020291,7,0.7057387921442487,3300.0,0.29857968829735165,1,0.1,1
29500.0,0.520553987786562,salaried,0.3229658942263438,19,0.9532789287186069,8100.0,0.4071045054263889,2,0.275,1
29700.0,0.7950675011936752,salaried,0.39108359836670853,29,0.9162914721975101,1800.0,0.5350978299784962,1,0.061,0
37600.0,0.6135566763190784,gig_worker,0.09047529448001891,21,0.6427374190540572,7000.0,0.26282101607321573,1,0.186,1
76200.0,0.5943641376214134,gig_worker,0.39092771724234626,27,0.4900665182098604,11800.0,0.1382971184700733,0,0.155,2
19100.0,0.7027246211479126,gig_worker,0.5038872272109552,7,0.7398618532192629,3900.0,0.13543770859683588,1,0.204,1
77300.0,0.8230400516177594,self_employed,0.5667404281433126,42,0.9252168556427415,12200.0,0.2618568489833309,2,0.158,0
18600.0,0.6154390936695966,self_employed,0.1657474300897835,14,0.639651947697787,10900.0,0.3945783115444838,1,0.586,1
7300.0,0.4360130247787032,self_employed,0.19961134107949605,104,0.6757236876257134,7300.0,0.35897699078154816,1,1.0,2
22000.0,0.7175799011359543,salaried,0.27067249720698816,0,0.8829978336680104,20400.0,0.13664316525930226,1,0.927,1
34900.0,0.6635569561271767,self_employed,0.5315906206375944,11,0.9386728714347998,1900.0,0.3520518063777436,1,0.054,1
68500.0,0.6963731189654453,salaried,0.03766216114500195,4,0.8015867121550015,1900.0,0.22187474936966783,2,0.028,0
17600.0,0.9837069490752354,salaried,0.09300757241496752,19,0.7495858174387252,12000.0,0.3108746246903973,0,0.682,0
37500.0,0.7686149033847789,unemployed,0.16284802071173374,6,0.7911056537025811,1800.0,0.04496760756031961,2,0.048,0
13400.0,0.7892737374300461,salaried,0.2815970645194099,32,0.8689458039380905,4700.0,0.3926031935826205,3,0.351,0
67300.0,0.2846823742858305,unemployed,0.2601757356223757,51,0.8875749008519329,5800.0,0.08935823577698737,1,0.086,2
51400.0,0.8924318438363456,salaried,0.192105855116343,5,0.9000070627413037,11600.0,0.26980060945360207,0,0.226,0
22700.0,0.6010272733881218,salaried,0.10343177462194324,4,0.9381618213621257,5500.0,0.1915478709514482,1,0.242,0
10100.0,0.814758861364985,self_employed,0.3651265630611726,49,0.6854087377550634,1500.0,0.11564839391137333,1,0.149,1
55300.0,0.5856101061923027,gig_worker,0.26676623808006317,10,0.7952592174944576,8000.0,0.1845629198865422,1,0.145,1
27600.0,0.40321430223804294,self_employed,0.27206255558582193,13,0.9466326250705978,8500.0,0.013040872068698497,1,0.308,2
52700.0,0.6538880884041627,gig_worker,0.5369083589342619,5,0.8143947632056073,5300.0,0.11910253352201196,3,0.101,1
29400.0,0.5724410868252325,salaried,0.2573334234657683,13,0.7493007592888311,4100.0,0.18351629978697917,0,0.139,1
30100.0,0.6235128881609776,unemployed,0.28046987620624614,6,0.8720499516544817,10400.0,0.17041557905056795,0,0.346,2
23000.0,0.737558749061056,salaried,0.3255090994441128,26,0.757706742437352,6900.0,0.14227927780457716,0,0.3,0
39900.0,0.89082853685813,gig_worker,0.3472179289202708,16,0.7946760866590455,4900.0,0.19793069703135208,1,0.123,0
31200.0,0.5756410681674146,salaried,0.1752781872138589,37,0.9758221194240388,11600.0,0.2497779661877762,1,0.372,0
37900.0,0.8744558446561983,gig_worker,0.6527599941127533,9,0.9395243941223932,4900.0,0.32104225357338245,2,0.129,0
11500.0,0.9515464012938626,self_employed,0.10742678414557481,16,0.8455676409039059,5200.0,0.2920166985664989,4,0.452,0
53600.0,0.4761224187142375,salaried,0.46032399145758746,7,0.8663824450302923,2800.0,0.28769621332635625,1,0.052,0
60100.0,0.5612701201733983,unemployed,0.4086963878279839,65,0.9053093678013436,10900.0,0.17461942122890647,1,0.181,1
31100.0,0.7740425582786259,salaried,0.24083046957958493,17,0.6751176067338622,4700.0,0.5021868816754145,2,0.151,0
73600.0,0.7304672275934655,salaried,0.2646752723595481,4,0.7718291554409832,3500.0,0.28494739402912134,0,0.048,0
65300.0,0.8421567299162392,gig_worker,0.08014932572272415,7,0.7271742093942347,9000.0,0.1836862971432923,0,0.138,0
40400.0,0.6046338754750071,salaried,0.46826792821778573,2,0.985949296817739,2600.0,0.25917757610813896,1,0.064,0
55700.0,0.8241432391850111,salaried,0.2991473523712901,0,0.8989490055506608,5700.0,0.27898296071023754,1,0.102,0
48700.0,0.8435152415132332,self_employed,0.3849551819796011,17,0.9042992849802819,5500.0,0.3113682067292914,1,0.113,0
9800.0,0.6071245561113899,gig_worker,0.5672634981019297,9,0.8916890893026682,10900.0,0.3346257841698493,3,1.112,2
25400.0,0.8875810984738266,salaried,0.10154565168429103,79,0.9514922744095444,5000.0,0.4400714307267588,2,0.197,0
41800.0,0.6026377601492411,self_employed,0.22013457238917772,4,0.6337732137924981,10200.0,0.6157050005865206,0,0.244,1
62000.0,0.917282501889405,gig_worker,0.42785456559361906,37,0.7918007285748823,6600.0,0.058286532985081116,1,0.106,1
12900.0,0.8219949180825801,gig_worker,0.2174747390710751,9,0.5547291987688162,4200.0,0.2900640882356911,2,0.326,1
10200.0,0.9395740617132607,unemployed,0.27641023797101605,6,0.6422314297308431,21800.0,0.15038176066555073,1,2.137,2
28500.0,0.8333871188264497,gig_worker,0.36695083744491397,83,0.9145864834573668,5600.0,0.21080050641659215,0,0.196,0
7700.0,0.5204437025818998,self_employed,0.1478649406718276,38,0.4955173481287552,10500.0,0.19096768333188283,1,1.364,2
28000.0,0.9735883438631859,salaried,0.45651062428468964,23,0.8456347083721801,4400.0,0.08418035271453085,2,0.157,0
35300.0,0.8183118003875479,salaried,0.35425431039875294,28,0.7135358981498551,300.0,0.2467424445848198,0,0.008,0
17200.0,0.9002642090084697,gig_worker,0.4348977264114536,114,0.8364310913391036,7300.0,0.19163930046528999,1,0.424,0
28400.0,0.4720590556165168,unemployed,0.2687650341192779,21,0.5642141862356755,1200.0,0.0884349197009415,2,0.042,2
46500.0,0.48620114694750943,gig_worker,0.23235150017679929,2,0.8536008577953929,4700.0,0.2571282581245137,0,0.101,1
21900.0,0.8074063936671491,salaried,0.48518014442119195,1,0.8298923272648147,4800.0,0.11819407734820131,2,0.219,1
18800.0,0.3476878510616188,self_employed,0.057004002361786016,26,0.800873035760562,900.0,0.1271522411262301,1,0.048,1
27700.0,0.8092687615356334,self_employed,0.22172934070693107,25,0.7320361849630911,5400.0,0.41996746478274144,1,0.195,0
16200.0,0.5988116532400829,self_employed,0.13594097677213976,33,0.623891281166381,4500.0,0.05670005086343073,1,0.278,1
70900.0,0.8369795259978114,gig_worker,0.3091556027445841,2,0.8329156919992254,4100.0,0.25504175510955585,4,0.058,0
29900.0,0.7483684574018479,self_employed,0.20457098543971358,69,0.7419961168683931,3500.0,0.4010394079482779,1,0.117,0
19900.0,0.7870564128462004,salaried,0.3639315080033794,19,0.9241566190788957,4500.0,0.2943237738856971,1,0.226,1
32700.0,0.4861101696952921,unemployed,0.1932797896868606,25,0.649042303119128,7400.0,0.41002616739045555,0,0.226,1
27600.0,0.9432986755050043,self_employed,0.30146300283439464,0,0.6248979592664675,13800.0,0.15227207120611636,1,0.5,0
26100.0,0.955613181360996,salaried,0.14147242459857204,77,0.7284506345251637,6700.0,0.0473639560016981,0,0.257,0
21900.0,0.6606616399508951,salaried,0.299727554917448,19,0.3009581410640858,8500.0,0.24740435973124042,1,0.388,1
21400.0,0.8216328587745573,unemployed,0.06316883843980473,19,0.9676053436487622,2400.0,0.25158379051891216,0,0.112,0
11700.0,0.4802894130564633,gig_worker,0.48152814894248486,68,0.7607396759326507,15500.0,0.22009004856250874,2,1.325,2
55600.0,0.7459992230556963,salaried,0.3674955437664917,63,0.7942831595426305,1600.0,0.19657574965506952,2,0.029,0
39100.0,0.7044123072476127,salaried,0.5225757185933737,5,0.7996321509826846,9700.0,0.1081892764592069,0,0.248,1
34400.0,0.4463279094757863,salaried,0.2573631285990015,64,0.9347033520816003,1700.0,0.19321094055835378,1,0.049,0
27400.0,0.6692789636398748,salaried,0.578907887648985,32,0.898322306224163,500.0,0.0679733267293698,0,0.018,0
17000.0,0.7289757461027863,self_employed,0.5074161515249032,0,0.6282560837423738,1100.0,0.7920104048492228,2,0.065,1
19200.0,0.5718197701313311,self_employed,0.3678151075718677,6,0.9467860977127484,18700.0,0.11399030079853568,0,0.974,2
12500.0,0.6791527304551781,self_employed,0.39727474828746984,12,0.962802848831095,3800.0,0.14084529049363864,0,0.304,1
20500.0,0.9083242255805124,gig_worker,0.062283298456237896,20,0.6858732186799903,7000.0,0.2916157234151194,1,0.341,0
15700.0,0.868356594030242,salaried,0.27777955955301087,29,0.9450064021779475,4300.0,0.051929442873068235,2,0.274,0
63500.0,0.6196801815300556,salaried,0.33310339247658827,5,0.658574722547044,2000.0,0.41666119051551553,1,0.031,0
45000.0,0.681971597698273,salaried,0.07449331505960147,43,0.8465360218331961,8500.0,0.30083516345905753,1,0.189,0
30500.0,0.7864392651846966,salaried,0.28070801362383285,44,0.6142091542089255,6200.0,0.6444076284039649,0,0.203,0
18000.0,0.8548519454063352,salaried,0.31983388531700396,24,0.9592236782783525,4000.0,0.1453109156083502,2,0.222,0
16100.0,0.807183377561672,self_employed,0.13971520720800626,60,0.6097981152458762,4500.0,0.13441334353085554,2,0.28,1
26500.0,0.8137081254326588,gig_worker,0.3237737001913156,40,0.6462992734080766,2200.0,0.07881459143705395,1,0.083,1
45900.0,0.5968517757946834,gig_worker,0.2623032100006756,6,0.7547526233190358,9700.0,0.26599234504019903,0,0.211,1
12700.0,0.8790493145802168,gig_worker,0.33779639641351455,38,0.6062614152564532,3800.0,0.23837972450477687,2,0.299,0
38800.0,0.9837699620890556,self_employed,0.3049209319049973,73,0.7197501753327161,6400.0,0.07120791382153319,3,0.165,0
20500.0,0.795033405956374,gig_worker,0.18055308718132787,3,0.6505007016611183,2600.0,0.15114798256376338,2,0.127,1
22500.0,0.7050730384399668,salaried,0.2476417512523962,92,0.9016450671513093,1100.0,0.19935644641377126,1,0.049,0
30100.0,0.4210123599318554,unemployed,0.3525674619010776,0,0.5860252967276841,6200.0,0.4917043382139553,1,0.206,1
18400.0,0.7374326037650152,salaried,0.15175351214878335,17,0.9077753158294763,5900.0,0.4171684467091026,2,0.321,0
25800.0,0.37723506930194756,salaried,0.3901581147202767,35,0.8141766475287183,5300.0,0.11787462320184328,2,0.205,1
17500.0,0.7300800783028487,salaried,0.16415601170584918,37,0.9463458612637377,7500.0,0.16593060324836487,4,0.429,0
21400.0,0.4351102325021249,unemployed,0.3744026821854264,31,0.8626298873942757,3600.0,0.2555405728833715,1,0.168,2
42500.0,0.8848777124245332,unemployed,0.4574913106350933,18,0.7088618559452724,3700.0,0.16703977987572638,0,0.087,0
30900.0,0.46051745537017785,gig_worker,0.13226676914801364,25,0.7489382449352249,15000.0,0.23739229283471028,1,0.485,1
42400.0,0.732544857187541,self_employed,0.2912575276847966,28,0.6045071391604305,2900.0,0.19254092784907118,2,0.068,1
20300.0,0.786036177103516,self_employed,0.38182877559559114,16,0.7126618556795609,4100.0,0.4019903133215264,2,0.202,0
39000.0,0.3993002281212786,unemployed,0.37968248321235165,21,0.7917614093573582,9700.0,0.34461683623766665,0,0.249,2
10800.0,0.66695722398668,self_employed,0.27847468200347614,44,0.6845009421234239,8000.0,0.14720474906984976,0,0.741,1
30100.0,0.9723106507521171,unemployed,0.07880435319605283,9,0.9642264448714697,4800.0,0.09267554030064112,1,0.159,0
40200.0,0.4613883678756335,salaried,0.4162981707125929,17,0.41199321176246995,4300.0,0.49532930670115444,0,0.107,0
10500.0,0.581724737531582,salaried,0.3353999559341444,0,0.5471822751091431,3300.0,0.1897768607834644,1,0.314,1
20400.0,0.7248814533658748,gig_worker,0.32019327091944894,27,0.8017435266328967,7600.0,0.2883418888899059,1,0.373,0
30100.0,0.6592672439971866,salaried,0.33076678711094243,5,0.8579284634825812,6600.0,0.20423842858545924,2,0.219,0
47600.0,0.935463541251047,unemployed,0.4992582891616422,15,0.6187987596714559,2100.0,0.1482605989696738,0,0.044,1
21400.0,0.8446269019801746,self_employed,0.3130366516095614,5,0.9408611234782572,7500.0,0.28949007258724335,5,0.35,1
38200.0,0.7698682840989942,unemployed,0.33320817236633826,0,0.7533873885130156,7700.0,0.23457726159217515,4,0.202,1
57400.0,0.3687462739161323,salaried,0.17475868709977868,15,0.7721546429534665,5400.0,0.2521912240229184,1,0.094,1
39100.0,0.7112583497261287,gig_worker,0.3926098404840444,13,0.7089471468921853,4800.0,0.2916387744031373,2,0.123,0
26300.0,0.8342279457029107,self_employed,0.08963393740520846,13,0.37075012333793,17300.0,0.0996415747791696,2,0.658,1
35400.0,0.7155654385633339,self_employed,0.3823553402259325,5,0.5776945222862715,4700.0,0.11473102533101841,0,0.133,1
21000.0,0.5710407366544537,self_employed,0.19787706658996104,70,0.726031589733067,4000.0,0.24475752360761474,2,0.19,0
30700.0,0.711048000573034,unemployed,0.36908271236845164,0,0.7024179682958154,6900.0,0.3497433145623602,0,0.225,1
27000.0,0.7210320599704997,self_employed,0.09260571838128802,53,0.7469129154698694,3400.0,0.18763807131510576,3,0.126,0
34800.0,0.5294196236276489,salaried,0.01987223927186331,32,0.7474449717487003,5500.0,0.21430688015448482,4,0.158,1
23500.0,0.8456398726568405,unemployed,0.41222869912098814,4,0.7906222073179172,7200.0,0.12250724832590715,1,0.306,0
35800.0,0.5561314596701195,salaried,0.20799673669143634,15,0.606210077819591,15100.0,0.14998337621311233,1,0.422,1
23300.0,0.7116201586572609,salaried,0.46687535215159537,107,0.8771994893331375,5600.0,0.15788569664756547,1,0.24,1
44800.0,0.5592267803459261,salaried,0.3646448009270705,24,0.6735942237176464,7500.0,0.2603751129716796,1,0.167,1
24600.0,0.9043185174223048,gig_worker,0.4106726261886898,3,0.6046615738936042,3700.0,0.27155600215124825,3,0.15,0
7900.0,0.5552393484674638,salaried,0.32473405592671795,14,0.7618231494549127,8500.0,0.5389448686565473,0,1.076,2
16400.0,0.497784678224708,salaried,0.3725128351394587,15,0.7359780903232992,9000.0,0.28634989690936885,2,0.549,1
29600.0,0.6262873895257598,unemployed,0.24782172127411795,38,0.803147783964626,8800.0,0.5465133831275909,0,0.297,1
63200.0,0.5664151797922046,gig_worker,0.14980484234836589,59,0.7157835408642526,5100.0,0.19496020822242197,0,0.081,1
44000.0,0.9067501457354192,salaried,0.10434179045739755,2,0.5861804422064931,5600.0,0.05373538578360112,0,0.127,0
6800.0,0.5789930873642896,gig_worker,0.15081627696425023,9,0.8770053831539976,5500.0,0.16399508475827515,2,0.809,1
12000.0,0.953021245280425,unemployed,0.36844757332880507,8,0.8558054042585744,2200.0,0.29334686255609277,0,0.183,0
50600.0,0.6702354565605352,salaried,0.5532589578169403,132,0.7680484368387249,7100.0,0.39351155931839543,3,0.14,1
40100.0,0.8334469743157716,gig_worker,0.1514567248634104,19,0.8204504928751079,2000.0,0.3266296999465052,2,0.05,0
79700.0,0.5963369057273623,self_employed,0.3478536537810986,50,0.9102772829556866,5800.0,0.22499911153054594,1,0.073,1
22800.0,0.8973647510856426,self_employed,0.212957703650914,13,0.9141353680880571,5100.0,0.14868884392887383,1,0.224,0
18100.0,0.7856230293527416,self_employed,0.2646815483290662,30,0.6450541684130814,10400.0,0.2188376663672735,3,0.575,1
30400.0,0.5791068113260163,self_employed,0.19145549514606863,8,0.8999240938922791,4900.0,0.22303113730988647,2,0.161,0
22600.0,0.9392291867872722,salaried,0.18331703897922585,58,0.9128979164230151,13100.0,0.07893996330244474,3,0.58,0
48300.0,0.6194388581031283,gig_worker,0.3979274741628643,14,0.8136059304253882,4400.0,0.43758391616424225,3,0.091,0
22200.0,0.6601170365435675,salaried,0.05567752171192627,39,0.805468099638658,2100.0,0.1860583784811137,0,0.095,0
25400.0,0.7968482210536053,self_employed,0.2834696379206108,7,0.9842213784958624,800.0,0.07080430991163161,1,0.031,0
16700.0,0.6121369004156112,salaried,0.10280817811985313,28,0.9215857012329994,13700.0,0.5582474065758928,1,0.82,1
42500.0,0.38039559662909184,gig_worker,0.3085239660144231,12,0.9269030049076308,1800.0,0.2983825992091002,3,0.042,1
17400.0,0.9512033873511112,salaried,0.3875415664268805,0,0.8221242956616555,5200.0,0.27327635404894346,1,0.299,0
36100.0,0.5598724949936699,self_employed,0.40203473449990573,12,0.8705269287793155,2400.0,0.08116879640771331,2,0.066,1
68500.0,0.46599243131676094,salaried,0.14665795888138722,19,0.8894110340892027,8800.0,0.5003652042444546,2,0.128,0
9700.0,0.8174878728264835,gig_worker,0.08012736288504588,3,0.7035270812198307,4600.0,0.10038079358009351,1,0.474,1
58700.0,0.7264607251004928,self_employed,0.01690423071699733,4,0.7489041203407832,300.0,0.21581803304640018,0,0.005,0
33800.0,0.7052062817307333,gig_worker,0.07623467844825255,15,0.5941903101989573,13500.0,0.32112455766892384,0,0.399,0
15200.0,0.7640971688466464,salaried,0.6009792841900337,10,0.6316077549885981,2900.0,0.6078758154270378,1,0.191,1
31000.0,0.8914619256913529,salaried,0.44754951798636206,13,0.8067258253508718,5300.0,0.23363430709311786,2,0.171,0
41900.0,0.8062543950703975,self_employed,0.3630815700196507,14,0.7583474088149519,5000.0,0.18456798449344047,2,0.119,1
18800.0,0.4042298109504714,unemployed,0.0392006634889049,3,0.6088990204654101,1800.0,0.5105533027009009,1,0.096,1
37200.0,0.34830321983529233,salaried,0.2525526438234868,4,0.872537627160049,9400.0,0.1753373084119988,1,0.253,1
61100.0,0.8727248613745506,salaried,0.14250145725645744,45,0.8226020125618773,1900.0,0.09208914993859149,1,0.031,0
22200.0,0.993359797536034,salaried,0.16153706214791233,4,0.8276740842942074,13600.0,0.16802325107119245,0,0.613,0
16600.0,0.8166893250664542,self_employed,0.32568550544794866,26,0.7261024971832346,5600.0,0.29086955822816485,0,0.337,0
27400.0,0.6688321591742876,salaried,0.5290793950242473,13,0.5774165439804748,4300.0,0.05821771233923057,0,0.157,1
30200.0,0.7504466266659039,gig_worker,0.5429199654009844,82,0.7632066779065224,5100.0,0.33138860575813484,2,0.169,2
49500.0,0.7080396394760079,salaried,0.6741359104751276,1,0.9271194342506883,4000.0,0.5709956901503663,0,0.081,0
27000.0,0.7632037634096844,salaried,0.2000403741874933,42,0.7001915240264889,6600.0,0.348957175039106,3,0.244,0
23300.0,0.7995550182912067,salaried,0.18214276589394976,16,0.7475100926026784,2000.0,0.0922052128102591,1,0.086,0
16400.0,0.7166844317894362,self_employed,0.3363410263719892,0,0.8054103812576993,14300.0,0.049144208255209765,1,0.872,2
10600.0,0.6627080646467055,self_employed,0.2810257192003524,7,0.6460896610527844,4900.0,0.5947016960922382,2,0.462,1
13700.0,0.8631649310442707,salaried,0.310987022962466,12,0.6419687178666904,5300.0,0.0808881001458923,0,0.387,0
13600.0,0.6402207834695786,unemployed,0.12583806373384068,9,0.6596928014222859,3800.0,0.1128552475206348,3,0.279,1
25500.0,0.6665211472637623,salaried,0.2020012395889329,10,0.6605239546386228,6900.0,0.35975749602003254,1,0.271,0
11800.0,0.8391268910116445,gig_worker,0.3089424925270999,59,0.6613112522716912,7100.0,0.25647409267876525,2,0.602,1
28500.0,0.8790217848091557,self_employed,0.29492008123419994,10,0.4857035750904487,7500.0,0.1514615619198143,3,0.263,1
67800.0,0.866903627507175,salaried,0.3976753568097982,13,0.812849201731857,2000.0,0.03378237147645271,0,0.029,1
50200.0,0.8048009191968933,gig_worker,0.39875953904230566,34,0.9688028001394465,1500.0,0.280845091312297,2,0.03,0
25400.0,0.8238885908443171,gig_worker,0.10602914202671841,37,0.8594209301008313,10200.0,0.165752397792039,0,0.402,0
89100.0,0.6318173064337346,salaried,0.13847974917895178,2,0.8031369694721564,12200.0,0.22214781892928123,2,0.137,0
30200.0,0.49528599420725433,self_employed,0.1904455815761827,29,0.839339183986165,2200.0,0.4216430204162426,0,0.073,0
32500.0,0.3465218421600357,salaried,0.2891215448946202,15,0.7484982335483069,2900.0,0.38528249747294324,3,0.089,1
27200.0,0.842468951376209,self_employed,0.10270598396502936,3,0.5660871539459414,1400.0,0.4657758473550315,3,0.051,0
28800.0,0.7571200686421355,salaried,0.11106467527140834,7,0.867710496740806,6300.0,0.42741170208937246,2,0.219,0
21800.0,0.6061866368372596,gig_worker,0.27017603544439456,1,0.75234617714243,3700.0,0.285240601964541,1,0.17,1
25600.0,0.7928134019355718,salaried,0.18202358074134217,10,0.41866315717744407,1800.0,0.10557630814440508,0,0.07,0
58900.0,0.5435990766381953,salaried,0.5579843194350199,7,0.7917914669529634,1000.0,0.16307213675220222,0,0.017,1
52900.0,0.8888276682275914,salaried,0.08052044628974828,11,0.9318848983356377,2900.0,0.20039896045809222,1,0.055,0
7700.0,0.21077005743528063,salaried,0.6454535126689132,20,0.8130747455089415,4300.0,0.3857812282407788,2,0.558,2
12600.0,0.6285405798152317,self_employed,0.1325818374187735,31,0.7237418838931186,1300.0,0.3149840363200664,2,0.103,0
19000.0,0.9651993778070326,salaried,0.3902661280724584,22,0.8927439690146175,2100.0,0.4449053438754636,2,0.111,0
46100.0,0.5374880889938101,gig_worker,0.6441400043350626,27,0.8863011859746045,13000.0,0.10645996364015939,3,0.282,2
53400.0,0.9634973558817113,salaried,0.15838391798861695,48,0.5244969920498173,1400.0,0.39754982432167857,3,0.026,0
41800.0,0.4561263340756771,gig_worker,0.35750101053005545,49,0.7096009790583127,3200.0,0.31925833930239256,3,0.077,2
15200.0,0.5902830501694182,self_employed,0.17107718868836427,47,0.682630963559119,3100.0,0.3524150253411639,1,0.204,0
22000.0,0.6330865375130583,unemployed,0.3180991875417314,3,0.8171823718778997,8700.0,0.6385333672498824,0,0.395,1
37500.0,0.8616603613588479,unemployed,0.38321626887804827,6,0.47888646440615845,500.0,0.2668533842670446,1,0.013,1
25800.0,0.6707284040904896,gig_worker,0.36842887951630443,16,0.5702928712653098,8200.0,0.37224784718536813,0,0.318,1
24000.0,0.4330558808389993,gig_worker,0.05228069674690489,10,0.8732924726894707,18900.0,0.054737966912145275,2,0.788,1
24100.0,0.9258407324563575,salaried,0.13681178456453563,3,0.6774042905838992,5100.0,0.18810599905341574,3,0.212,0
50900.0,0.7916029708257682,gig_worker,0.06442383417384595,8,0.8790947774760264,8600.0,0.171010433238813,0,0.169,0
39400.0,0.7818578125463932,unemployed,0.2357730973266086,88,0.5989682770428438,10400.0,0.134527307749425,2,0.264,1
24800.0,0.74763503477815,salaried,0.6496212477099915,10,0.9801350158216966,4900.0,0.1707419463595983,2,0.198,1
34600.0,0.8779600145843695,self_employed,0.5781795571186816,13,0.5541707784423577,2700.0,0.19639155872315747,1,0.078,1
14000.0,0.27017070503079554,salaried,0.23813541095651308,0,0.9089745801903195,4500.0,0.17504748905979708,1,0.321,1
22000.0,0.7767086040534031,self_employed,0.12110804994961372,30,0.46962840231226344,7200.0,0.13750605710764535,1,0.327,1
48500.0,0.9005588229237194,self_employed,0.6540163187308766,12,0.875916288419155,3100.0,0.09270284371098625,1,0.064,1
11400.0,0.6680759183421131,self_employed,0.6276852842463181,2,0.8023800192277168,200.0,0.053085850939417256,2,0.018,1
39600.0,0.5927323387092722,self_employed,0.1899741549230756,83,0.6293470462480706,2200.0,0.13498268758481585,1,0.056,1
7600.0,0.7137215928506621,unemployed,0.12016957554501873,36,0.6992044473659841,5700.0,0.5722834967592358,1,0.75,1
63800.0,0.4317584724521915,self_employed,0.23396932350557453,31,0.7636371945287359,5500.0,0.4693570806956318,3,0.086,1
21800.0,0.571151758629262,gig_worker,0.08378795329777465,76,0.671692330260139,2000.0,0.17954474399502976,0,0.092,1
35900.0,0.9482248970456261,salaried,0.1951863236592688,12,0.8570515579287706,3200.0,0.30343239419872914,1,0.089,0
31100.0,0.7522362648666774,salaried,0.04785057026760005,30,0.4367777961144504,1000.0,0.26983122835689183,2,0.032,0
31700.0,0.4879278711195295,self_employed,0.14157400130164982,5,0.885650991823454,4100.0,0.16021163024775897,3,0.129,0
34300.0,0.5257224486295198,salaried,0.1936483738478161,28,0.6908765909007876,3300.0,0.11787437801067205,0,0.096,1
10200.0,0.8348334604650982,salaried,0.4893291935769541,0,0.6540661144456932,3700.0,0.1271295955196207,1,0.363,1
32000.0,0.9000582915507944,self_employed,0.27996091458782524,3,0.5535669395730265,18100.0,0.14005375759194452,2,0.566,1
26600.0,0.6762945674674186,self_employed,0.2050464099149696,13,0.8487689719697197,5200.0,0.41444834022202937,1,0.195,0
21800.0,0.7544775160333214,self_employed,0.1802987558963546,0,0.42776211538400405,1500.0,0.37687495677555033,0,0.069,2
19000.0,0.8194451865493063,salaried,0.623871701186929,14,0.9937927013113045,6200.0,0.10200376402985528,1,0.326,1
32400.0,0.9153353530594346,salaried,0.13200332811747467,17,0.9370272929380145,3800.0,0.20975811011259707,1,0.117,0
16800.0,0.744829126952747,self_employed,0.029452961229265957,23,0.7718269242081087,2500.0,0.33441302666167644,2,0.149,0
48100.0,0.9705921988826015,salaried,0.4549897444243035,2,0.5365910745425535,4400.0,0.05970790728735814,0,0.091,0
37200.0,0.8639120985690684,salaried,0.21961767196415347,4,0.6692692241494386,11700.0,0.3360134536921798,0,0.315,0
33400.0,0.450447887314918,salaried,0.17666991425942424,22,0.8999151199736554,1000.0,0.13666281993998838,2,0.03,0
47100.0,0.7947518331255333,salaried,0.15895628245118673,25,0.7829256942967715,500.0,0.06260342704238285,0,0.011,0
9200.0,0.8713294828571705,salaried,0.2885959035359601,0,0.9391909713501949,2600.0,0.16682727429713903,0,0.283,0
13800.0,0.7634166107949779,salaried,0.4299456368140504,18,0.5928632348124347,4000.0,0.441517313953236,1,0.29,1
38000.0,0.6886520526209361,salaried,0.42395192538913246,36,0.5279307687816812,3600.0,0.21226617729026118,3,0.095,1
19600.0,0.32017874505216665,self_employed,0.347006403864722,1,0.5333778950302367,3500.0,0.297920560590803,0,0.179,2
20900.0,0.6676339882075221,salaried,0.4848675834949434,12,0.7437216071124148,2700.0,0.0604738219148644,4,0.129,1
12600.0,0.6595941948721804,salaried,0.12847658653575367,9,0.6214909386469503,9200.0,0.10174596811361164,1,0.73,2
16800.0,0.7560552263672048,unemployed,0.023554387276685344,58,0.8166129489647785,5600.0,0.10680859521702209,2,0.333,0
48600.0,0.6871978936554597,gig_worker,0.5244071210320529,4,0.824021496019684,10400.0,0.07225685119497202,0,0.214,1
37600.0,0.8315954784561848,salaried,0.20208437928586767,9,0.7292392063672521,600.0,0.01788926246005968,0,0.016,1
32300.0,0.37497099147569213,unemployed,0.47528472937166355,54,0.5923921675813623,3300.0,0.430342043371581,0,0.102,2
21400.0,0.9669308539188451,salaried,0.07332241403506419,9,0.8862850982826049,5200.0,0.311497856211347,1,0.243,0
31200.0,0.8479104094798048,salaried,0.287775642922321,18,0.7990867442576842,1500.0,0.40162599174064784,2,0.048,0
50700.0,0.940702277645234,unemployed,0.15045522171733397,0,0.8786541152526343,3600.0,0.07617591112748155,0,0.071,0
19800.0,0.6526470954294097,gig_worker,0.26898171891018247,100,0.9603945779497157,6600.0,0.08641337003157055,0,0.333,1
28800.0,0.8445906313931726,self_employed,0.35832994313635225,41,0.857371411336463,12400.0,0.39489676834663173,1,0.431,1
65700.0,0.7911618478792362,self_employed,0.39567364912066916,24,0.6524628969417114,12200.0,0.31622949034600856,0,0.186,1
41600.0,0.67452585517458,self_employed,0.22579290795573537,1,0.9431185926352674,11100.0,0.4154847528434946,0,0.267,0
21500.0,0.6040163037057613,salaried,0.11756201872993866,1,0.7731796864989351,13600.0,0.16414798030124458,1,0.633,1
39900.0,0.6296381082466804,salaried,0.22173556953792262,18,0.5275301046250093,300.0,0.18743870392606957,1,0.008,0
11300.0,0.734355779443418,self_employed,0.5579356064029009,8,0.800819370860178,800.0,0.09929895127309991,2,0.071,2
28200.0,0.6187461145453012,unemployed,0.28270806643601215,23,0.9612435409327339,3200.0,0.3669646629241745,1,0.113,0
39900.0,0.9776803983321808,salaried,0.054701487328716866,21,0.7699200840733738,1700.0,0.4373981873536977,2,0.043,0
35600.0,0.8130673109206967,gig_worker,0.1897016136725831,43,0.8833749594942479,5700.0,0.067017196419092,0,0.16,0
39700.0,0.2695117662469396,salaried,0.31059725894419804,7,0.8382244553372428,17000.0,0.26890564602995803,1,0.428,2
44100.0,0.6512237422292587,self_employed,0.5236719132330944,20,0.8928188839367418,700.0,0.1302319398378369,0,0.016,1
36900.0,0.723615703739155,self_employed,0.6056712942489574,36,0.8210290279661727,2800.0,0.640288568170505,2,0.076,1
36400.0,0.6755205048327139,self_employed,0.3927676600499421,16,0.7005788418963935,4100.0,0.2740657146097667,0,0.113,1
32600.0,0.7036254297592333,salaried,0.1687496947835878,42,0.6098902166589226,1000.0,0.05120100296344941,0,0.031,0
15700.0,0.4694618666641385,salaried,0.15674189527318258,3,0.7278383817206688,7800.0,0.11893671487818101,0,0.497,2
48600.0,0.799150743471638,self_employed,0.2592163054706376,31,0.7268257426374686,4600.0,0.10523693648074733,2,0.095,0
28700.0,0.784819389608988,salaried,0.27165131397518805,68,0.9514924692334118,3100.0,0.2520437922686326,2,0.108,0
41100.0,0.5862926018204664,salaried,0.17264592735888445,9,0.8709662855295781,6300.0,0.12794526184087593,0,0.153,0
46200.0,0.8206380053025989,self_employed,0.06665682545990469,10,0.9006252686717563,8500.0,0.39015733879767045,0,0.184,0
22100.0,0.69282343611438,self_employed,0.35044717973299666,2,0.7107976594500467,5400.0,0.40592301887140064,0,0.244,0
23200.0,0.8530747044823564,salaried,0.16453284144335403,24,0.8586720133463166,5500.0,0.3598237193497104,0,0.237,0
24800.0,0.4334925955070954,self_employed,0.3698122869115693,19,0.9032944478727306,4500.0,0.1515554573781879,0,0.181,1
53100.0,0.9572995594283659,unemployed,0.3378920092294442,0,0.7428687456798494,5800.0,0.21008822230002588,1,0.109,0
17700.0,0.5054911910850199,salaried,0.506867287556125,33,0.7771577205210135,9900.0,0.20766118982228185,2,0.559,2
57600.0,0.6211391015052333,self_employed,0.6239588197376866,42,0.8227403832062984,17500.0,0.061173127754498936,0,0.304,1
32400.0,0.5540273330535739,salaried,0.08474140765469339,57,0.6380961385044778,21900.0,0.6771491621863993,0,0.676,0
33600.0,0.5786331624542137,salaried,0.11709974724569257,18,0.6638103105650076,5500.0,0.1642816015362737,3,0.164,1
45200.0,0.7502769773331267,salaried,0.5786316203060736,14,0.6755586593343108,5600.0,0.5714642443046803,0,0.124,0
30600.0,0.24519076250283484,salaried,0.43611304258553696,50,0.748567376014941,10500.0,0.2855145819478301,1,0.343,2
48900.0,0.8744216611775963,gig_worker,0.11128012016957353,12,0.7318080776989238,2000.0,0.13813380393009508,3,0.041,0
22100.0,0.801696357442288,salaried,0.5933736864973177,25,0.896786073571933,14600.0,0.3782668979360278,2,0.661,1
56700.0,0.5298823682852857,self_employed,0.07509889096827092,22,0.7409030788954933,5300.0,0.14011876852865296,0,0.093,1
23000.0,0.5104881641731931,salaried,0.09459388871090241,11,0.823046161039301,1400.0,0.440985635111991,2,0.061,0
57700.0,0.7606420436771293,salaried,0.22454890552126427,2,0.9476008820853273,800.0,0.34019676238137114,1,0.014,0
23400.0,0.8362185109857613,self_employed,0.44363395212100704,0,0.7712535533781621,2700.0,0.3342783348374612,0,0.115,0
25200.0,0.6471380203744084,gig_worker,0.192811294789848,13,0.4892081013511975,3300.0,0.11669104816956878,3,0.131,1
16500.0,0.6104343072378211,gig_worker,0.33706353050770915,15,0.8388922321959444,5500.0,0.14195330289885885,2,0.333,2
19100.0,0.36795702889850435,gig_worker,0.042072273895501576,41,0.8054950129346937,11100.0,0.3819473414811294,0,0.581,2
28800.0,0.8935713702017357,salaried,0.697848837359444,12,0.7716471927131592,6500.0,0.551327406989262,2,0.226,0
33100.0,0.7362077612749135,gig_worker,0.17460375963845767,7,0.7975623194907141,8800.0,0.2582158245282286,1,0.266,0
47100.0,0.7886463829989471,salaried,0.34429637504444843,14,0.8275433607606668,7400.0,0.17208652201912106,2,0.157,0
26200.0,0.5209116928646226,gig_worker,0.2917576458790482,6,0.9433048808241753,1300.0,0.16380256336528748,1,0.05,0
15300.0,0.6020951066467572,unemployed,0.28486621982836935,2,0.8442631606648814,4300.0,0.21005773012354975,0,0.281,1
35600.0,0.9188235181573553,salaried,0.10801822285026894,2,0.7970940481479203,1700.0,0.16533506063842657,2,0.048,0
32000.0,0.8854403147668354,salaried,0.04661504902589808,9,0.6035515618734535,4600.0,0.19361343568328068,3,0.144,0
37500.0,0.5306765373065491,self_employed,0.1614682699496623,0,0.7775032706388644,4000.0,0.023111470953598223,3,0.107,2
20600.0,0.6973258640562366,gig_worker,0.3656270303848698,5,0.7558182576182992,3700.0,0.30899039964413283,2,0.18,1
21900.0,0.6437176935918093,salaried,0.17904701710350618,37,0.8777060579312413,10800.0,0.23167959468142796,0,0.493,0
20600.0,0.7579505985051994,unemployed,0.425107670243151,6,0.7135585624832411,6200.0,0.36838401447589847,1,0.301,1
51600.0,0.614888194286132,self_employed,0.4123963163752194,2,0.9468997126076352,13500.0,0.03695552654353916,3,0.262,1
56900.0,0.46898483846745365,salaried,0.059611292333374456,71,0.7743684190764875,3400.0,0.11748126200127687,1,0.06,0
21400.0,0.9400780534563752,salaried,0.21658576593355913,23,0.8172575261426048,2400.0,0.5001836892710662,3,0.112,0
21700.0,0.6946807474527034,gig_worker,0.3340665661667239,1,0.6452563454815702,1700.0,0.23743887932104796,0,0.078,1
40100.0,0.9035677478561216,salaried,0.1400794166551035,1,0.8594292596307388,9200.0,0.33942025557281424,2,0.229,0
60000.0,0.5302655145908947,salaried,0.5027814809555098,22,0.7147340514681944,3100.0,0.15258117097807805,2,0.052,1
66300.0,0.8999349104050788,self_employed,0.22375928328549038,18,0.6011370906011444,4500.0,0.2413651120088382,1,0.068,0
20900.0,0.7681257470298541,self_employed,0.0738717903694755,1,0.4776845618771612,12500.0,0.297386812874005,3,0.598,1
23800.0,0.6804534277927826,self_employed,0.5060365497979403,6,0.8420831933842076,9000.0,0.08167535432273594,1,0.378,1
33900.0,0.812201189663318,salaried,0.31348341224727855,63,0.6076878264861538,1400.0,0.18599592005195395,3,0.041,0
34800.0,0.6262329344502486,gig_worker,0.2808618374679584,20,0.5107805795490723,7300.0,0.11499747324949619,0,0.21,1
26700.0,0.9163448903610876,unemployed,0.241507771884786,13,0.8146839753162398,5500.0,0.0932120754858838,1,0.206,1
18700.0,0.8120745736118636,salaried,0.09951354423974916,6,0.5428105504540653,12900.0,0.15493209211897868,0,0.69,1
28800.0,0.636379632910225,gig_worker,0.1648453712376931,3,0.9006649539376429,3500.0,0.07059007131777817,0,0.122,0
66300.0,0.7230640038909719,unemployed,0.030807573118564285,12,0.8996432410761188,5200.0,0.21718316040381289,0,0.078,0
22100.0,0.7552304453870964,self_employed,0.31855911667625725,61,0.9236214903393848,12100.0,0.1200079257709796,1,0.548,0
32900.0,0.7057120432088156,self_employed,0.20576388118306282,1,0.933172631104677,4600.0,0.7654507004902823,0,0.14,0
87600.0,0.9455379692993678,salaried,0.1150946068540568,112,0.6169301345668716,5400.0,0.5015586208547662,1,0.062,0
21900.0,0.9083679028714438,self_employed,0.07823213671756245,5,0.7897513154882598,5600.0,0.5875414101680824,1,0.256,0
41100.0,0.9392234363646362,self_employed,0.1255775224601919,12,0.8858022433172342,11600.0,0.1278332435210465,1,0.282,0
67700.0,0.7911950663421385,gig_worker,0.15740068366348808,1,0.6134435090793806,2300.0,0.31180654656587775,3,0.034,0
39300.0,0.7152166431978676,unemployed,0.16633826328759604,21,0.8815183750837409,13100.0,0.24914881551056228,2,0.333,1
49800.0,0.43587508828299204,salaried,0.5283935922320875,15,0.8933078636436639,5500.0,0.47552969993248156,0,0.11,2
43800.0,0.5837203006136553,salaried,0.17343015875687368,26,0.7609787578094044,22300.0,0.07345363740382584,0,0.509,1
37800.0,0.7572049814886784,salaried,0.17678433491762327,18,0.8384028068756347,15000.0,0.47832329661705514,3,0.397,0
56000.0,0.8255660590819341,gig_worker,0.44461231091560843,12,0.8493146309237292,5700.0,0.3474132798403491,2,0.102,0
40400.0,0.6603269690106119,salaried,0.12082080533534732,32,0.5699619236163062,4700.0,0.22005769041338352,2,0.116,1
26800.0,0.8269326196943355,self_employed,0.7004108961243839,0,0.5319391386567032,3000.0,0.23268878287934724,2,0.112,2
31600.0,0.6918111801524617,salaried,0.1630117175252163,18,0.7780475293759214,4000.0,0.10855115402896862,2,0.127,0
35400.0,0.6871398820193536,self_employed,0.32754568295234,2,0.8867968613377547,1400.0,0.38729291256576814,1,0.04,0
23700.0,0.5390355830442418,salaried,0.5288335227370053,13,0.7173325851585776,400.0,0.3319891272860508,1,0.017,1
32400.0,0.9057465697971786,gig_worker,0.30036333856073766,37,0.39055939610582263,13700.0,0.18225775673944286,3,0.423,2
30100.0,0.6795637922557184,self_employed,0.042449953559634594,3,0.7307020792194948,6600.0,0.37083936666185946,0,0.219,0
40400.0,0.7597499617337666,unemployed,0.20244171794581342,65,0.774377387020184,7700.0,0.20393960434502265,0,0.191,0
76500.0,0.5246526894562602,self_employed,0.34852220823182206,52,0.8358107168947675,4500.0,0.24618683491612778,1,0.059,2
33300.0,0.7165092527258393,salaried,0.04875856573986234,12,0.718896855542534,3300.0,0.27275473796777966,3,0.099,0
60700.0,0.4965625055739339,salaried,0.04849977015869156,0,0.9762815571055004,7100.0,0.24298645115382436,1,0.117,0
39700.0,0.8672572861511912,unemployed,0.5253704699917969,37,0.6312318052190062,1900.0,0.2799502567158145,3,0.048,1
32300.0,0.8413250720337051,gig_worker,0.28139836686842734,51,0.8821518645454673,16100.0,0.30021166154875084,3,0.498,0
23000.0,0.591977045854455,salaried,0.07754257993111613,4,0.7561818855233885,6100.0,0.5675734983527888,2,0.265,0
32400.0,0.5686744598990091,gig_worker,0.16311392005257233,59,0.9566980227664995,6000.0,0.28330342129963754,4,0.185,0
31400.0,0.9969675880196354,salaried,0.2503143027148221,58,0.8844810500523396,8700.0,0.38585473973246387,2,0.277,0
19900.0,0.6510312335741972,salaried,0.31750716119211514,15,0.8810353621673297,10500.0,0.019408369110348125,0,0.528,1
21600.0,0.8087465125466038,salaried,0.11758056264728883,38,0.8056791945974684,3700.0,0.15528062040516216,0,0.171,0
35500.0,0.8681680533740159,gig_worker,0.34859471576890433,14,0.9540257248012717,1400.0,0.21074592048370142,2,0.039,0
60400.0,0.6178051935036227,salaried,0.33355281794891867,19,0.7981694003228385,3500.0,0.3899086159583543,1,0.058,0
28300.0,0.9295032715428704,salaried,0.2391854360946081,9,0.5231986863103695,1700.0,0.1742955152977343,1,0.06,0
12300.0,0.5922650100423723,salaried,0.2125392357443083,4,0.8944754036765887,4600.0,0.13196690762260627,3,0.374,0
6900.0,0.6856932766331846,salaried,0.19782889108468815,32,0.691345839541242,2500.0,0.3438059143522909,0,0.362,0
16300.0,0.7503508270247284,self_employed,0.3033762034986573,0,0.7620428005981206,7000.0,0.22271806465408162,1,0.429,1
41600.0,0.6519998152423107,salaried,0.17179378647503948,20,0.9708963018420821,1500.0,0.2470700743964885,1,0.036,0
13800.0,0.9344336709914703,salaried,0.2452125434337544,48,0.6360002594548929,14600.0,0.11832752425518862,2,1.058,1
44800.0,0.4697430557555788,unemployed,0.19270932944756594,6,0.5266572261804412,6400.0,0.28842454659498734,2,0.143,2
40500.0,0.7139578372515728,salaried,0.21469576777203314,9,0.8941492645593689,6700.0,0.09350575588001075,2,0.165,0
27800.0,0.9426251373633219,salaried,0.34277001956479797,21,0.6299131876925488,5400.0,0.628949902781755,1,0.194,0
20000.0,0.6070920384254583,self_employed,0.4012520739808243,6,0.9342750942630994,10100.0,0.03967156564082098,2,0.505,1
25800.0,0.8491385619745134,self_employed,0.2553895087023092,45,0.40628107762298465,5100.0,0.2721011312108785,1,0.198,1
35100.0,0.4119466373067639,gig_worker,0.7003114662616114,10,0.6410560899955525,4200.0,0.3214161344152406,0,0.12,2
14000.0,0.4975302966289094,salaried,0.24519861440727062,20,0.8312866537351515,5400.0,0.4426009236496565,1,0.386,0
57500.0,0.7945586186202191,gig_worker,0.19158696332220732,6,0.7181446311552465,4900.0,0.2643313873367526,0,0.085,0
34900.0,0.5451525296179242,gig_worker,0.053095351296450356,1,0.5187793525392601,2900.0,0.14732303879973574,1,0.083,1
36900.0,0.7181009855430074,gig_worker,0.19330151332773626,4,0.6757584918959977,12900.0,0.5437722421049609,0,0.35,0
40300.0,0.6869078884907212,salaried,0.31131413395110313,1,0.745926858963244,5900.0,0.14319052326745677,0,0.146,1
54800.0,0.9468077330544089,salaried,0.569640293708486,15,0.8459513820761414,4400.0,0.040081721444808496,2,0.08,1
32400.0,0.6897530517817007,self_employed,0.2714183682467592,21,0.9290600389147678,2000.0,0.20068415773783374,1,0.062,0
41600.0,0.7292391975121741,gig_worker,0.19407398224474476,1,0.5283566470349442,500.0,0.10777878068810513,1,0.012,1
20100.0,0.8279952371603938,self_employed,0.24530355908782234,2,0.6025836357510294,8400.0,0.2885239104030956,0,0.418,0
66500.0,0.6559965758768972,salaried,0.6247610732754344,15,0.8126709137432158,3600.0,0.1988089230153886,3,0.054,1
31300.0,0.8192989078391889,salaried,0.4144620855544905,38,0.6870415579128115,3200.0,0.0896722499365129,2,0.102,1
20100.0,0.95153673770088,self_employed,0.41831994288112495,23,0.6705677542870149,9300.0,0.2754913533587813,0,0.463,0
23000.0,0.5732483475842616,gig_worker,0.22053545627235718,2,0.8082127288739558,200.0,0.17993208478310024,2,0.009,1
8900.0,0.7548075554204554,salaried,0.48745335804401646,52,0.6401726391717205,600.0,0.1522919641985645,2,0.067,1
22900.0,0.587220528033069,salaried,0.09321113892433684,59,0.9090950671641804,3300.0,0.19461578285612216,0,0.144,0
5700.0,0.3115605448975661,salaried,0.5070859258301997,9,0.823925536517801,5200.0,0.15225073434525238,2,0.912,2
43100.0,0.6519951028135671,self_employed,0.17631253671442004,22,0.8606263354397802,2800.0,0.03456175974045592,1,0.065,0
36300.0,0.8981212231538787,gig_worker,0.2544581723258567,16,0.7252904861053954,4700.0,0.3294756882262616,1,0.129,0
16900.0,0.7718543809661347,gig_worker,0.17274590325056288,68,0.8014868530327064,3300.0,0.037909026596546616,0,0.195,0
28600.0,0.43672251830649367,self_employed,0.37036332642378944,17,0.9490818446567288,5900.0,0.23243690538448286,0,0.206,1
29300.0,0.8759425088730812,salaried,0.34160128056743694,77,0.5695689971073196,2300.0,0.2502316779893244,3,0.078,0
14900.0,0.9184617589039165,self_employed,0.3776814893157682,5,0.540037024870195,6700.0,0.07308457699431199,0,0.45,1
26100.0,0.6442284670934193,unemployed,0.08261744043844753,10,0.8032862347164493,1100.0,0.06517651369508667,2,0.042,1
29700.0,0.44491955430059404,unemployed,0.13024094246911966,36,0.8717688050149351,3200.0,0.282385703119952,0,0.108,1
25700.0,0.6261634003671521,gig_worker,0.28234358059488107,36,0.8100565453573733,8100.0,0.3447224325262398,2,0.315,1
20100.0,0.8543865564539326,salaried,0.26458256328637936,31,0.7741283906602607,14700.0,0.22107558890505483,2,0.731,0
16500.0,0.6135922623807083,gig_worker,0.32839773499426445,47,0.833602461765367,11500.0,0.4550578185566691,1,0.697,2
25200.0,0.8091940337589097,gig_worker,0.0880408462471618,29,0.8714977051179067,1900.0,0.17280441804327812,2,0.075,0
21400.0,0.882151097959593,self_employed,0.08257053637748571,24,0.7700189602667137,5000.0,0.37514732571992804,1,0.234,0
39000.0,0.8153037203974175,salaried,0.27797085553774187,14,0.6773776974147426,8100.0,0.12706199111497307,2,0.208,0
56400.0,0.764063674112385,unemployed,0.7054176312464455,15,0.8018699520338912,5400.0,0.11476549885541111,1,0.096,2
45900.0,0.8437129630794673,self_employed,0.10621217825572993,12,0.7592379490511498,2000.0,0.4771344572713677,0,0.044,0
30300.0,0.46932921057705945,salaried,0.07245040646944337,23,0.8717481934774133,1600.0,0.19147111046834508,1,0.053,0
20500.0,0.40268510234161975,salaried,0.23746652549509586,12,0.6764429657077408,1900.0,0.17111514234703545,0,0.093,2
45300.0,0.6688054209809092,self_employed,0.49772307764300583,3,0.7392246438230344,13500.0,0.631182572885527,3,0.298,1
40200.0,0.733242304749831,salaried,0.4633386800149007,2,0.9487679442739211,6600.0,0.27079413561585247,2,0.164,0
54500.0,0.7708422190745062,salaried,0.21876151283176318,61,0.7394901446957738,5000.0,0.2748807771328975,2,0.092,0
32500.0,0.8283148231433373,gig_worker,0.4036379210545547,0,0.767253624115267,9500.0,0.017577526481480973,1,0.292,0
64800.0,0.7128289030616581,gig_worker,0.10838369564924309,2,0.7994432766328174,5400.0,0.1500696050713805,1,0.083,0
32500.0,0.46003094055562305,gig_worker,0.5113379287746946,14,0.768708876883328,5800.0,0.16516725050901102,1,0.178,2
20400.0,0.8392730963102866,salaried,0.17790148812799156,7,0.7737092564419501,4400.0,0.1366781345275529,2,0.216,0
22500.0,0.6107413027816834,self_employed,0.2865416160857504,12,0.8543998587284077,800.0,0.1635775960050577,0,0.036,1
38100.0,0.6514811867197138,salaried,0.2850603265482729,2,0.7729341739586834,2300.0,0.10454475232805528,1,0.06,0
21400.0,0.4183265020233063,salaried,0.31562634913508314,3,0.6100626188218283,3400.0,0.45721156847557826,2,0.159,2
64600.0,0.5579482346244258,salaried,0.11068284149360305,38,0.7952951095110774,8200.0,0.41441873961816245,0,0.127,0
36500.0,0.5609118232095268,gig_worker,0.724188936999933,34,0.5755056049293392,9200.0,0.3269177200038324,2,0.252,2
29900.0,0.4851020341384864,salaried,0.13634898969070597,2,0.736594703312187,900.0,0.42733586213803115,0,0.03,0
31200.0,0.49783610155624747,salaried,0.5269132090139473,26,0.876395408444753,2800.0,0.20274026757778454,0,0.09,1
25600.0,0.8510535565838658,salaried,0.3754094931001866,22,0.8595168811861259,4500.0,0.12239511898061584,1,0.176,0
10500.0,0.7535139080413406,self_employed,0.20369146220741702,29,0.9057176695790429,1600.0,0.22968160473838276,1,0.152,0
22500.0,0.6090701049030987,unemployed,0.07468389756780809,15,0.709095716086458,7800.0,0.38900016860300946,0,0.347,1
60700.0,0.610882472509865,unemployed,0.20287922676490927,7,0.787007448379808,10300.0,0.41088399459859204,0,0.17,2
32900.0,0.8303035615994343,salaried,0.07819615179015248,26,0.8345152464480353,25500.0,0.4774548108445181,2,0.775,0
48500.0,0.5703786916257236,salaried,0.17827166494458802,11,0.5647123531467908,4300.0,0.38021629829677883,0,0.089,1
49200.0,0.770041730325384,salaried,0.13380791611811374,5,0.7925206808129178,4500.0,0.18729575399247994,1,0.091,0
28700.0,0.87110539208371,gig_worker,0.06855590450031465,12,0.6722601289337399,11800.0,0.3148959879704919,0,0.411,0
40500.0,0.9198505071629433,salaried,0.1612951237848304,34,0.6508346684226183,10800.0,0.2616515587254564,0,0.267,0
11200.0,0.5465735553085613,salaried,0.5469162043884964,15,0.35608435988026316,7400.0,0.14555781272472165,0,0.661,2
58300.0,0.597476413024998,self_employed,0.14448548843599557,8,0.7841383389538642,3000.0,0.5374587274358746,2,0.051,0
56000.0,0.8002731322419184,salaried,0.16997343405825885,42,0.9665610728855323,2900.0,0.09318528784188941,0,0.052,0
37600.0,0.8421794157278821,salaried,0.07504155707746275,51,0.7660216400893111,4000.0,0.08986600309925806,1,0.106,0
33500.0,0.6835680730777871,salaried,0.3402035633729821,13,0.9457256751041675,5200.0,0.38529773381968024,1,0.155,0
28900.0,0.37262690299328355,salaried,0.21286073631134667,11,0.6858617152071762,6500.0,0.23901080441565808,0,0.225,1
51200.0,0.7005384722505741,self_employed,0.26181758342236294,22,0.823792929747136,7100.0,0.3291086505336162,1,0.139,0
42800.0,0.581748583562812,unemployed,0.2711636563788884,1,0.9080313625371331,5600.0,0.2456007260590799,2,0.131,0
3800.0,0.8529818177547098,salaried,0.20909696009060902,28,0.880375153590727,3400.0,0.3993649451766271,1,0.895,1
24100.0,0.9272631318022656,salaried,0.510639816339791,36,0.6727044851103418,800.0,0.10966774889285606,2,0.033,0
15300.0,0.6455329543797628,unemployed,0.1678812497657717,12,0.8051147923959208,7900.0,0.08263506251777455,1,0.516,2
13600.0,0.6355947586274207,gig_worker,0.440015074585029,4,0.8420233472324593,5300.0,0.12181591767916213,3,0.39,1
51000.0,0.7263756951689406,salaried,0.12020878566742464,0,0.8867280292272796,4900.0,0.1972654808843592,1,0.096,0
28600.0,0.8466464158293259,self_employed,0.3556315076442822,24,0.5427221005035685,4000.0,0.06020366512811054,3,0.14,0
37300.0,0.6724148023427293,salaried,0.04730282352610068,7,0.6945237258926495,20300.0,0.2056760614363923,1,0.544,0
30500.0,0.9128298357500575,gig_worker,0.1791312869383339,14,0.6534310453786317,12200.0,0.16378249470219067,1,0.4,0
13700.0,0.5485218124192068,unemployed,0.32203717320829534,11,0.722301606967261,8300.0,0.14317909809124155,3,0.606,2
11400.0,0.7580231828971916,self_employed,0.21294520447221904,4,0.802704545055596,6800.0,0.3620984877536488,0,0.596,1
23300.0,0.903430300038491,self_employed,0.6646052598567818,17,0.9619209201754663,5500.0,0.18737468597538667,0,0.236,0
24300.0,0.7200899086767885,salaried,0.29799680381396065,14,0.6582359542185027,2200.0,0.08311416916104307,2,0.091,0
24300.0,0.6828702534101121,self_employed,0.2514151435349185,23,0.844687284534098,3600.0,0.18106484043619636,0,0.148,0
24700.0,0.4521194774579367,self_employed,0.295392140432968,6,0.8425401616178553,11300.0,0.17896203752221523,1,0.457,2
74000.0,0.8698807882646835,self_employed,0.2800240780519823,5,0.8302982220981658,5100.0,0.18176849725144806,1,0.069,0
48100.0,0.8155770721656391,salaried,0.17821173755882486,40,0.26250219201676295,12400.0,0.16765856015025404,3,0.258,0
33100.0,0.6564919461164191,self_employed,0.18765282340200207,29,0.7961377110043113,5500.0,0.15666216453235488,2,0.166,0
28300.0,0.9831594112071885,self_employed,0.37497796822162943,35,0.5095876097182328,600.0,0.507892928386007,1,0.021,0
28800.0,0.8172384957942638,salaried,0.3092117077539195,3,0.9758188731488375,8000.0,0.38074190675715386,0,0.278,0
42000.0,0.7225023444860954,salaried,0.08940198647331375,6,0.8739534713725232,5300.0,0.09188477385305488,2,0.126,0
28100.0,0.7426646524153678,salaried,0.30342341610461016,20,0.9157584204605651,21400.0,0.14127552107295718,0,0.762,0
45700.0,0.8043953472346181,gig_worker,0.17652754816048488,46,0.7899886431590335,4300.0,0.11665655161492224,1,0.094,0
35000.0,0.6322680792699218,self_employed,0.2768519996988612,53,0.5842702715759066,3900.0,0.6556900155260623,0,0.111,0
74400.0,0.4864721822612813,gig_worker,0.2281754584530892,42,0.5390842299271316,3900.0,0.0988823702002724,0,0.052,2
27200.0,0.8623834803651927,salaried,0.06883580304114265,1,0.5634245407233837,3200.0,0.4878536244258688,2,0.118,0
49800.0,0.7249924866701994,unemployed,0.3498518862321652,41,0.950596625102346,11200.0,0.33772208876900034,0,0.225,1
16100.0,0.5732970403429528,gig_worker,0.4913133430929355,55,0.7204515775746413,31700.0,0.14887024644643185,2,1.969,2
20800.0,0.7168731842662525,salaried,0.5423292020691569,1,0.6925271441982541,5900.0,0.15594845725696194,1,0.284,1
69500.0,0.492000013249086,salaried,0.11593427656319001,12,0.6667402782873448,8300.0,0.0882123541919812,0,0.119,0
44800.0,0.876245627481055,salaried,0.18265664622723216,18,0.6346601415410651,4100.0,0.04816423838193568,0,0.092,0
37600.0,0.8923482464895988,unemployed,0.13684128708646115,6,0.828332531880872,16500.0,0.3019385781886048,0,0.439,0
83700.0,0.8192178404530921,salaried,0.15566086615667596,17,0.929194934226332,7200.0,0.38302426711066845,1,0.086,0
28500.0,0.5856081082298362,salaried,0.2352949926212873,52,0.728194814793551,4100.0,0.5570351345499396,3,0.144,0
49700.0,0.6310395796025496,salaried,0.22843138464597343,48,0.7836381304039964,10800.0,0.34303793150961315,0,0.217,0
51500.0,0.8571021020564089,gig_worker,0.5068779298182664,67,0.5471631996426829,5400.0,0.07582488229645008,0,0.105,1
62100.0,0.8411934836282384,salaried,0.13967962930247857,15,0.8026770948571101,800.0,0.8119953604487445,1,0.013,0
15000.0,0.9564545658854818,salaried,0.4642763508634505,12,0.8291165437360076,2000.0,0.3229989300792203,3,0.133,0
28400.0,0.7448012538323959,salaried,0.3237715254295185,26,0.9532580228432804,1600.0,0.14912864066020654,0,0.056,0
34700.0,0.697422271284368,salaried,0.5111572657730239,12,0.8374706860201634,11900.0,0.2417498302000224,0,0.343,1
61600.0,0.6805972705576535,salaried,0.2693817500475723,1,0.930892072308089,3000.0,0.09363190995357286,1,0.049,0
36800.0,0.6635215950615294,self_employed,0.1843611378311414,30,0.8462579857776782,1700.0,0.36467141596313407,3,0.046,0
51600.0,0.5277742439893808,gig_worker,0.030294805330423266,7,0.9239875592319088,7000.0,0.3797986129757164,1,0.136,0
14300.0,0.7395354242404021,gig_worker,0.13297794465453172,1,0.9041827467793598,6500.0,0.41874920899498874,1,0.455,0
25000.0,0.8211658394953777,gig_worker,0.12437723382819589,0,0.7871364025921511,11000.0,0.2034398647963131,2,0.44,0
55900.0,0.7446547960790285,salaried,0.1666957315645037,64,0.821851159518344,13100.0,0.4168714082738307,0,0.234,0
26800.0,0.5935812037667477,gig_worker,0.24838802178508346,6,0.7594944673115815,4400.0,0.2916495690664646,0,0.164,1
29600.0,0.6274306950267341,salaried,0.3937494837855735,14,0.5658161259251061,15100.0,0.18207518263159608,5,0.51,2
61200.0,0.8532119618610629,salaried,0.41517826458231727,72,0.8158301279196567,11600.0,0.2278157661465889,0,0.19,0
18200.0,0.6259487233048683,unemployed,0.26548851826278974,15,0.5663259280840104,800.0,0.42302796279227484,1,0.044,1
20600.0,0.6966826575027069,gig_worker,0.08751485699075189,1,0.7385804908986146,7900.0,0.4508426843207237,1,0.383,0
13400.0,0.7891845151671736,self_employed,0.2831375107689471,19,0.7399794202343682,2600.0,0.23800675010647349,1,0.194,0
62400.0,0.7506838521890561,gig_worker,0.24686040194891656,2,0.895910438943522,2400.0,0.301185937410251,1,0.038,0
47700.0,0.9113088608532613,unemployed,0.2717013111757733,2,0.6322732491813254,14600.0,0.38327966477431363,5,0.306,1
47100.0,0.8897396766416208,self_employed,0.5045288355250872,45,0.7304503488331712,11100.0,0.11296697831434672,2,0.236,1
24600.0,0.6830969215973199,self_employed,0.08564179058401884,8,0.6780140378501741,12000.0,0.1589595863387593,1,0.488,0
12800.0,0.6730473787942445,gig_worker,0.23018571576526273,27,0.8384686754058912,5200.0,0.14824710427758556,1,0.406,0
10700.0,0.6905576556701924,salaried,0.08038495380048957,17,0.6707099834709113,1100.0,0.33063476472811576,3,0.103,0
56100.0,0.7892213988104766,salaried,0.1710418470202799,6,0.6215162356349937,1200.0,0.4027678446238363,2,0.021,0
38800.0,0.7018931483901244,gig_worker,0.08415403760531204,17,0.9269607976289056,2300.0,0.17878709011860236,3,0.059,0
42600.0,0.8127982678939933,salaried,0.29670212847265154,1,0.8194378906614208,11800.0,0.22228150961536128,0,0.277,0
33900.0,0.8242868630443254,salaried,0.44339841588352047,10,0.7958457402699987,3800.0,0.05637865454885273,0,0.112,1
19200.0,0.7692603163175328,salaried,0.30113465338503936,17,0.644651328286491,14400.0,0.4285424514550247,1,0.75,1
25200.0,0.7463826078119016,salaried,0.0718164943073951,6,0.8170724062833594,3100.0,0.10231986494621714,0,0.123,0
16600.0,0.7100853169945975,unemployed,0.2039786776851593,25,0.7522473946033232,16800.0,0.13179035579036158,0,1.012,2
15500.0,0.5989552909487726,self_employed,0.16313128454388207,1,0.6222007441716864,10400.0,0.06599129883061472,1,0.671,2
45800.0,0.7393310023067358,self_employed,0.03864479866578845,15,0.8255228403577524,2500.0,0.2775465163833416,2,0.055,0
11300.0,0.44552779941332793,unemployed,0.566804673871649,30,0.8818920305872845,5700.0,0.5387543859650512,2,0.504,2
16700.0,0.8996071147312343,unemployed,0.5483128519984118,13,0.9650020214087509,11000.0,0.19314591915583976,1,0.659,1
26000.0,0.6474071170783716,self_employed,0.11711235230221795,49,0.912080868791319,5900.0,0.21384331471386964,2,0.227,0
31000.0,0.8972435142959496,unemployed,0.36446198778454786,24,0.6117546554006802,3900.0,0.4437514161664147,2,0.126,1
13300.0,0.5524144309732901,salaried,0.24757577932960742,76,0.4753220998627513,3700.0,0.043645448351359105,0,0.278,1
11100.0,0.6972636327723112,salaried,0.23052153674391163,8,0.8289902032426897,3000.0,0.2695264878215066,2,0.27,0
36600.0,0.6971180152564408,salaried,0.7215654346901279,67,0.96593553194251,2900.0,0.24871758325517063,0,0.079,1
32900.0,0.6143062708197831,self_employed,0.3385908207908266,22,0.8425512106984557,4700.0,0.4645679401862992,0,0.143,0
55600.0,0.9170172102293274,self_employed,0.13519436350741323,32,0.7589865751962266,2100.0,0.4999527677478077,0,0.038,0
31200.0,0.6113784454516309,self_employed,0.2185044307300964,55,0.7137718963000418,3600.0,0.14386585607370356,0,0.115,1
38500.0,0.6311592841489395,self_employed,0.2034832922914391,19,0.5203658344352564,8400.0,0.3653696986315748,1,0.218,1
19800.0,0.6785726936540721,salaried,0.34659068355413203,47,0.8829202572176759,2400.0,0.1013370156458977,0,0.121,0
20300.0,0.8181593095823146,salaried,0.17450269960976592,18,0.8930483951844836,1900.0,0.28850384654113914,2,0.094,0
14100.0,0.790488059346102,self_employed,0.3874723072508991,21,0.5948395437237038,1800.0,0.36006229010870794,2,0.128,0
19900.0,0.6044712013911487,salaried,0.28893994909160725,14,0.6358804218107894,3800.0,0.1624392973937266,3,0.191,1
25000.0,0.6762531093166566,self_employed,0.02774280091187608,3,0.8157295736266552,2000.0,0.4161368977838703,3,0.08,0
52900.0,0.907855230312278,self_employed,0.09835898454404152,19,0.9580772843613304,4500.0,0.16295327512048768,2,0.085,0
18300.0,0.7846124892025065,self_employed,0.13814824216079566,91,0.8190807223080883,6900.0,0.2894105871355797,0,0.377,0
76000.0,0.6840529736716345,salaried,0.22133405761252148,37,0.5527671317091286,2900.0,0.32722796811708377,1,0.038,0
40200.0,0.7041751586683699,self_employed,0.12742907484879865,33,0.8714217814002685,1200.0,0.24409132614966358,1,0.03,0
36100.0,0.781867495348249,gig_worker,0.11010073765962573,24,0.5544110560859262,14000.0,0.17996642651042336,1,0.388,1
30000.0,0.5867006344189454,unemployed,0.39152929603631365,10,0.6968621771899289,4400.0,0.21571583189736102,2,0.147,1
27100.0,0.6877416611216024,gig_worker,0.42265692585271325,4,0.883311108362075,5100.0,0.27505463588852175,0,0.188,0
21600.0,0.38248841619953877,self_employed,0.23076402130669083,6,0.5190305924828722,8800.0,0.18846123551990274,1,0.407,2
13000.0,0.615319194367601,salaried,0.21435770947832836,0,0.8499287408945061,1800.0,0.37998331665144564,0,0.138,0
18700.0,0.9322433078332244,self_employed,0.215302782713902,26,0.6809381929823197,3100.0,0.16464512201332246,2,0.166,0
62300.0,0.511172659885025,unemployed,0.552954563205124,40,0.7625506599068798,5100.0,0.15407417470955315,1,0.082,2
38900.0,0.15667259847852189,salaried,0.11476172742769543,7,0.7700853280743613,6800.0,0.16152115806235856,1,0.175,1
62000.0,0.43190328028488134,salaried,0.6603965173643452,2,0.6916227190514175,4700.0,0.6659134951942881,2,0.076,2
21300.0,0.48681518949337643,salaried,0.16444138801801797,9,0.5641048746502874,5600.0,0.05518843038168542,2,0.263,2
16400.0,0.719370089893516,gig_worker,0.19878061192308638,8,0.8141588285478257,4700.0,0.09685628995141782,1,0.287,1
29900.0,0.4049012123849966,salaried,0.19905054511141457,14,0.812081051997623,4400.0,0.3477544388652354,0,0.147,1
19000.0,0.5008684854703419,salaried,0.11729196115654004,7,0.880415309552641,400.0,0.15290167790245884,2,0.021,1
33100.0,0.8583384141689908,gig_worker,0.05992232608928967,9,0.6858413755495925,7400.0,0.08000530521297049,3,0.224,0
11400.0,0.820969223535952,self_employed,0.18370643557861077,57,0.9371956548002487,1300.0,0.021307867357768063,1,0.114,0
8200.0,0.655750213209717,salaried,0.2541842415127608,9,0.9026133141444769,16300.0,0.28724521449938495,1,1.988,2
35400.0,0.45322669301642515,salaried,0.48441671313671786,36,0.4654569265297835,3500.0,0.31801953699896784,1,0.099,1
63100.0,0.7777933942092697,salaried,0.20271097218803238,23,0.6873198140416827,4100.0,0.13662390589875423,1,0.065,0
36200.0,0.8867533133265977,self_employed,0.24322687416027036,9,0.7560936860829915,5700.0,0.18563003030711062,3,0.157,0
38700.0,0.8974900200653035,salaried,0.2110820901305089,40,0.6677304730742966,12100.0,0.38974677594176593,2,0.313,0
30500.0,0.6992332770485967,self_employed,0.41177553552707136,21,0.8087082001560978,5300.0,0.21343589561857376,1,0.174,0
32000.0,0.8345256322128759,gig_worker,0.20824578467769528,0,0.8103825273895402,1100.0,0.11176744632178456,2,0.034,0
12600.0,0.5917455044355132,self_employed,0.34049612086366576,1,0.6951509973787958,4600.0,0.36137204702258174,1,0.365,2
19400.0,0.6158192592285279,salaried,0.1703970421430685,33,0.7427006332751328,2100.0,0.4913140273867947,1,0.108,0
52600.0,0.8352712806731675,self_employed,0.2602122233422084,14,0.9830775622648233,2200.0,0.02595446103199459,3,0.042,0
15600.0,0.8411323054151058,gig_worker,0.4637275968912094,12,0.6058522433278031,2300.0,0.14652065540039608,0,0.147,2
24700.0,0.6550798029637674,salaried,0.21179626611280525,3,0.846080582603842,6800.0,0.20326688522455671,2,0.275,0
52100.0,0.4828848315039507,salaried,0.060094140931475755,4,0.8348893682669655,7300.0,0.0553093596190229,1,0.14,0
31600.0,0.8227936052401608,self_employed,0.2977896926479244,38,0.8338003533554387,8400.0,0.24217927886008797,0,0.266,1
32400.0,0.826606480557786,self_employed,0.20295512388978662,42,0.3491923673559724,3100.0,0.22346326546844042,2,0.096,1
24800.0,0.8365808746528351,salaried,0.21902864614522952,19,0.933034961016448,5500.0,0.22388832313307078,1,0.222,0
41600.0,0.3442454352630252,gig_worker,0.2887601851012054,8,0.7560612327370898,7700.0,0.32644939677114804,2,0.185,2
46600.0,0.9658987038363654,self_employed,0.4537145941382078,64,0.973892265330215,14700.0,0.11931970737436605,1,0.315,0
18900.0,0.8322602778648315,unemployed,0.14130009143955138,23,0.9640872433594249,1100.0,0.2700462235623891,2,0.058,0
13300.0,0.8017342253919815,salaried,0.24668422399981008,38,0.7216159707603349,5500.0,0.1668200234120115,0,0.414,0
9200.0,0.8720541889921196,gig_worker,0.3235089329341374,0,0.8739892581966477,2000.0,0.17715231498614056,0,0.217,0
37800.0,0.8695451067757012,salaried,0.38702861703359337,14,0.5309943708385725,6700.0,0.4176585767115033,1,0.177,0
35700.0,0.8895375841106196,self_employed,0.14444465483991037,49,0.8642525286308814,1400.0,0.42893222072168474,2,0.039,0
86500.0,0.5704024198764849,self_employed,0.2303627402471473,9,0.8108153063945743,5700.0,0.17618998563656066,2,0.066,0
30600.0,0.9304211388694741,salaried,0.10493496759325674,31,0.800943596763089,3200.0,0.5995863677597295,0,0.105,0
27800.0,0.8046734121708552,gig_worker,0.2302540486319454,25,0.9000163709947306,1100.0,0.1950924271348366,2,0.04,0
33600.0,0.6755879808592704,salaried,0.3108442801080019,3,0.5627718271988662,3500.0,0.09659546048636403,2,0.104,1
34500.0,0.6801930044176503,self_employed,0.1168447623767373,35,0.7707199423149,4500.0,0.3635520581015975,1,0.13,0
26700.0,0.8813164307089608,salaried,0.3627175894812867,2,0.8574160799888473,12900.0,0.41849132148458557,2,0.483,0
19200.0,0.661456357305214,gig_worker,0.36454292326551035,31,0.7640750525093886,5300.0,0.31742906895181505,0,0.276,1
29800.0,0.8027669133957042,salaried,0.26774481899036956,112,0.6956468722278987,3300.0,0.21293366779024203,0,0.111,0
29200.0,0.7987965198796653,gig_worker,0.04939729788052613,76,0.6384768686901082,2100.0,0.2755058500612269,2,0.072,0
29000.0,0.668588177864915,gig_worker,0.31597972499169563,38,0.8017636593878785,12900.0,0.3064255246203342,3,0.445,1
43700.0,0.8918523798498292,gig_worker,0.07401871393266522,18,0.5041564879598163,4100.0,0.07179750168042866,0,0.094,0
29500.0,0.9494513402685133,salaried,0.31583966486771037,26,0.9091838268049341,10700.0,0.021938476942902494,2,0.363,0
13500.0,0.6928500067081175,self_employed,0.2750869389485715,31,0.9389805652248217,4000.0,0.23696462220569806,0,0.296,0
21000.0,0.8490756280765016,salaried,0.270056554132306,0,0.5249178980571805,3700.0,0.26434896505301897,2,0.176,0
26600.0,0.796648512640361,gig_worker,0.061736881446083816,2,0.7134037545467204,4400.0,0.19576210132622512,2,0.165,0
30200.0,0.7810137896374585,gig_worker,0.2638635345565209,21,0.7764916037241172,8600.0,0.23516392295486652,1,0.285,0
38200.0,0.9880717553407828,self_employed,0.34841856704385193,0,0.7016347082043772,4000.0,0.3182354078718801,0,0.105,0
30300.0,0.8535439316448029,gig_worker,0.12863587482041566,57,0.7947591190284152,6400.0,0.30765169659416164,2,0.211,0
8300.0,0.4912800577949642,salaried,0.4105868334681941,16,0.748062026356529,16800.0,0.14085612056448948,2,2.024,2
14400.0,0.9041817432307285,self_employed,0.10716347097415932,7,0.9608170200103775,2800.0,0.24849707426921816,1,0.194,0
39500.0,0.6791308120663897,salaried,0.2921130299875408,12,0.5396084232427363,4100.0,0.20788414547071818,2,0.104,1
26200.0,0.757731564330647,unemployed,0.5082030088210382,45,0.7710200087667,9900.0,0.11922618229980829,5,0.378,2
31700.0,0.6740438123746069,gig_worker,0.22780676044927828,62,0.8079842036071054,8800.0,0.10406532655150207,2,0.278,1
24500.0,0.6009737900694436,gig_worker,0.06413981475788143,2,0.9839024214485345,4200.0,0.6475523650864201,1,0.171,0
20900.0,0.6846611718453293,unemployed,0.39893792513769727,36,0.8296268366137217,11000.0,0.6763039044032533,2,0.526,0
24900.0,0.7462348408035226,salaried,0.27458540565760964,20,0.46448736165028015,3800.0,0.400932413844994,2,0.153,0
31900.0,0.9294751642416985,unemployed,0.5750383088549132,21,0.7387059145812042,5800.0,0.3268229009443834,0,0.182,1
29400.0,0.8617175648569251,salaried,0.14400779342458955,36,0.6837481250438017,8500.0,0.20836217849985333,1,0.289,0
46400.0,0.48208501733845877,gig_worker,0.34238668836470215,6,0.9210151366180649,16200.0,0.07205586298355957,3,0.349,1
12000.0,0.6942975913755149,gig_worker,0.3903889210267636,18,0.7598906168170182,13300.0,0.2080440245470576,2,1.108,2
13000.0,0.7645387771704707,salaried,0.08222866898982088,9,0.8953468950857529,4000.0,0.3628821857194192,0,0.308,0
26000.0,0.5224867922278806,salaried,0.16571686063917757,2,0.8343215422889191,9600.0,0.3270617856277845,2,0.369,1
38400.0,0.6499710538847225,salaried,0.11606406170208912,2,0.8578364450861549,11400.0,0.15676146722567913,2,0.297,0
42600.0,0.9623139193738526,unemployed,0.4655794109160413,3,0.7079624991738105,2300.0,0.4819795497594833,2,0.054,0
21400.0,0.9436096626317548,salaried,0.2794879601007713,22,0.8128254267030778,7200.0,0.0631853966948839,0,0.336,0
4900.0,0.6856436344030797,self_employed,0.3575394011112238,2,0.906729643259082,3000.0,0.648366423207144,1,0.612,0
21700.0,0.7372056030325147,gig_worker,0.41806176502237485,20,0.7713071034840018,6500.0,0.28226993684343593,1,0.3,2
35800.0,0.725660469581036,salaried,0.027863608115804763,21,0.888057552778797,10700.0,0.25367444174505105,1,0.299,0
29100.0,0.7133588348818073,self_employed,0.5936584739953785,56,0.7268413936451043,700.0,0.28734163609375984,3,0.024,1
39100.0,0.6660425118717208,self_employed,0.14507633499387243,23,0.7906882335145413,14200.0,0.18358458965993635,1,0.363,0
51700.0,0.7055901006495253,salaried,0.4291108176239456,101,0.5061765244916946,13700.0,0.05519373388588634,0,0.265,1
27000.0,0.6794526500746205,gig_worker,0.5019328924162195,0,0.5082956814986538,9800.0,0.518116652808412,0,0.363,2
23100.0,0.5266564579308204,salaried,0.05972374808710505,29,0.4325276035666962,3500.0,0.25219791756404136,3,0.152,0
17800.0,0.8201074926130157,salaried,0.44077500087196503,0,0.7212006523983119,12800.0,0.2952738050854008,2,0.719,1
12900.0,0.5481668159115242,self_employed,0.20297643058908738,31,0.6991680822804412,8600.0,0.11140902220914622,3,0.667,2
10900.0,0.43939829047926704,salaried,0.3147561716155248,11,0.5523464700645917,16400.0,0.3256752655275767,4,1.505,2
20200.0,0.8498454084411422,unemployed,0.2622883502969854,22,0.9535240087650118,4200.0,0.3133204213689903,0,0.208,0
48300.0,0.7882976697609916,gig_worker,0.0644398677471232,8,0.5796018670082362,1300.0,0.5396098612257537,1,0.027,0
41000.0,0.48606770136962424,self_employed,0.4201147312956266,4,0.7051145232107059,5100.0,0.19607909872951326,0,0.124,2
22500.0,0.8300708048065335,salaried,0.5231710911387026,30,0.8680776820276115,6900.0,0.1632839642428692,2,0.307,1
76300.0,0.8695018105013872,salaried,0.26240600488436766,56,0.8305177385089418,6400.0,0.06166146397668014,3,0.084,0
21000.0,0.3315925267376647,salaried,0.03568362490102344,4,0.6603395605832872,2900.0,0.21753611847149204,2,0.138,0
54100.0,0.6766262294255498,self_employed,0.229886248920035,60,0.3863446311571348,4800.0,0.06892739672085886,1,0.089,2
60300.0,0.5922887129571828,gig_worker,0.42037087041372784,3,0.9452083817555564,4600.0,0.1513998868266785,3,0.076,1
37000.0,0.7618088814965823,salaried,0.49518353347468097,31,0.7868063015089336,5100.0,0.1129741308784787,2,0.138,0
20100.0,0.8288450735762977,salaried,0.22096858220578935,76,0.5217416502276704,9300.0,0.07659434902567186,2,0.463,0
24100.0,0.7638118465489462,self_employed,0.11681292459252214,3,0.9329316444440193,600.0,0.31965675168098595,1,0.025,0
32300.0,0.6006623510098554,salaried,0.3734649731284482,13,0.9489030535640135,5600.0,0.3640167962921458,1,0.173,1
13200.0,0.868544938628346,gig_worker,0.43264544906071284,9,0.9191197292791673,6200.0,0.038706057172313464,1,0.47,0
16800.0,0.7861361231903463,self_employed,0.5439507653721182,11,0.6702607132259545,1700.0,0.4156055094877425,1,0.101,0
16000.0,0.5993445770471991,self_employed,0.3978936576706285,33,0.9177046990675537,7700.0,0.2592738895329878,0,0.481,2
38300.0,0.8732273245570461,salaried,0.24614080282833692,25,0.9662089814701842,6300.0,0.46798814931652855,0,0.164,0
51500.0,0.8728737486292221,unemployed,0.11158225727215776,83,0.823241380514868,12700.0,0.2151210327084457,0,0.247,0
41800.0,0.3472726935980492,salaried,0.07994358450832469,4,0.7828757601704748,2200.0,0.18930333753427062,1,0.053,1
47400.0,0.8936645763050604,gig_worker,0.35325340880464023,18,0.9089624899746277,1600.0,0.13529207684271194,0,0.034,0
19200.0,0.7203926838605537,salaried,0.2163192122590766,14,0.9660085263244915,15500.0,0.4982956744518134,0,0.807,1
24700.0,0.2886865467328859,gig_worker,0.4884723048357635,60,0.7664635921096248,3300.0,0.5955284644831208,1,0.134,2
25700.0,0.6417691149949354,gig_worker,0.3922928041680701,0,0.8879985950627733,10800.0,0.3659668368181404,2,0.42,1
36900.0,0.7848864087214631,salaried,0.15308535721444172,108,0.8937128406350096,5100.0,0.22103541439924565,1,0.138,0
20500.0,0.8347618305836806,gig_worker,0.5428536077176521,15,0.8867410287165712,5300.0,0.15347219072766372,3,0.259,1
46000.0,0.8900938301162777,self_employed,0.41783598855653814,23,0.36590190347902124,3200.0,0.3846677366090137,0,0.07,2
59500.0,0.6247470451918544,salaried,0.3423123159654742,10,0.9445677465880686,4400.0,0.2980077374757265,1,0.074,0
37800.0,0.9400987641006494,salaried,0.3652731872900614,45,0.8145183115140038,1800.0,0.1249826494316066,0,0.048,0
24100.0,0.9309344437405874,self_employed,0.573876471338226,19,0.7064091334967145,2200.0,0.12467509922025591,0,0.091,1
18300.0,0.813029221033624,self_employed,0.30250243551512024,26,0.7273950783531667,6400.0,0.23064686375514704,1,0.35,0
16100.0,0.8894357468926126,gig_worker,0.2468044419012793,25,0.8251502139324403,6800.0,0.6157017849503579,0,0.422,0
8300.0,0.4117333663057849,gig_worker,0.2712877770232481,10,0.7721356271989915,6600.0,0.26064385590062217,3,0.795,2
26100.0,0.8621823356950847,self_employed,0.44294376280666703,1,0.6745565376155186,10300.0,0.13589740230130415,1,0.395,2
25300.0,0.7476790882082811,gig_worker,0.2662971286574255,39,0.7437536801537845,8300.0,0.20231008788365593,0,0.328,1
44600.0,0.6918478111487837,self_employed,0.27552151405578734,8,0.800571183714078,1700.0,0.3390988825688101,0,0.038,0
21300.0,0.7485797627841438,salaried,0.08880364798473943,45,0.4603205616314377,1100.0,0.11474326141269275,2,0.052,1
26800.0,0.3580273226496802,unemployed,0.05645394757401599,22,0.7712277257836361,8700.0,0.6028877103111513,2,0.325,2
33900.0,0.6563657992312305,salaried,0.17855622632846443,10,0.85762850484029,1800.0,0.06770972409942641,0,0.053,0
37500.0,0.9340882984135588,salaried,0.17184325498326827,21,0.5681681697362623,6000.0,0.418164816844291,0,0.16,0
42100.0,0.3575359865528619,gig_worker,0.4279971319562846,24,0.8296899326390429,2600.0,0.11945382475104721,2,0.062,2
32200.0,0.8715472227783906,salaried,0.13752743291630612,29,0.8017825483137822,2900.0,0.39176203899005674,0,0.09,0
13600.0,0.8804251680530886,salaried,0.21586760690930965,41,0.5410104042666537,4900.0,0.12624018480237728,1,0.36,1
35900.0,0.6010260264829688,salaried,0.42033445222734594,4,0.8831867725268961,2500.0,0.09665500078036157,0,0.07,1
20400.0,0.8200700956715719,self_employed,0.27797331248487056,69,0.6277166528347445,3700.0,0.10698127766148686,1,0.181,0
52700.0,0.6723550146093619,unemployed,0.1605258667256321,12,0.7335295403836456,5100.0,0.2822974272511729,1,0.097,0
29700.0,0.5898333784403407,self_employed,0.038146109236866566,47,0.7537035789071004,9700.0,0.033652690591640784,0,0.327,0
33200.0,0.7433887211505383,self_employed,0.27910887372433274,5,0.8563065603362764,10300.0,0.18047998933186138,1,0.31,0
90000.0,0.6229506736133168,salaried,0.39607139992174917,0,0.8086105116756052,9800.0,0.1584820342023118,0,0.109,1
42500.0,0.7118411286227072,salaried,0.4467310554812136,20,0.9015959672425928,3000.0,0.30189955962787035,1,0.071,0
35600.0,0.8462814266572349,salaried,0.5515097360376033,9,0.7527273365327246,2200.0,0.22205963532869752,2,0.062,0
27300.0,0.7181202266357927,salaried,0.3983345628583761,99,0.7181617396188088,3100.0,0.07881353496019669,3,0.114,0
14300.0,0.6976706693789906,salaried,0.48589922435758975,2,0.8463342914037622,2600.0,0.12752819280587077,0,0.182,1
26200.0,0.6518247727252209,salaried,0.11136464099458827,1,0.20468824583113945,10400.0,0.12626942663852195,0,0.397,1
18100.0,0.5492356627164978,salaried,0.6279369765861871,1,0.7864363788038522,5900.0,0.12940058192363016,2,0.326,2
63100.0,0.8773585170798112,gig_worker,0.42455827056060463,5,0.7324350613074576,9000.0,0.07726590098994084,2,0.143,0
35800.0,0.83658440065225,gig_worker,0.41705394341522567,20,0.7707461838210845,1600.0,0.36382597430824226,0,0.045,1
51700.0,0.8351591693856683,unemployed,0.311610667877246,16,0.8841605885686641,10300.0,0.44435693354878464,0,0.199,0
20900.0,0.6385419531318708,self_employed,0.16713597913141062,10,0.894063675900602,2100.0,0.11783340899683095,0,0.1,1
18900.0,0.7303398932648273,salaried,0.12755950204348765,2,0.6125712347866689,4700.0,0.08550563372824421,0,0.249,0
40400.0,0.945835087876823,gig_worker,0.13414549060332312,6,0.9418770730729523,6800.0,0.19610894789259586,0,0.168,0
17700.0,0.7876939028362607,salaried,0.3121701789177505,4,0.8705060945995754,8500.0,0.12054304662755984,0,0.48,0
23100.0,0.774644719302151,self_employed,0.3196600318790677,32,0.7704469323419579,6200.0,0.06338464258781334,0,0.268,1
64500.0,0.8591714536731179,gig_worker,0.504604768559288,36,0.6024330517602117,5900.0,0.3688006290259708,3,0.091,0
23600.0,0.8136501646728445,gig_worker,0.3871204941736355,36,0.9385127073454178,2100.0,0.4829171374202573,0,0.089,0
12500.0,0.7838520622932736,unemployed,0.500591290190453,83,0.9018455615777362,2800.0,0.07975716328047577,3,0.224,2
9800.0,0.8763876864370327,gig_worker,0.19531490234572693,51,0.8907377568301577,3800.0,0.15046502770001408,2,0.388,0
11600.0,0.8493053732486262,self_employed,0.31596390606324753,16,0.9249667558757355,7500.0,0.38725259584739563,1,0.647,0
53200.0,0.8917187599096872,salaried,0.642954306283718,12,0.8649695664322746,2800.0,0.14807939733064093,1,0.053,0
21700.0,0.7944720023388677,unemployed,0.09824365259360089,59,0.9056517214406806,8700.0,0.07473964518656306,2,0.401,0
88600.0,0.5085863871453916,salaried,0.16413267810014037,22,0.5334954889831297,7100.0,0.2591908057073909,0,0.08,1
59900.0,0.8423935911807535,unemployed,0.6019016652245651,8,0.9133980040151582,5900.0,0.0824140175632124,0,0.098,1
72000.0,0.7890259448787688,salaried,0.38581573800265395,19,0.7461192237117306,3000.0,0.389112524857315,0,0.042,0
48000.0,0.35279227173666566,salaried,0.5560447141106661,116,0.5440981160537821,5300.0,0.09406413392601083,0,0.11,2
39400.0,0.6434562133413397,gig_worker,0.18352677204938353,45,0.72601805157605,900.0,0.32145238764839,0,0.023,0
18500.0,0.4437068301117259,salaried,0.09620583182809359,7,0.7846774517332773,4500.0,0.3752454754943728,2,0.243,0
29300.0,0.7208017760369863,gig_worker,0.20556075078882158,73,0.8611514798528774,400.0,0.09869014358005747,1,0.014,1
41300.0,0.6821033991720009,salaried,0.5758189240848588,95,0.8928516979973341,5200.0,0.17449847481477473,1,0.126,1
46500.0,0.5920399896686486,gig_worker,0.5959147642477727,6,0.7715112260976106,5900.0,0.338541575672051,3,0.127,1
15100.0,0.5115200722524182,self_employed,0.21027701286179848,54,0.7227501921861875,4400.0,0.15745635068389072,1,0.291,1
26500.0,0.8933497037936846,self_employed,0.5094598025621345,51,0.6163777152820953,2000.0,0.4401160967906582,0,0.075,1
28100.0,0.5414347721818198,salaried,0.47764959178571154,0,0.8929786631535493,10100.0,0.1831020860757639,2,0.359,1
27500.0,0.6483424966254092,salaried,0.33280622609415944,26,0.7846245850050512,5400.0,0.12061927171347761,2,0.196,1
16300.0,0.8380505932276998,gig_worker,0.17092633883056427,8,0.5555723265777328,4400.0,0.13363471686498116,5,0.27,2
67900.0,0.8761150244579569,salaried,0.3260360607396368,26,0.6628967487156772,3600.0,0.47152666057711773,0,0.053,0
26000.0,0.8532403345370475,salaried,0.0379340798349198,58,0.39635421120176034,1100.0,0.7567255769768565,0,0.042,0
17000.0,0.9487248402885807,self_employed,0.21147444416040018,16,0.6825729358012762,2800.0,0.5489535244325706,1,0.165,0
68700.0,0.4504066422768566,self_employed,0.2761147736824471,12,0.5102453593586329,5400.0,0.38972897692056246,1,0.079,2
59900.0,0.8307656822668305,salaried,0.10273304085793268,61,0.6793118738496906,8600.0,0.21528519128687973,2,0.144,0
31500.0,0.36019328287207153,salaried,0.19432524786661984,87,0.9749249499092133,3000.0,0.17786301469753915,0,0.095,1
9700.0,0.7075755320497623,salaried,0.15160543949147812,1,0.8516296991582959,10400.0,0.20267752621480112,1,1.072,0
22800.0,0.8794217749317503,gig_worker,0.1324466376193613,61,0.8974409231220961,5200.0,0.21489281057997764,0,0.228,0
11100.0,0.5683436439585019,salaried,0.5477470801066704,2,0.7787192312517958,15300.0,0.2851178879946309,0,1.378,2
37900.0,0.8517020100537555,unemployed,0.526775239656246,9,0.861332557730838,9000.0,0.503589557994831,0,0.237,1
21900.0,0.942235403952442,salaried,0.222085270437764,34,0.6973602399711902,14600.0,0.14445708474460214,2,0.667,0
28900.0,0.5027388941894164,salaried,0.2761240004832209,36,0.8471798454675734,5800.0,0.2304670784765435,1,0.201,1
65700.0,0.7660258891935141,self_employed,0.3387027640871097,31,0.7354644469662379,3000.0,0.17061040409630127,0,0.046,0
21000.0,0.7069009427460577,salaried,0.22714557924713755,0,0.5072448573120415,4200.0,0.7477922656873286,2,0.2,0
37100.0,0.9808011234487294,self_employed,0.20076358897150645,3,0.5760119129296088,3600.0,0.20691189947186472,4,0.097,0
42700.0,0.6706627049569766,gig_worker,0.24422443525703172,66,0.717429751052743,4900.0,0.23334822883846454,1,0.115,1
52400.0,0.4503540356679504,salaried,0.040386216752636456,2,0.8455632202020915,3700.0,0.10609969541700529,0,0.071,1
27800.0,0.8223468851425823,gig_worker,0.24083589618789475,1,0.7280843150061426,12200.0,0.36672072793592786,2,0.439,0
26300.0,0.9590650925290248,salaried,0.3362956981193014,43,0.6901910159166829,11200.0,0.2902332969279927,1,0.426,0
26000.0,0.9451630029903162,salaried,0.1347047888684138,24,0.7782197569389719,2500.0,0.1849839533231789,4,0.096,0
35300.0,0.5322236980538343,salaried,0.1905144660997315,10,0.7825065263811857,6700.0,0.2912995873072409,3,0.19,0
58700.0,0.6044261540339103,unemployed,0.29180356463274604,4,0.8155255581862414,12100.0,0.30321414439695876,2,0.206,1
25400.0,0.42923512333476055,salaried,0.5326972599828486,51,0.7398685436584389,2500.0,0.30996339708248083,1,0.098,2
5700.0,0.8100570355994784,gig_worker,0.24054617277914944,107,0.8861879569038417,1800.0,0.36995081573076793,1,0.316,0
45100.0,0.8572635198663384,self_employed,0.266958613469862,1,0.8950076336193664,3800.0,0.14534630966069287,0,0.084,0
30400.0,0.5531275469754686,salaried,0.1287570117640069,19,0.898390321305536,1400.0,0.17002256646151898,1,0.046,0
38000.0,0.8983159335425082,self_employed,0.2650788754871514,7,0.8542306144269632,12000.0,0.1650024950273377,2,0.316,0
11300.0,0.7792454690864524,gig_worker,0.3251029646007508,42,0.5267878717200559,6000.0,0.036893855670223984,0,0.531,1
22000.0,0.869576749571521,gig_worker,0.2532577214178077,10,0.8823191829724327,800.0,0.1814783499659025,0,0.036,0
43300.0,0.5758614901391479,self_employed,0.059123776010873645,30,0.8881624693342168,5700.0,0.42020318415964425,0,0.132,0
14000.0,0.5364159641413384,gig_worker,0.27996912310796174,18,0.7680903521225068,12200.0,0.19264560066524647,0,0.871,2
37100.0,0.7874475970335074,salaried,0.148288474551071,18,0.7964649311758201,4700.0,0.18060948974897142,0,0.127,0
28800.0,0.869714961714991,unemployed,0.017870048794312313,46,0.8995983981385106,4700.0,0.42322119979706235,1,0.163,0
19500.0,0.7072570295408954,gig_worker,0.1362879342197515,15,0.8039179761051489,7600.0,0.5487640078843784,3,0.39,1
18600.0,0.9314640913807277,gig_worker,0.4186596955458403,44,0.7316124049463295,8300.0,0.2989802913413586,1,0.446,0
16400.0,0.8552404760846983,gig_worker,0.15157971428028297,10,0.9273321990371884,4100.0,0.45262703565383466,4,0.25,0
30300.0,0.9139840910182209,self_employed,0.3474544711940061,4,0.9609202730982015,10900.0,0.3196598254455309,1,0.36,0
32100.0,0.9636117310188885,self_employed,0.26368121373257264,14,0.7057292437356142,2300.0,0.19517190708971716,2,0.072,0
24100.0,0.897659063812464,self_employed,0.23840280557059207,16,0.7036840754624102,3500.0,0.14103752868603106,0,0.145,0
15800.0,0.8002900867990056,salaried,0.16521180802496827,15,0.8157197817090933,3300.0,0.584105901516411,1,0.209,0
36500.0,0.44933200739380913,self_employed,0.515207241282006,39,0.6077449641369391,7300.0,0.2659776738631189,0,0.2,2
45500.0,0.9640089371525922,salaried,0.5695434965693256,19,0.731164286641715,13200.0,0.04924618865337756,2,0.29,1
39900.0,0.568070131414278,salaried,0.3051095363205447,52,0.7873655989748055,10200.0,0.09853927962614228,0,0.256,1
73500.0,0.654829098465105,salaried,0.30702095214173125,17,0.9393120230814597,2700.0,0.32651688676403556,3,0.037,0
26600.0,0.5479279881028558,salaried,0.10998272172584572,6,0.6483975507433187,20400.0,0.17343299091617392,1,0.767,1
55800.0,0.6894183590161296,salaried,0.2614514886312482,3,0.7990160651209854,1900.0,0.22309585400509752,2,0.034,0
20500.0,0.5938053022461133,gig_worker,0.2622552006896864,48,0.7660015561585513,2000.0,0.22000850190126636,2,0.098,1
18700.0,0.762215585954769,salaried,0.1323653960199932,1,0.5733864739616773,2100.0,0.0784746110807565,2,0.112,0
31300.0,0.8504108760319095,gig_worker,0.5857098774001761,3,0.6668618236715118,3000.0,0.12461608200468853,1,0.096,2
61900.0,0.7511531685616403,salaried,0.31806187963606963,1,0.8981517365775751,8900.0,0.11837450591962718,1,0.144,0
25100.0,0.5946315448028936,salaried,0.35749862994905357,13,0.9279113605952143,8800.0,0.18253471025334672,2,0.351,0
11300.0,0.8881333099206082,salaried,0.2713443844166428,18,0.5947229734186316,2100.0,0.21000060559493935,0,0.186,0
45000.0,0.8986537218376736,salaried,0.364614565060523,0,0.6335436238081944,2400.0,0.31746851709065943,3,0.053,0
28200.0,0.4541972623381747,self_employed,0.20583499577692194,17,0.9075980746547225,7600.0,0.3044620524860998,3,0.27,0
34200.0,0.7807809200892875,self_employed,0.3851083512784966,12,0.7671408907180259,2700.0,0.08701829217890711,0,0.079,0
19300.0,0.9160215321759939,salaried,0.16167129968598337,35,0.7064725391000798,2100.0,0.08351607585600931,1,0.109,0
31100.0,0.668034123213364,self_employed,0.4407837203350673,42,0.5162220653760626,11500.0,0.4983241603790256,1,0.37,2
12400.0,0.7490202898448496,gig_worker,0.20859799735290474,27,0.6344525557753283,100.0,0.12203904118251063,1,0.008,0
68400.0,0.768986827832609,salaried,0.3591162963879335,15,0.6415992393042352,7300.0,0.3232508977584605,1,0.107,1
49200.0,0.676482447436275,salaried,0.2814399491213188,5,0.9361918894811703,7300.0,0.17649270454400462,2,0.148,0
30400.0,0.7811676476877288,self_employed,0.13067979426414056,45,0.8190473026881591,7000.0,0.29964172111208204,1,0.23,0
44400.0,0.802394943249713,salaried,0.5419772587763343,10,0.7901340494125506,3500.0,0.06487439983813637,0,0.079,2
20500.0,0.9591457639062969,unemployed,0.2444258528189647,10,0.8814755045621926,3000.0,0.18003937630647124,0,0.146,0
48100.0,0.7884017711424025,self_employed,0.30149830817985107,59,0.8527241298870089,11200.0,0.12134965877832007,2,0.233,1
24500.0,0.9566210096431114,self_employed,0.41812760129943427,89,0.9346297886626327,13100.0,0.09748964410587448,0,0.535,0
23600.0,0.6159546843438954,salaried,0.45322188408411984,54,0.7667503722218652,3300.0,0.157815877802524,1,0.14,0
17000.0,0.7688981522195986,self_employed,0.4799896790956086,152,0.8778954380312991,2600.0,0.11820019377779355,3,0.153,0
36300.0,0.73498258245365,salaried,0.1833180022605081,48,0.8244045036300277,100.0,0.2730174395141734,0,0.003,0
29700.0,0.8333109729140478,unemployed,0.17719953122516102,29,0.757413399400953,10400.0,0.2183845093723622,2,0.35,1
56700.0,0.6388861240627407,self_employed,0.24473950367693934,8,0.7007311154768919,7000.0,0.1518314887214205,1,0.123,0
15900.0,0.9352316929907271,salaried,0.4901551520725705,73,0.34419341220993216,8200.0,0.4414001364102702,2,0.516,1
36400.0,0.7981484368206196,self_employed,0.6106554271993045,50,0.8394155947266128,7400.0,0.05601288143699199,0,0.203,1
51500.0,0.6232732081114306,salaried,0.37410604661027724,6,0.8260588214516541,4200.0,0.2523185214802694,0,0.082,0
89600.0,0.5425549955584757,salaried,0.04653871717130287,16,0.8788369953303903,6300.0,0.29796752399180987,0,0.07,0
32400.0,0.5227298794709063,self_employed,0.5922909946757082,1,0.7982633679603159,6500.0,0.15674858342684603,0,0.201,2
24200.0,0.5017176206616485,self_employed,0.349566172754426,73,0.7934234165800083,12200.0,0.17253784083294776,0,0.504,2
32000.0,0.5605741084987386,self_employed,0.2131700512380738,20,0.5993356347571687,12100.0,0.3609326014064986,0,0.378,1
54500.0,0.8739469945796484,salaried,0.2639940843466384,6,0.8570718429313956,1500.0,0.26931766220610565,3,0.028,0
54500.0,0.547962042169328,self_employed,0.30398148839428596,8,0.832351949720959,500.0,0.1439540332549433,2,0.009,1
27600.0,0.7825184635070559,salaried,0.5672813124238812,94,0.7027208377812506,1000.0,0.08465366216034112,1,0.036,0
54000.0,0.538997455513186,self_employed,0.46781753053016806,22,0.7556832465492235,3700.0,0.18445384890127722,1,0.069,2
29000.0,0.6810705214260466,self_employed,0.05673707700836097,13,0.7154879358956446,12800.0,0.5477436056513403,0,0.441,0
44200.0,0.6890308811928142,self_employed,0.2822417683162709,16,0.8007025763046037,7000.0,0.1613439401442389,1,0.158,0
38500.0,0.6506537250798645,gig_worker,0.12659810687904863,2,0.8867416488913733,8600.0,0.3271867934769324,1,0.223,0
23700.0,0.7005242624708561,gig_worker,0.4999283641215229,1,0.790938650283181,4400.0,0.305687662667538,0,0.186,1
17400.0,0.7540940435299326,unemployed,0.43822762832800616,21,0.7142118751371161,1100.0,0.14642993430350426,1,0.063,2
52200.0,0.7399303117933508,unemployed,0.16329285247065808,17,0.7219633808912821,12600.0,0.18964972551169357,0,0.241,0
59400.0,0.8455533755341779,gig_worker,0.3129392012560667,10,0.8783286029916406,13600.0,0.37832010197071797,1,0.229,0
36000.0,0.5578544311138992,unemployed,0.5413144706176757,20,0.9490368189446631,3600.0,0.29814424381545035,0,0.1,1
29000.0,0.7953548623976918,gig_worker,0.41784445079436594,1,0.6544313563743246,1800.0,0.15906881681600957,0,0.062,1
14700.0,0.7949275944676922,gig_worker,0.24557915749327608,69,0.5315864392458665,4100.0,0.28235080840130705,3,0.279,0
51500.0,0.7680364731359623,salaried,0.2221683100807244,8,0.6981745816386608,10600.0,0.08977549674371631,2,0.206,0
33900.0,0.542893063181009,salaried,0.30342215396554595,1,0.9323465258599651,6100.0,0.03625599784650266,0,0.18,1
25500.0,0.8655485360752754,gig_worker,0.5863477778773634,4,0.8688738784878994,4500.0,0.2280401237747483,2,0.176,0
44800.0,0.5771174267054607,self_employed,0.18214878636288054,2,0.7120466033373926,9900.0,0.08929899542810124,0,0.221,1
13200.0,0.9105991660327397,gig_worker,0.425387002996058,4,0.9631505355362268,5600.0,0.13853139668302827,2,0.424,0
16500.0,0.7356224183703731,salaried,0.08533537881754619,12,0.8161163016127637,2700.0,0.2044736682285184,0,0.164,0
20100.0,0.7427791936148864,salaried,0.3619508624715657,32,0.5442243777356531,6200.0,0.3308531778017454,0,0.308,1
37900.0,0.5958800329324698,gig_worker,0.0671569182305665,7,0.5145812220656025,600.0,0.10841092719388859,1,0.016,1
32200.0,0.9133422157524486,unemployed,0.3715737059553359,13,0.6408137059871432,18200.0,0.29108128439326764,3,0.565,1
40200.0,0.5784131998001011,salaried,0.4250621300295692,63,0.7724035229705613,8500.0,0.1305480875145663,2,0.211,2
49800.0,0.8848425465645193,gig_worker,0.1713341717879344,8,0.7546825432918477,800.0,0.7160388631264641,0,0.016,0
40900.0,0.5295081524849873,gig_worker,0.5191446272552441,38,0.6521009952932224,3600.0,0.29541257602356386,1,0.088,1
69100.0,0.8064693001419327,salaried,0.4364514698705164,4,0.42851804860314735,6900.0,0.08330416417753408,2,0.1,1
49800.0,0.7830646374398563,salaried,0.25453568884665656,4,0.7802183630072952,7100.0,0.24837017755838384,2,0.143,0
27500.0,0.6226861084532436,salaried,0.4258060370047224,14,0.9723193355782055,8300.0,0.23787594063704984,0,0.302,1
21900.0,0.3071215874388056,salaried,0.028563271431746997,6,0.8170491186844732,4300.0,0.18689755990861473,1,0.196,1
28000.0,0.5118680729061208,self_employed,0.567387956345927,56,0.902107041529227,16700.0,0.23536856608504683,0,0.596,2
41600.0,0.6029954863325684,salaried,0.07383096417821217,1,0.8701427248765352,18100.0,0.3127585381279657,1,0.435,0
23200.0,0.9463039106805294,salaried,0.1432862182998745,21,0.7856365927937659,10400.0,0.6326250120804428,2,0.448,0
42200.0,0.7868502062427791,gig_worker,0.022707385225486782,22,0.9399235119791305,6100.0,0.3784502654419231,1,0.145,0
39800.0,0.6712147220852495,self_employed,0.31253877442583183,1,0.8889765559380037,1800.0,0.18558308632268408,0,0.045,1
17200.0,0.8978007637830253,self_employed,0.08664386200952305,31,0.8500419379014557,5800.0,0.05641815704926617,2,0.337,0
49300.0,0.8072995828221484,salaried,0.38421096428499035,15,0.8994419867588775,20300.0,0.14100074574487959,2,0.412,1
35300.0,0.6401352198628608,gig_worker,0.2849868127262505,30,0.5802308558031246,6500.0,0.28404612624149156,2,0.184,1
67500.0,0.6387842116507655,gig_worker,0.06927587913738027,42,0.6999426089831458,5800.0,0.3512227298970386,2,0.086,0
29000.0,0.6728640929242197,self_employed,0.29075507976753845,9,0.8659583262986971,5000.0,0.22461469163194467,1,0.172,0
24900.0,0.7932502998149824,unemployed,0.18049622791757364,15,0.6031712389626928,3000.0,0.208323185159102,3,0.12,0
16000.0,0.4010136119707568,gig_worker,0.3975919912718772,7,0.5873317984121786,2700.0,0.21397732832871358,1,0.169,2
15800.0,0.8692993073424229,gig_worker,0.11718204508607231,5,0.6684352708887866,9400.0,0.4720062248870606,0,0.595,0
46400.0,0.7932401661339586,gig_worker,0.21547831314518484,0,0.8256409353681121,8200.0,0.4140759599216301,0,0.177,0
64100.0,0.7181553135510255,salaried,0.19582282042919377,79,0.7791822184004688,1500.0,0.2128957362988896,0,0.023,0
27800.0,0.6538946517437563,salaried,0.32447114702701546,13,0.9423121322843697,14200.0,0.4552960970209053,3,0.511,0
26800.0,0.6943275000130085,salaried,0.1733672772372511,0,0.6198110790172799,8500.0,0.15049252113416653,0,0.317,0
30400.0,0.6670563877296092,salaried,0.5186913884455986,0,0.6624212912656233,19700.0,0.25214772206807967,0,0.648,2
51000.0,0.6094997440259539,salaried,0.418800743422792,8,0.658710067495574,3000.0,0.29080528958363744,3,0.059,1
17300.0,0.45643586803287234,gig_worker,0.3358477507786562,0,0.5920245721879136,9900.0,0.29517385862742845,0,0.572,2
33100.0,0.9012438905436297,salaried,0.5796322442186058,11,0.7280588664635117,2200.0,0.1066475094632735,0,0.066,0
47000.0,0.7957954187861261,unemployed,0.04302918538963834,1,0.5965691928977495,600.0,0.14687253602702094,1,0.013,0
37700.0,0.7779518684450557,self_employed,0.40582554327014314,0,0.8140362974827936,10000.0,0.4335265939953051,1,0.265,0
4400.0,0.8562434481044091,salaried,0.44780808086371565,26,0.6269226116428823,2100.0,0.19892897521113947,1,0.477,1
41000.0,0.6727127910725418,self_employed,0.18606086280819695,56,0.7555703652485641,7300.0,0.4788590039056013,0,0.178,0
37900.0,0.7187936976060043,salaried,0.3211163570160875,12,0.8905116754069314,6500.0,0.1903313642994334,1,0.172,0
55800.0,0.5149838114927157,unemployed,0.34429222460129416,43,0.8649165771830274,4000.0,0.07505804822630115,1,0.072,1
61600.0,0.5710257199923331,gig_worker,0.0973888873987321,0,0.9528472765431278,2200.0,0.09372632112630884,0,0.036,0
54400.0,0.7588252532421038,salaried,0.3994778361869812,36,0.5945607552282501,9400.0,0.2171342354998996,2,0.173,1
30500.0,0.8337276287964589,unemployed,0.47032262398061847,1,0.7364631448983809,5000.0,0.12229593085506112,1,0.164,1
11000.0,0.5530131859871288,gig_worker,0.2352880810741648,43,0.7838865125141777,300.0,0.36292153102923547,0,0.027,0
76700.0,0.990769209532324,salaried,0.11041405087327502,51,0.7905316754067898,5700.0,0.1865943674226353,1,0.074,0
26700.0,0.9443998538648304,self_employed,0.09188625957639718,36,0.6115364920277615,1100.0,0.43447084869824976,0,0.041,0
30000.0,0.6285401789523131,self_employed,0.1726236523218788,41,0.6014879580318857,3800.0,0.23267562851840193,0,0.127,1
63700.0,0.8399886414941705,salaried,0.5104762630363725,19,0.9192369593815845,5600.0,0.505308542550036,1,0.088,0
19400.0,0.7530063864453667,gig_worker,0.3370502342575562,7,0.7602859868887798,100.0,0.30364910031254383,1,0.005,0
13400.0,0.5843194927977614,salaried,0.30224025339722843,24,0.45640993610939,2900.0,0.11629550502629492,0,0.216,2
23200.0,0.5990022955057938,self_employed,0.36381381948355446,13,0.695729244844836,4300.0,0.05522827865779102,2,0.185,2
20000.0,0.8073364210252524,salaried,0.45640311327193556,0,0.9174700013930467,8700.0,0.07573541795677913,1,0.435,0
12600.0,0.8032307122100799,unemployed,0.32784131515444076,15,0.9599509086543315,11000.0,0.10967953232276248,1,0.873,1
28100.0,0.5993692009741056,gig_worker,0.7627416024929025,25,0.8359251872379487,6800.0,0.4144474540168085,3,0.242,2
30600.0,0.7517449290537518,salaried,0.2888085050626862,0,0.5765974984234162,12400.0,0.032447536529216905,0,0.405,1
12200.0,0.9047779557545984,salaried,0.504354989988994,23,0.9104384107265471,8200.0,0.11296653101689713,1,0.672,1
24800.0,0.697917617192305,salaried,0.5703547129823691,25,0.7102145588490067,1000.0,0.45185186842500763,0,0.04,1
19300.0,0.7419406749965687,gig_worker,0.3549427321635923,4,0.4421853957436882,9400.0,0.19186798616740738,2,0.487,2
9000.0,0.6710158972678617,salaried,0.22432904211507168,13,0.8422215153271045,1400.0,0.2474386958784428,3,0.156,0
31100.0,0.8381637898170762,gig_worker,0.18708708621138168,80,0.9217991889913175,10500.0,0.22587655598694692,0,0.338,0
32700.0,0.6553708983537365,unemployed,0.24788373220170898,51,0.8630200347505402,9900.0,0.228507515751727,1,0.303,0
19300.0,0.377928603258215,self_employed,0.26421378382621374,12,0.611544143420462,6200.0,0.25457413149192665,4,0.321,2
49100.0,0.9331217606182102,salaried,0.4291332675122205,10,0.759391605623357,5000.0,0.10547459690826211,2,0.102,0
29700.0,0.5594378201873655,salaried,0.1871711293816978,3,0.3703316373732185,4700.0,0.10261800192589457,0,0.158,1
19800.0,0.4748445998954276,self_employed,0.16564270698343314,0,0.8590380773697863,8600.0,0.06614467793487862,1,0.434,0
11700.0,0.7920127768820547,self_employed,0.08800623237817382,8,0.6858826755069247,3300.0,0.5656663623498838,1,0.282,0
33600.0,0.5112106097692911,self_employed,0.5397808648939341,67,0.581738620157923,3500.0,0.020108727870626727,0,0.104,2
37800.0,0.9075973766317633,self_employed,0.2972410711403488,76,0.5713334939293127,5100.0,0.4114574412370731,2,0.135,0
22500.0,0.6626371826030342,salaried,0.056085723452247195,40,0.5673430590263459,2500.0,0.1063435235323083,1,0.111,0
31600.0,0.9133428943889127,gig_worker,0.24665895774167754,10,0.8987326397633588,4700.0,0.38427630664625767,1,0.149,0
61600.0,0.46662260033368397,salaried,0.1643293859287698,3,0.43383105471208555,11600.0,0.4459246517821371,2,0.188,2
45300.0,0.6956450438853802,self_employed,0.38233474830308184,21,0.713990617779275,1800.0,0.13541992206863582,2,0.04,1
7200.0,0.8515259986729612,gig_worker,0.0007225889464269,24,0.7978125652714473,400.0,0.35941960832854664,2,0.056,0
19600.0,0.764738925556761,salaried,0.18876078111565664,13,0.7988859550243383,2400.0,0.2760259198814393,0,0.122,0
27400.0,0.5195096714813354,gig_worker,0.1077249513411438,28,0.8851956787887297,8400.0,0.18259711757910477,1,0.307,0
30500.0,0.788970570002941,gig_worker,0.22479508114733213,32,0.44153360997840607,6100.0,0.5557132771517796,2,0.2,0
32000.0,0.8798634684539,self_employed,0.3598251019433947,36,0.697206953233561,1400.0,0.21291023433735976,0,0.044,0
36600.0,0.572326695331067,salaried,0.40268534663030003,16,0.9381513493917125,7200.0,0.16423109775174063,2,0.197,1
27800.0,0.6611923628956536,salaried,0.34786890929026365,37,0.5081638618723042,6300.0,0.3197328981794225,1,0.227,1
29600.0,0.5427897214365497,salaried,0.14426160612648925,0,0.7540908195487431,11200.0,0.1302735377539605,1,0.378,1
46500.0,0.8118508161140532,salaried,0.11906138519134415,27,0.758965061954856,8300.0,0.44361265886769935,0,0.178,0
34000.0,0.7874301289681841,unemployed,0.12468652772300273,6,0.7498294884577172,10500.0,0.31074786205733496,0,0.309,1
15100.0,0.7586546578413662,self_employed,0.20283143939747952,7,0.4662439252947911,2200.0,0.07493590583667234,1,0.146,1
31000.0,0.7810258655437847,salaried,0.044014009299458756,2,0.7989453606453347,1500.0,0.3366288658462545,0,0.048,0
27400.0,0.6923380109414246,unemployed,0.07477802006887488,5,0.6996065395795852,3100.0,0.043531367983663055,2,0.113,1
8900.0,0.6444137941278283,gig_worker,0.022361401750293972,115,0.7216160577356568,3200.0,0.39204324365753107,3,0.36,0
31900.0,0.7823438062605124,salaried,0.0705122872076329,12,0.7400544575553544,4200.0,0.4032324414361612,0,0.132,0
16200.0,0.6077830809236552,salaried,0.1364129106588533,63,0.8624762006500489,1700.0,0.13095726258174378,0,0.105,0
46800.0,0.8593149397950012,salaried,0.1530232465982207,4,0.8883367952889054,2700.0,0.4010366859681724,0,0.058,0
36400.0,0.8814534188454423,unemployed,0.04996919281343127,5,0.6731701371010338,16300.0,0.2115138602802745,1,0.448,1
14600.0,0.7862296340212258,self_employed,0.3029626433347087,19,0.7937247221504636,6000.0,0.11985294843305433,3,0.411,1
45800.0,0.7312484664497211,gig_worker,0.39982774635522766,10,0.7090356692830145,5300.0,0.03819967275267032,0,0.116,1
56300.0,0.4556367280477321,salaried,0.5272016219353105,24,0.8832547473924217,7100.0,0.47631023168501585,3,0.126,1
25700.0,0.4862550683135078,gig_worker,0.43940817016038736,13,0.9084522889826837,1600.0,0.2543227001933656,1,0.062,1
27300.0,0.7399702935221487,salaried,0.17343908741635866,40,0.6627401204870003,1200.0,0.24739290957213694,0,0.044,0
43600.0,0.6757925657639171,unemployed,0.4226208617262312,13,0.8757574968093791,5200.0,0.3073076339225174,0,0.119,0
54200.0,0.8917526718841037,unemployed,0.3027380555086696,20,0.635670467882545,1000.0,0.4670665034000345,3,0.018,0
10500.0,0.900275750945833,salaried,0.3373340819034208,9,0.8932460006895598,2100.0,0.1696844411816892,1,0.2,0
15600.0,0.9682933633564743,gig_worker,0.16061082786682207,29,0.8030447224576323,500.0,0.12756732726773887,0,0.032,0
23500.0,0.927610421148277,gig_worker,0.10117799353863992,25,0.9388781958448474,9700.0,0.1467272690451617,1,0.413,0
24900.0,0.7609081359199112,unemployed,0.21084482208318903,12,0.9625654351186074,6200.0,0.17089784717594012,2,0.249,0
43000.0,0.7925438014216961,salaried,0.08333705577988032,7,0.6995863071409911,3000.0,0.07836716793030528,1,0.07,0
54300.0,0.7149741344899858,self_employed,0.34726951902014114,22,0.7692050165112163,19000.0,0.403610909970985,2,0.35,1
56300.0,0.9499335492156892,gig_worker,0.22723119083390905,68,0.9158902625336653,10400.0,0.49007552877179217,2,0.185,0
10400.0,0.7896557949939793,gig_worker,0.25256954047625785,3,0.7679716128245188,5700.0,0.3642902903330056,2,0.548,0
18600.0,0.631196172500542,salaried,0.5238540915770271,38,0.8241188582438941,12100.0,0.15674234567606884,2,0.651,2
14200.0,0.9411280834026636,gig_worker,0.10517891321876086,18,0.8961772104371276,4500.0,0.36899210692283185,0,0.317,0
21200.0,0.8507837381689941,salaried,0.0326416027139041,17,0.8310010814911623,6000.0,0.2950572250606873,0,0.283,0
18600.0,0.8842143817843766,gig_worker,0.3371376203994161,78,0.9588670143221188,5400.0,0.1944295602211952,2,0.29,0
36300.0,0.5784878499693944,salaried,0.2035155419798663,22,0.49283631076875295,4000.0,0.3141701786929968,0,0.11,0
38500.0,0.6969227027450439,salaried,0.29197580414104046,42,0.5661867932912029,4200.0,0.3601144935340363,3,0.109,0
29400.0,0.8256381686488442,self_employed,0.40495400519628466,17,0.8398780773247557,18700.0,0.4802248954326432,0,0.636,0
28000.0,0.3064418285509512,salaried,0.7059019199587441,6,0.8317903031882691,7400.0,0.3447348469517367,3,0.264,2
24000.0,0.6157022457339184,self_employed,0.4719442784301105,28,0.7145689479337545,12700.0,0.19164719416742623,2,0.529,2
25500.0,0.81442178666704,self_employed,0.23064726551417516,61,0.9095535811221399,1900.0,0.040901890260222395,2,0.075,0
61300.0,0.5468384419558776,salaried,0.13124459669628097,44,0.8401455530260591,3600.0,0.35456304127779864,4,0.059,0
41400.0,0.8479683557734639,salaried,0.30076633914355755,5,0.9251261281657378,1800.0,0.3939375063301515,3,0.043,0
24500.0,0.8607757693293442,gig_worker,0.13635734577756778,9,0.6762842031263735,10400.0,0.15292530748882963,2,0.424,0
27700.0,0.8306140040771349,salaried,0.3496237856255674,17,0.625395912213305,11100.0,0.21303648050104304,2,0.401,1
36700.0,0.834892415483499,self_employed,0.6082738291862435,20,0.906990683210394,7100.0,0.3639809877108897,0,0.193,0
14600.0,0.7356477341868471,self_employed,0.7601282187290637,5,0.6583361327643446,23600.0,0.07907682753158307,0,1.616,2
31600.0,0.8554248904383601,unemployed,0.32244428815043363,6,0.6066800580636993,10900.0,0.3016149800731313,0,0.345,1
40200.0,0.4891368248133261,gig_worker,0.17598308414445696,34,0.4659079601083323,5500.0,0.10864464721308725,3,0.137,1
37700.0,0.7658079504790505,salaried,0.2757924883850784,31,0.8079029915825012,5200.0,0.23560764535639683,2,0.138,0
18800.0,0.6416344427171948,gig_worker,0.2530752726801067,43,0.8428818136482202,7300.0,0.16604776520008854,2,0.388,1
20800.0,0.5260761408679248,unemployed,0.09293314087378177,64,0.6698187537789516,11400.0,0.24777232602958577,2,0.548,1
8300.0,0.3754374965772714,self_employed,0.2999928878786953,8,0.6686366612323686,7800.0,0.23708607353698746,5,0.94,2
42300.0,0.4969359856487292,unemployed,0.16361761445733064,47,0.6969751474257841,3500.0,0.4469216545901271,0,0.083,1
74000.0,0.45404784817976085,self_employed,0.23540140304030507,26,0.9638715169639973,3500.0,0.05881337184689503,5,0.047,1
17400.0,0.7718116428628737,self_employed,0.3225008478851945,75,0.7040032345928339,6500.0,0.4941278008132749,1,0.374,0
49600.0,0.7105205824223705,salaried,0.5701446283903887,7,0.8187519422891182,3100.0,0.2771966845736043,2,0.062,0
70700.0,0.903524222422448,self_employed,0.5421202397206589,7,0.8764635149349583,13600.0,0.5247310065426862,3,0.192,0
22800.0,0.7355634201096786,salaried,0.17879938911675353,29,0.7788317969840499,6600.0,0.22677892871394267,2,0.289,0
27700.0,0.8556708221414717,salaried,0.3619543227011637,63,0.8336157358357722,1500.0,0.09661345880479208,3,0.054,0
33400.0,0.6194850836800997,salaried,0.5111631312044796,41,0.7490471717020493,4900.0,0.2285369367967157,0,0.147,1
37100.0,0.8529859556938088,salaried,0.16494140815849745,31,0.7722047313537599,5500.0,0.393869030815735,0,0.148,0
34300.0,0.739111475000805,salaried,0.33664672315378513,11,0.7575762356255251,11100.0,0.05492306329125854,0,0.324,1
23700.0,0.626095790479198,self_employed,0.16526205254184426,30,0.7659984515977912,5000.0,0.1567023632917682,1,0.211,1
39900.0,0.8551363123672936,salaried,0.2905070220194011,38,0.4615029540919795,20800.0,0.026364153006597973,3,0.521,1
24000.0,0.653443179631224,unemployed,0.32901767696250606,33,0.9039800055130456,8200.0,0.4836438358644401,1,0.342,0
35500.0,0.8428885060771419,salaried,0.4862921255121897,27,0.8636868981978502,1500.0,0.305088148028842,2,0.042,0
28900.0,0.5586873593435325,salaried,0.5749132971380708,1,0.7602033816993595,4000.0,0.1755826178519506,0,0.138,1
9700.0,0.9514275999063222,salaried,0.508347409278388,25,0.8891566055857948,3300.0,0.11610198567397614,0,0.34,0
53200.0,0.49684416780508833,salaried,0.48121239241667046,15,0.5438379153360177,5500.0,0.2369597117407364,2,0.103,2
21100.0,0.5683806690526158,salaried,0.25892249331985506,78,0.9157405716454134,16900.0,0.35877777315499804,0,0.801,2
55800.0,0.6218136477247822,self_employed,0.12448126694236455,22,0.6018180416197741,2600.0,0.4002748128213193,0,0.047,0
48700.0,0.2801242035964402,gig_worker,0.06175663722142773,22,0.6848854805593513,900.0,0.2893560963845288,2,0.018,2
32900.0,0.880361753164263,salaried,0.48400336377261954,123,0.9258672695687907,4300.0,0.18386500813055567,5,0.131,0
38100.0,0.5994895271320958,salaried,0.4851371104408819,2,0.3646788970900135,3100.0,0.23169290658004904,0,0.081,1
40400.0,0.3822477909264984,salaried,0.2629732172424964,7,0.9167901968626364,7100.0,0.26127352755188354,1,0.176,1
26400.0,0.49591825753932667,gig_worker,0.5415590892977813,25,0.40907929667703136,500.0,0.3148576597153913,0,0.019,2
27100.0,0.6474091985295909,gig_worker,0.24762026222857672,9,0.8628807066646533,12000.0,0.2777240800304302,0,0.443,1
39400.0,0.8459895905557199,salaried,0.35966134577585707,10,0.7531758235918236,6500.0,0.26745293706701073,1,0.165,0
29000.0,0.8409049692107263,salaried,0.5902956104799736,53,0.6390536373070993,6600.0,0.18700051514084107,1,0.228,1
23800.0,0.5870818359843597,unemployed,0.04844156096168612,20,0.8648173542956631,5300.0,0.6013950000309449,1,0.223,0
19000.0,0.6827737095772949,salaried,0.2908587855054405,2,0.8943338031957837,1200.0,0.34787866959961206,1,0.063,0
36000.0,0.8598663815951073,self_employed,0.38894084554274333,8,0.7521975982518948,5500.0,0.33879397163034364,2,0.153,0
20700.0,0.8332366548733346,salaried,0.11625194362130103,1,0.903266059531872,3400.0,0.24334678227789358,1,0.164,0
44600.0,0.766297495618453,self_employed,0.3791047061298782,19,0.6012420058313723,800.0,0.19743783574141102,1,0.018,0
46500.0,0.7823112371627274,unemployed,0.1309323975126246,4,0.5953418633162852,2900.0,0.17037240703597767,3,0.062,0
37900.0,0.7454028055598397,unemployed,0.3543673163447301,46,0.5059182033282714,9900.0,0.5095574417651325,3,0.261,2
41900.0,0.7417846738155762,gig_worker,0.28931798321922136,20,0.8215734737075507,9000.0,0.2580305073991024,1,0.215,0
38000.0,0.8936129972821386,salaried,0.4919298994642751,1,0.7857728858704638,8500.0,0.21665629007589662,1,0.224,1
43400.0,0.9543562369630285,self_employed,0.1354074067708917,8,0.7539983839747157,7500.0,0.2564861526507635,0,0.173,0
42500.0,0.8132880004858765,salaried,0.18759651229628171,22,0.9131325905229176,7500.0,0.1427906211006725,0,0.176,0
35100.0,0.6179881108471229,unemployed,0.4459326333724794,9,0.7746971539069125,10300.0,0.35305643588289265,1,0.293,2
49000.0,0.7495400659211222,gig_worker,0.13567124957126336,17,0.8993924557893967,3700.0,0.1525116337030669,2,0.076,0
26900.0,0.5800339024902863,salaried,0.2961108986201181,57,0.3860521207296391,8300.0,0.11497637402828106,2,0.309,1
19300.0,0.6345934441448824,salaried,0.36409286075286823,10,0.7378737191344652,9000.0,0.25713145336988985,0,0.466,1
18800.0,0.7909771827334604,self_employed,0.2842586916200997,9,0.4643663181320442,13700.0,0.10924140551320086,1,0.729,1
24900.0,0.77429514309298,unemployed,0.424950492112485,41,0.633140303852706,11200.0,0.2251320817709008,1,0.45,2
8800.0,0.91960537604093,self_employed,0.5154834471458746,9,0.8718418053000877,13800.0,0.49827825707670953,0,1.568,1
32700.0,0.9014010613687995,salaried,0.3689356301391729,1,0.8003756320443758,6900.0,0.3033383956498343,2,0.211,0
40600.0,0.9500900954960569,salaried,0.10752460569373971,4,0.7283190323332038,13400.0,0.5163121377788554,1,0.33,0
46200.0,0.6414111791575332,salaried,0.19755311781198875,71,0.35208736175142763,4400.0,0.10572258119874803,1,0.095,0
11000.0,0.7802141965833653,unemployed,0.18408417427868556,64,0.584628687036061,1400.0,0.24050965724410342,2,0.127,0
19100.0,0.9072673859405141,unemployed,0.392029652473866,6,0.6022486993177406,10100.0,0.7310559353218589,0,0.529,1
44000.0,0.8779712541331406,unemployed,0.18001197652189468,19,0.808418485190835,4900.0,0.20394341853593806,2,0.111,0
26500.0,0.8186071868054364,gig_worker,0.03459030884159249,3,0.8572988825372562,3300.0,0.18619421750520002,2,0.125,0
40200.0,0.5917177099427748,self_employed,0.5470909958314741,26,0.7126388047824397,9700.0,0.11637071039078424,1,0.241,2
14200.0,0.8268664982169863,self_employed,0.1128596474390191,4,0.8460853197626989,5900.0,0.4453649966772969,1,0.415,0
55500.0,0.6026316815951945,self_employed,0.22692029747629264,1,0.4770582069544132,2800.0,0.12176065165521213,1,0.05,1
13500.0,0.8565120121515687,gig_worker,0.36742337177921014,41,0.4533371328031294,2900.0,0.1656962190341408,0,0.215,0
3100.0,0.6714061128856109,salaried,0.22849077473379095,9,0.8451288609539932,4400.0,0.21810813426542291,3,1.419,2
32200.0,0.4357298774795951,self_employed,0.23592058351381584,2,0.9209406894586399,7500.0,0.4190465750501544,2,0.233,1
32700.0,0.8449046896021795,salaried,0.7919550052933899,43,0.9049925001077602,3600.0,0.2654534606872007,1,0.11,1
22400.0,0.5438212977433454,salaried,0.19466451587574543,34,0.8548377077334695,4100.0,0.27945187223768714,5,0.183,0
37300.0,0.9524283714959786,gig_worker,0.5459631164352594,27,0.7907913340985568,10100.0,0.30283182812945203,1,0.271,0
37800.0,0.6588538271781449,unemployed,0.19367461004373013,58,0.7171494298487754,7200.0,0.36170364175798425,0,0.19,1
35800.0,0.7262425674043523,self_employed,0.48170018448607804,16,0.8448480236537789,1700.0,0.12161769258165357,2,0.047,1
22200.0,0.8828341480526164,salaried,0.0953678120236269,3,0.9570027018075127,2900.0,0.36252925584381834,1,0.131,0
19900.0,0.582775612214217,unemployed,0.12911857745437097,1,0.8107972537342631,3200.0,0.28005957537133847,0,0.161,1
23500.0,0.45596062432169027,gig_worker,0.4613882214879201,9,0.9517035668211002,4400.0,0.682186488218842,2,0.187,1
18500.0,0.8177470451377538,salaried,0.19993998334389398,2,0.9483391575829966,6200.0,0.5158637501642543,3,0.335,0
50100.0,0.8111169633295371,self_employed,0.6971029343642365,18,0.5268969881425288,6700.0,0.28569082321108935,1,0.134,1
24600.0,0.3941519008160553,salaried,0.31242123075598577,0,0.811775843000787,5200.0,0.17022931356208693,2,0.211,1
31800.0,0.7355870483945809,self_employed,0.33995960227775784,14,0.6820471330100307,9600.0,0.22961464233330453,2,0.302,1
43900.0,0.5896813349611572,gig_worker,0.19811971293170597,4,0.7914971317291769,3900.0,0.2603593871977285,1,0.089,0
18000.0,0.7614483256947397,salaried,0.09735518016346464,11,0.64040484694217,4500.0,0.23057931180678487,1,0.25,0
13200.0,0.9004034684248604,salaried,0.22909336367160527,26,0.7321865682600396,3200.0,0.1640711326869434,1,0.242,0
18500.0,0.7891541489212817,salaried,0.03979575992887504,10,0.7922449147716937,9500.0,0.07114776386212338,0,0.514,0
33500.0,0.8754924801877431,salaried,0.41549119855416533,10,0.7739143809507523,2100.0,0.4171242316812308,3,0.063,0
32400.0,0.6805106786719145,salaried,0.16849323261606852,112,0.700762741614184,4000.0,0.10130862861610133,0,0.123,0
35700.0,0.5046201288876146,salaried,0.3081125671805601,30,0.4847836966685204,11700.0,0.370108924547443,0,0.328,2
27800.0,0.6885445859590374,salaried,0.3619450611431905,17,0.8836029482177556,4800.0,0.1609989069438269,2,0.173,0
5600.0,0.8405059631774415,salaried,0.17075850653527344,20,0.5160158271273505,400.0,0.3611501301829912,2,0.071,0
27300.0,0.6873464976472374,salaried,0.3202886760533314,23,0.6812327680712499,1900.0,0.05755196282868993,1,0.07,0
46700.0,0.63897331798218,salaried,0.22209678538792374,0,0.8939121400690131,8300.0,0.16932484894361077,1,0.178,0
52600.0,0.2567689316656368,self_employed,0.20558258109541344,2,0.9305177437217352,8000.0,0.09514685899392587,0,0.152,2
30700.0,0.6002417702550259,self_employed,0.29994562001543956,25,0.9199216455360799,16900.0,0.16115658675035138,0,0.55,1
32500.0,0.4800252647586531,salaried,0.19787716501255226,10,0.7866680237915551,1400.0,0.6426380599744602,1,0.043,0
39800.0,0.941151876137752,self_employed,0.583484889156554,1,0.7977711282391002,11600.0,0.47003107307289,1,0.291,0
51900.0,0.9273930659956594,unemployed,0.08827139668663508,8,0.8502112933967346,13500.0,0.3450864919094396,1,0.26,0
29300.0,0.8342942448783425,unemployed,0.25327419552161906,3,0.8596809262022869,3500.0,0.08214365204949661,0,0.119,0
39500.0,0.6203548804956039,salaried,0.10427872569757443,59,0.690795293321167,3400.0,0.5123473346708852,1,0.086,0
21700.0,0.8665163690725843,gig_worker,0.6939392213835064,5,0.8759625997618761,5900.0,0.26943572940315874,2,0.272,1
14300.0,0.8900247268685689,salaried,0.5462591128566195,3,0.8493936977114239,9700.0,0.2779624509564369,1,0.678,1
22900.0,0.6778973653084451,salaried,0.5173276366428421,23,0.5708945382552796,1400.0,0.559836151644289,2,0.061,0
57700.0,0.6922508280324674,salaried,0.020526593682165296,17,0.6967544732764284,7700.0,0.30413840960303173,1,0.133,0
39900.0,0.6721419589267783,salaried,0.34159581903340036,20,0.63281379927021,1300.0,0.41485742856085994,1,0.033,0
15100.0,0.6667227282857134,self_employed,0.2400046488468308,13,0.9072600004127125,8900.0,0.05343084552918191,3,0.589,1
40800.0,0.5627095885871778,self_employed,0.4613408101054544,15,0.8411813548169907,4400.0,0.13199428619525974,2,0.108,2
15800.0,0.7347071355646518,gig_worker,0.2659923144457046,36,0.7367220150874272,1700.0,0.1094444061932832,1,0.108,0
35500.0,0.6701594891407483,salaried,0.21831007995330565,5,0.9890198144327098,4200.0,0.08950288817583005,2,0.118,0
17600.0,0.7976114048697132,salaried,0.36865423659613394,12,0.5024980583812056,1000.0,0.10522632270765149,2,0.057,0
14600.0,0.7724531934708514,salaried,0.4055265226854529,75,0.7458953563860876,2800.0,0.2108747522904272,1,0.192,1
62400.0,0.6694136427409724,salaried,0.26670710644915185,5,0.8589130288346061,6400.0,0.26576227028349764,1,0.103,0
24600.0,0.6802750898170427,unemployed,0.4185371968544107,8,0.8300958195099393,15500.0,0.12436754762030978,3,0.63,2
39600.0,0.8078655771860844,gig_worker,0.24360028567907693,5,0.9044897367323628,4000.0,0.3100633900032819,2,0.101,0
30000.0,0.5853727121020936,unemployed,0.34553330618827766,0,0.6636623722572638,6700.0,0.4211774439201574,1,0.223,2
16500.0,0.8953720328723529,self_employed,0.6736497645418057,7,0.8975295524735174,7000.0,0.20417501136716568,3,0.424,0
26000.0,0.8159875310457804,salaried,0.2616922966748441,1,0.4445325932802923,2500.0,0.10275459399505663,1,0.096,0
16600.0,0.8336924730261002,salaried,0.43613934581827746,4,0.6051819585585829,6200.0,0.24166031285820447,3,0.373,1
84000.0,0.9524282156443209,self_employed,0.3861253329683695,10,0.915722945181468,300.0,0.04663020044456429,3,0.004,0
43100.0,0.7832476933732399,salaried,0.21300273911107112,0,0.5048093659958053,500.0,0.31479963470420325,2,0.012,0
29700.0,0.7293634025570742,gig_worker,0.30230615863401195,33,0.4498267581453329,2800.0,0.23307746929928805,2,0.094,0
38500.0,0.5042765642219075,self_employed,0.1852753800707326,38,0.6967354210543334,1600.0,0.10802111508051644,1,0.042,1
41700.0,0.783256473250867,salaried,0.16628577045791454,12,0.44799783017218375,7400.0,0.321306970055178,2,0.177,0
41800.0,0.8593828635782877,gig_worker,0.23386879193908305,100,0.894654316384163,8200.0,0.22635161870035664,0,0.196,1
40900.0,0.7423927532621812,gig_worker,0.10273773552400316,27,0.8538751817528686,800.0,0.1839993810836623,3,0.02,0
39400.0,0.7113224340162793,salaried,0.372948322762294,32,0.8119872021802256,3500.0,0.2844849473491403,1,0.089,0
30900.0,0.6274480237156711,self_employed,0.24684971562171226,5,0.9710177581679407,1700.0,0.07990608463113812,0,0.055,0
60000.0,0.9387696665527271,salaried,0.6560400007803336,43,0.8768705588239454,13400.0,0.3023592899381173,1,0.223,0
31900.0,0.8360409244182776,self_employed,0.16399455027377866,69,0.6554484813798604,3100.0,0.20125220720637607,1,0.097,0
30100.0,0.755830099786848,salaried,0.5410090291364998,6,0.6559069114325651,2800.0,0.6957118217523927,0,0.093,0
32100.0,0.5303400693941931,salaried,0.7382535750041421,27,0.6378316043468979,2300.0,0.14256124471335782,1,0.072,2
33200.0,0.8848426819623755,self_employed,0.34387826078401956,32,0.6339592158653125,3200.0,0.19392970611958682,3,0.096,0
11000.0,0.6653806062237981,salaried,0.23309053618657094,8,0.5533258419102454,15700.0,0.26051162621324936,1,1.427,2
18400.0,0.5230422714382195,gig_worker,0.26877031327125944,15,0.9598017717923416,1700.0,0.5104107570833898,0,0.092,0
27800.0,0.8070413641599417,gig_worker,0.43277127176915253,2,0.9595897418605005,1600.0,0.03082439048018172,1,0.058,1
10700.0,0.706423790292641,salaried,0.32577244076800516,4,0.7833886506717384,700.0,0.25091428513297953,0,0.065,0
29700.0,0.7996850969341842,gig_worker,0.08608530276134006,1,0.9274743363832291,14900.0,0.10044778958316797,0,0.502,0
33000.0,0.8024735806996516,self_employed,0.11029512904808379,19,0.4835875948487358,2500.0,0.4253683463282062,2,0.076,1
14000.0,0.8009153795014339,salaried,0.6002790567641956,23,0.967994823687142,3200.0,0.16415423976195984,1,0.229,0
20900.0,0.8149807942703446,self_employed,0.05328414653021906,59,0.5562768827757292,6100.0,0.06838101540903159,0,0.292,1
53700.0,0.953426025691464,self_employed,0.1657018190897903,18,0.8208338797852641,500.0,0.07857583288641327,1,0.009,0
38700.0,0.8359441558297113,self_employed,0.551457503242073,7,0.8728741029133926,4700.0,0.18785024574934955,1,0.121,1
37600.0,0.7575038972689404,unemployed,0.2889248968822442,1,0.9233209539577129,4000.0,0.06703845339412833,1,0.106,1
50500.0,0.8768042694712005,self_employed,0.5610290657350552,51,0.9033919370861098,7000.0,0.1080167492949332,2,0.139,0
18600.0,0.6744031745494264,unemployed,0.3554299141614538,15,0.653640883907186,4200.0,0.1234366256437391,1,0.226,2
14000.0,0.7440203650858445,self_employed,0.189889259398188,32,0.825176716334274,7200.0,0.338348686460315,0,0.514,0
47200.0,0.9326713297273941,salaried,0.2694747259164234,0,0.8861650124894638,9400.0,0.4205683796840213,1,0.199,0
28200.0,0.6051669316064516,self_employed,0.08901101885065066,16,0.8219872043609333,2400.0,0.2665306906391329,1,0.085,0
18300.0,0.5092200437458454,salaried,0.32394218486212556,9,0.767584842802612,11800.0,0.3549716537429194,2,0.645,2
74400.0,0.6083548703334001,self_employed,0.3333110652185757,0,0.42731075127114265,6100.0,0.25081903164893293,2,0.082,1
11000.0,0.7466219224757161,self_employed,0.014236240564774714,35,0.6386949534955518,700.0,0.10096902230441254,1,0.064,0
32300.0,0.7051579156907758,self_employed,0.1055152757449862,17,0.7024599371855045,14700.0,0.499334558975155,0,0.455,0
26500.0,0.7329320567709287,salaried,0.04867749814565534,9,0.697288844119986,4300.0,0.2345171356565735,2,0.162,0
24200.0,0.6525021525500522,self_employed,0.405901372445275,39,0.7035354392301266,9000.0,0.3703083306128226,1,0.372,2
6800.0,0.7729465730760279,salaried,0.49470932169557474,14,0.701036269932104,7100.0,0.2688662900379678,0,1.044,2
59700.0,0.7635086872244203,self_employed,0.1220911738401469,0,0.7837355954957181,1500.0,0.21814527656171745,0,0.025,0
12500.0,0.8409317466543788,gig_worker,0.008565174386253177,69,0.9281274359376537,2600.0,0.20819238343920943,3,0.208,0
25400.0,0.8738759245581637,unemployed,0.36575333778214814,7,0.22986074363781578,4100.0,0.5462979653707027,3,0.161,1
23200.0,0.7237258152308602,salaried,0.3012083481223279,42,0.6586065517017546,8900.0,0.4111405199098846,2,0.384,1
39300.0,0.532564626564984,self_employed,0.4699850503138131,40,0.6470523078120207,5400.0,0.03880033451235379,0,0.137,2
11000.0,0.8670751601513969,self_employed,0.21307268907470633,4,0.842764278411812,4200.0,0.22016440637396614,1,0.382,0
37000.0,0.7145610411358045,unemployed,0.2850281654329639,15,0.8483253672277637,5400.0,0.36770701985698784,2,0.146,1
32300.0,0.4999806861134991,self_employed,0.12098858905509059,0,0.9402720627364903,100.0,0.13926802633924837,1,0.003,0
20300.0,0.9037172032102708,salaried,0.5406624292853617,10,0.6737510431796004,3900.0,0.19669347889910932,2,0.192,2
36400.0,0.7476263383530185,salaried,0.5290382989791628,31,0.7439191885734564,4100.0,0.20367989605945838,0,0.113,1
29600.0,0.9002957203999752,self_employed,0.5659897486055057,6,0.7767535730586757,3900.0,0.09541725371099412,1,0.132,1
66600.0,0.7667291095581651,gig_worker,0.22321064213921446,2,0.5423659495056209,13900.0,0.17979707755484894,1,0.209,1
26500.0,0.34700402696009086,gig_worker,0.3039308127744367,16,0.6568615889112798,21400.0,0.3430240711994669,1,0.808,2
17000.0,0.5218868230885771,salaried,0.03923079554779993,18,0.8860281094600237,1400.0,0.576639693622912,1,0.082,0
37200.0,0.774834441358116,unemployed,0.1929170660071811,27,0.871060973217609,2500.0,0.25006162889594585,0,0.067,0
24800.0,0.7155951709584802,salaried,0.10672595986618227,34,0.9356219051141634,11500.0,0.33372574805620714,2,0.464,0
29300.0,0.83737443335943,unemployed,0.3008893453852041,28,0.9458742756119262,7000.0,0.045228414067188055,1,0.239,0
14000.0,0.7376916256105835,gig_worker,0.39549791795591005,44,0.8383642248944366,8100.0,0.12876613849357785,1,0.579,1
39600.0,0.7613541302144803,self_employed,0.3725076345941063,6,0.8427128163191485,3400.0,0.15343525930999766,1,0.086,0
22700.0,0.9325702225012807,gig_worker,0.3459924521938173,20,0.452649482127275,5000.0,0.3570054720629295,3,0.22,0
33600.0,0.6343940463908482,salaried,0.3480301152650873,10,0.4736409156740744,6400.0,0.7032285820218315,4,0.19,1
74700.0,0.5291592989820874,salaried,0.3693708189814393,78,0.8187624630711402,21000.0,0.8520780710417722,2,0.281,0
25700.0,0.8842813572813871,salaried,0.3037906840217618,13,0.9107067674695186,7700.0,0.02097822611318889,2,0.3,0
42300.0,0.5841322189213477,salaried,0.18897772771557286,77,0.6679216589306204,10300.0,0.38198602928947323,2,0.243,1
26600.0,0.3514176228155025,self_employed,0.10798668376529881,35,0.7762199034956883,4400.0,0.23827625036643005,0,0.165,1
20500.0,0.6907422543273048,salaried,0.35133070731999066,30,0.880220132036636,8100.0,0.2387561456876697,1,0.395,1
54600.0,0.7182059078745258,gig_worker,0.08426063965932765,16,0.5650895252713167,9400.0,0.18110846990018284,3,0.172,0
9000.0,0.8741898617198318,salaried,0.3701921478640116,14,0.6579313469411975,6800.0,0.31103961625133364,2,0.756,1
47600.0,0.6388117490320595,self_employed,0.4866749431512049,17,0.9375414417985343,1000.0,0.1514212320134909,3,0.021,1
8300.0,0.4034394164700114,self_employed,0.166003593157925,8,0.7865946532839777,2200.0,0.4479024028663065,0,0.265,1
45200.0,0.9420384581111477,salaried,0.34307927281064743,56,0.8655810292253471,4600.0,0.3418889639829704,1,0.102,0
29600.0,0.5169591554130213,salaried,0.5171282481265398,37,0.9032497598507586,6200.0,0.3824190713018608,0,0.209,0
17000.0,0.8087453954805649,salaried,0.0547920609497154,38,0.6121484327972285,7700.0,0.2811420591841789,1,0.453,0
23500.0,0.8945535247960736,gig_worker,0.17234038222678733,13,0.8702904197323368,1600.0,0.08662429558672881,0,0.068,0
41200.0,0.7625596750911925,self_employed,0.13933579809830637,1,0.793933335845937,3800.0,0.23670517656379345,2,0.092,0
71200.0,0.7895970237182163,salaried,0.21649068549746162,27,0.8121933341948353,6100.0,0.1940290803853343,1,0.086,0
11300.0,0.8434122797094852,gig_worker,0.3646212174396626,11,0.9104706969987109,7400.0,0.13290458646996048,0,0.655,1
17600.0,0.7236786773399515,salaried,0.4351491837311797,49,0.6469902717304151,6100.0,0.1833162846136375,0,0.347,1
13300.0,0.925070343618196,self_employed,0.04972893644200458,36,0.7752793226498979,2600.0,0.14494512728344514,0,0.195,0
26500.0,0.9119434169405679,salaried,0.26623308286103603,3,0.7654761925415369,1600.0,0.16295597600973208,2,0.06,0
45800.0,0.7465883541900837,gig_worker,0.04994985200519083,22,0.5138310358967231,5300.0,0.17347633981755317,0,0.116,0
12200.0,0.9366177618216196,unemployed,0.6401895921263199,28,0.7895231620748366,18400.0,0.5187841759031143,2,1.508,2
29100.0,0.8152370711448264,gig_worker,0.6363708836727134,20,0.8643538927948546,3400.0,0.21109936850577155,1,0.117,1
45100.0,0.6610753195397523,salaried,0.2143839453001913,17,0.7651782897202881,6500.0,0.13841929026203253,0,0.144,0
23300.0,0.687626015501213,salaried,0.076026144291759,6,0.7956262289059285,1900.0,0.27106791262938984,1,0.082,0
4800.0,0.6581736541606836,gig_worker,0.19637924632295603,6,0.7875295346583228,4000.0,0.21894680086249238,1,0.833,2
32500.0,0.8944220928044879,self_employed,0.06543419917928017,35,0.8800225264348008,9100.0,0.3196996411844442,5,0.28,0
52600.0,0.6968828502899407,salaried,0.29590041130552286,0,0.7193379448061626,3000.0,0.33387837849087043,1,0.057,1
15800.0,0.7951517319370199,gig_worker,0.27437042542670903,36,0.9706487770275236,4300.0,0.055033815895260775,1,0.272,0
9700.0,0.3862371184213363,salaried,0.41424530512881147,17,0.8780693636033192,2000.0,0.3180849990342872,0,0.206,2
34500.0,0.8251631789362102,salaried,0.1649225795078439,66,0.8747548825976766,9600.0,0.15961553840351356,3,0.278,0
35000.0,0.7934165226354318,unemployed,0.15801093370574873,142,0.8153747714617237,6700.0,0.38518122234135627,1,0.191,0
22500.0,0.5446546606528934,self_employed,0.16264061384159578,26,0.8360622259054742,4800.0,0.09855467013168215,1,0.213,2
20200.0,0.84632933850547,salaried,0.15026398344328398,12,0.9037561231418981,1900.0,0.2838146687698392,1,0.094,0
29900.0,0.7573246599659098,gig_worker,0.3031707163134358,15,0.6535424467222164,2200.0,0.19347521844370782,0,0.074,0
15600.0,0.7788580664789627,gig_worker,0.38018079916733033,5,0.7605458623195214,1500.0,0.48130093894057296,0,0.096,0
15600.0,0.6289443565560128,salaried,0.3621587041010365,2,0.8466183367814033,3800.0,0.4381618733356443,3,0.244,0
41000.0,0.745202871941838,self_employed,0.46434992656417173,20,0.7027389969218413,1500.0,0.07056480096433528,2,0.037,1
15000.0,0.40485493079992124,gig_worker,0.3274650080236311,39,0.8409565128196782,4700.0,0.3310605470960349,2,0.313,2
10000.0,0.5376265767272974,salaried,0.22187829277868215,7,0.9431174278942646,8200.0,0.5215661688536721,0,0.82,1
20100.0,0.9332279151939966,self_employed,0.5744814075466462,13,0.9165393505647264,4200.0,0.19561342839059453,0,0.209,0
22800.0,0.5691784162606142,salaried,0.35953736600634684,19,0.9562636535211197,2400.0,0.40267611509812323,2,0.105,0
37000.0,0.6411663890757817,gig_worker,0.06450865757235967,57,0.8561654688746657,5700.0,0.3983268513798327,0,0.154,0
21100.0,0.8627595433036364,gig_worker,0.480893447597654,3,0.8610727826685132,800.0,0.15141991073461078,1,0.038,1
57000.0,0.7538210048470789,salaried,0.0774419823209073,6,0.7553248807679476,2200.0,0.157191402892767,2,0.039,0
30700.0,0.8439561075496564,gig_worker,0.15532521307096314,60,0.7047154849172109,5000.0,0.3253832400530976,0,0.163,0
18600.0,0.9533936887957483,gig_worker,0.4319086153526871,0,0.7061276790129515,1900.0,0.08113832427757815,1,0.102,1
36200.0,0.7616568105076744,salaried,0.23397455249659874,25,0.8429133347049281,5300.0,0.4621984226670688,1,0.146,0
56500.0,0.5941001926069356,self_employed,0.12825805133719592,24,0.8693136755157252,4600.0,0.2591765874562037,2,0.081,1
40500.0,0.6165387672610937,salaried,0.19137214150345933,11,0.9567966134502669,14100.0,0.2494418586087781,2,0.348,0
11800.0,0.484910590746246,unemployed,0.4561021246871043,15,0.9468468390049919,3800.0,0.030344395397261893,1,0.322,2
23800.0,0.7905120040124258,self_employed,0.15350339215436465,46,0.886024663941858,13400.0,0.28104910538201466,3,0.563,0
33300.0,0.6049494990326264,self_employed,0.18955971090696572,4,0.7493686580121522,4700.0,0.2971936265288087,2,0.141,1
39600.0,0.7963924567125368,self_employed,0.693662498865679,6,0.7842099987722363,1700.0,0.28948191793834505,2,0.043,1
26600.0,0.3798268704672361,self_employed,0.2324364942712385,17,0.877545719329408,3600.0,0.17378079141019517,0,0.135,1
24700.0,0.690494137264021,gig_worker,0.15914359987946278,12,0.8640833526320941,8800.0,0.8075864604511481,4,0.356,0
66300.0,0.8437257032548734,self_employed,0.648321912213149,20,0.7196013655447983,7700.0,0.19093277458671132,0,0.116,1
40800.0,0.9500689539251993,unemployed,0.3623894196535201,60,0.7591357405495128,6400.0,0.3319207042608854,1,0.157,0
36300.0,0.7309808289722558,self_employed,0.5066429135495762,59,0.5635390696266911,15800.0,0.3581143030519645,1,0.435,1
21600.0,0.7782802762603271,salaried,0.24114785358865407,6,0.6759791664043686,7800.0,0.13780107085171056,1,0.361,0
15500.0,0.881348964611063,unemployed,0.3395262645749334,8,0.756610275988816,2700.0,0.07239787862533126,0,0.174,0
36600.0,0.5433530372615685,self_employed,0.582005898871244,4,0.9097163036128629,1400.0,0.22154976066365403,1,0.038,1
43000.0,0.766566247041953,self_employed,0.464290379387025,63,0.9291906195371895,6900.0,0.4404710606010104,0,0.16,0
29200.0,0.861547458042426,unemployed,0.3678910956722172,12,0.6317737472138467,8400.0,0.039969742863775116,1,0.288,2
40800.0,0.8573371566098791,salaried,0.18669292310883395,14,0.6589728053903727,2100.0,0.1652786070467605,0,0.051,0
41300.0,0.5846647353497206,salaried,0.2673519028441754,38,0.782368909003842,7700.0,0.11966451916099587,1,0.186,1
44400.0,0.6075011954533669,salaried,0.3862086829375599,17,0.8224754081497944,7200.0,0.36429859091539096,0,0.162,1
11700.0,0.7752181428262754,self_employed,0.18803113600500224,3,0.5968694356308369,3100.0,0.2847324289651922,2,0.265,0
24200.0,0.8281307405893119,gig_worker,0.18319476368560636,13,0.7253550828077044,7900.0,0.2467913236662148,2,0.326,0
37700.0,0.7541551857583878,unemployed,0.43666944260946433,23,0.6239898174483703,4100.0,0.28896696306244013,0,0.109,1
30100.0,0.7039836822104814,self_employed,0.4353692659705231,30,0.5068500133190635,3800.0,0.6309380760007205,2,0.126,0
41400.0,0.71023644083304,gig_worker,0.2577624264078158,24,0.8786632480426245,15100.0,0.18809007712477005,4,0.365,1
36300.0,0.7125760136633785,unemployed,0.1476623492053573,3,0.8014974447799595,2800.0,0.08973867568376055,1,0.077,0
7200.0,0.7950062515657474,self_employed,0.5207605775088151,8,0.8942622838816706,3500.0,0.21567475288549767,2,0.486,1
49600.0,0.8659394467899918,salaried,0.3472944906115965,31,0.8892918982771774,3100.0,0.5488470659530208,2,0.062,0
22600.0,0.7640545573866491,self_employed,0.14295568065103653,50,0.7750307789501368,11900.0,0.08411826581727955,2,0.527,0
18000.0,0.74586109645274,unemployed,0.6818836931070542,1,0.7626034836067661,4300.0,0.20447700151861642,1,0.239,2
48800.0,0.7780646521323132,unemployed,0.41059630991542295,1,0.9585515908221732,12600.0,0.09558606359543605,0,0.258,0
39800.0,0.7553962387123597,self_employed,0.14675487359717837,24,0.3858599414097636,6400.0,0.05017429778967133,2,0.161,0
52100.0,0.8220345409604818,gig_worker,0.15820957347262424,19,0.5546085483081304,1800.0,0.07419688269950192,0,0.035,0
33500.0,0.5533625884166401,salaried,0.1711427473982283,4,0.6897590533284316,4700.0,0.31251182579060444,0,0.14,0
24000.0,0.587253323371438,salaried,0.3359150690672405,19,0.7485246885700536,10500.0,0.16386755573725284,2,0.438,2
31600.0,0.18287100404630546,unemployed,0.16442704117606155,88,0.7456001098883188,5100.0,0.2883162619045374,2,0.161,2
16200.0,0.5206693104291561,salaried,0.3500409645064159,23,0.8477830432656165,800.0,0.3576109915032881,0,0.049,0
13100.0,0.8668972971779484,salaried,0.3575761740410064,14,0.8548372594908545,2500.0,0.10708109306792218,1,0.191,0
20700.0,0.8039728222426547,salaried,0.12982921498521327,42,0.9486271259007951,12000.0,0.246168314560764,0,0.58,0
59700.0,0.42128234950874627,self_employed,0.22456996298157192,5,0.9579954435645905,4600.0,0.3162922980600909,0,0.077,0
21900.0,0.816145959208295,self_employed,0.19952988888660012,12,0.7628637887329466,3400.0,0.5263786792945074,1,0.155,0
10200.0,0.6045597594162089,salaried,0.24609639547160478,18,0.9717854685333315,6300.0,0.5426596907872092,1,0.618,0
27000.0,0.8939795349435987,unemployed,0.12850064149749324,16,0.9038184761310419,10200.0,0.03002186181495994,0,0.378,0
21700.0,0.7979745663932893,unemployed,0.17491163266562912,60,0.8776914572789282,7300.0,0.3601818300878902,1,0.336,0
50000.0,0.8730362640032178,salaried,0.13629168064479294,8,0.7279445068394355,6300.0,0.35644250977528397,1,0.126,0
57600.0,0.8237191292628552,salaried,0.2905327844117592,1,0.869230978219604,8800.0,0.19223938971297538,0,0.153,0
23400.0,0.6998108732888813,gig_worker,0.23489334469866888,59,0.4547635373853013,1900.0,0.21624041226372673,6,0.081,1
33500.0,0.8045756723729673,self_employed,0.5382274910032762,5,0.7299092724431868,2700.0,0.2088693723131782,2,0.081,0
34900.0,0.7157625454498088,salaried,0.522549930511739,11,0.7893429563629981,15500.0,0.021836447216922152,0,0.444,2
28600.0,0.643901955496404,salaried,0.29026312704267815,18,0.8817392510424497,4600.0,0.3000954642756583,3,0.161,0
25900.0,0.7637735497481712,salaried,0.4215760217870418,89,0.753833695698648,1700.0,0.20640410981390003,0,0.066,0
17300.0,0.5603435895160985,salaried,0.33821372278013057,18,0.8005467234974573,2000.0,0.1229145888660504,1,0.116,1
9200.0,0.5717393360846494,self_employed,0.12555829081258915,14,0.8982328651707824,8600.0,0.15845765251046354,1,0.935,1
17300.0,0.7860896472123551,self_employed,0.20885906007133329,21,0.4250956038510129,4000.0,0.2009571422375642,0,0.231,1
28100.0,0.7268764305765103,gig_worker,0.25245717682571106,84,0.8056062774492478,5000.0,0.24688872410517623,1,0.178,1
12300.0,0.8008752438374394,gig_worker,0.31656864070524904,40,0.663915876953196,5100.0,0.4158725298194453,0,0.415,0
32600.0,0.674823003505723,salaried,0.2588483514650999,4,0.7580270858501568,3000.0,0.5076218434828583,0,0.092,0
30400.0,0.20601863933792605,gig_worker,0.3883561293045093,39,0.664389370412066,7200.0,0.14581510622676488,3,0.237,2
21700.0,0.935600483600147,salaried,0.151276601159229,44,0.7813714470691046,10900.0,0.11524388195616189,1,0.502,0
25400.0,0.9344048180101489,self_employed,0.5711630857387486,28,0.7108152534482781,200.0,0.2516959402518727,1,0.008,0
13600.0,0.6794576156637533,gig_worker,0.34452251610256907,25,0.4893183107233709,5400.0,0.2974569610141916,1,0.397,2
44000.0,0.8190304809436049,self_employed,0.40996831024899266,13,0.7684188300854099,11900.0,0.2566645542120531,1,0.27,0
43600.0,0.5460514346300074,self_employed,0.07177152712959314,24,0.811649375749557,900.0,0.32532584066636433,3,0.021,0
15000.0,0.9622761025622515,self_employed,0.33374438201867823,32,0.8046440320194076,4400.0,0.3434526760005611,0,0.293,0
15300.0,0.6709723960054387,unemployed,0.5795863623449141,3,0.6965292693397546,4500.0,0.03552368824484974,1,0.294,2
17400.0,0.9134347112896287,self_employed,0.15740295469784474,7,0.8113280162738523,11500.0,0.1735061295505073,1,0.661,0
38600.0,0.6295914170179162,gig_worker,0.319370878947533,5,0.8219409122297812,1700.0,0.07123351871489315,1,0.044,0
34900.0,0.7486569389102281,unemployed,0.28687954093947127,44,0.5229718259847786,15100.0,0.12793798548352922,0,0.433,1
48500.0,0.7637187557921148,gig_worker,0.25187929320748786,27,0.484605314252691,9500.0,0.17428358575254124,2,0.196,1
51100.0,0.8589734928507932,self_employed,0.2659136965838428,14,0.5639468907773638,1000.0,0.041751368578116815,0,0.02,0
11600.0,0.952373489276409,salaried,0.09247015752753827,41,0.7081312597940708,19200.0,0.1469760076385143,1,1.655,1
37900.0,0.8671109744562694,salaried,0.37710263923678816,30,0.8217140304943694,7900.0,0.28377709422616626,1,0.208,0
50100.0,0.8238574480433847,self_employed,0.16247008694332812,58,0.5424582621815397,3500.0,0.15935052356912766,0,0.07,0
24500.0,0.930579631758073,gig_worker,0.37447449286604767,1,0.8235485896270632,1600.0,0.14421883221806253,0,0.065,0
29000.0,0.4518423148353352,salaried,0.4485602294821877,17,0.6559803612134767,9200.0,0.28995233479354104,1,0.317,2
26700.0,0.682254012283455,unemployed,0.17303063546912734,29,0.971994380910665,10100.0,0.382718077438079,0,0.378,1
27400.0,0.9090131625857053,salaried,0.3056802143339764,5,0.49030664522326245,2700.0,0.38216086199044375,0,0.099,0
43900.0,0.531928577498417,gig_worker,0.6685202124916764,9,0.861853124843907,1100.0,0.14658217793370393,1,0.025,2
65100.0,0.6955874022267984,salaried,0.3174103889752332,13,0.691937482763482,10100.0,0.2569913245618917,2,0.155,1
56000.0,0.6636855622413876,self_employed,0.25712188459170543,37,0.748511247363168,5000.0,0.32419343066556694,0,0.089,1
22300.0,0.7436067244497765,gig_worker,0.1927678678226636,16,0.8076719256410378,3900.0,0.15226411604205314,3,0.175,1
33600.0,0.7857499898737409,salaried,0.2811731833789071,16,0.8978814439829504,10500.0,0.2705236556087702,0,0.312,0
18900.0,0.7265180557418651,salaried,0.08983046930222102,13,0.9373438484151807,4400.0,0.3931374236846892,2,0.233,0
20000.0,0.7943046098757403,self_employed,0.3157874805585976,6,0.6571449102377869,3500.0,0.2589887329293069,0,0.175,1
28300.0,0.8566707274886767,self_employed,0.2732753285510266,61,0.7846159119650935,4900.0,0.3702541047122274,0,0.173,0
19700.0,0.4557085060454649,gig_worker,0.1514689653326574,9,0.3050574857766791,300.0,0.1460484860681326,1,0.015,2
21300.0,0.7430099498984418,unemployed,0.09881800131760543,20,0.9210184781931475,5000.0,0.17005838726851386,1,0.235,0
33200.0,0.5277646848615055,salaried,0.17846323450699256,3,0.776788532215611,13200.0,0.29684364495726084,1,0.398,1
37700.0,0.7982277043547562,self_employed,0.12975111377765922,13,0.6916394228909944,5500.0,0.2738813973962268,2,0.146,0
37200.0,0.7165235436060452,self_employed,0.35393850822124306,56,0.9084442288432153,4100.0,0.32044416864914493,1,0.11,0
37400.0,0.8027505646580491,unemployed,0.05274174208422782,129,0.6637460583806545,10700.0,0.11046317285593733,1,0.286,0
14200.0,0.7666469821965579,unemployed,0.07671452490818496,10,0.8896360572565586,6900.0,0.4099548314552769,0,0.486,1
19100.0,0.5455409146531104,gig_worker,0.4506139088518981,4,0.7926845536994951,9200.0,0.07870957850670487,0,0.482,2
29900.0,0.8064966519290734,self_employed,0.18477332985116227,9,0.42762481883727016,4600.0,0.1999670874765886,1,0.154,0
49000.0,0.5302916623821161,salaried,0.4038429635402862,9,0.7888248312886725,1800.0,0.4159623641053921,1,0.037,1
82500.0,0.7325829373165138,salaried,0.09729755095086269,24,0.801027239482531,5600.0,0.5980156887956399,3,0.068,0
34200.0,0.9052987392133658,self_employed,0.5164362262901563,16,0.9394377411361904,11400.0,0.05594259937216858,4,0.333,1
41800.0,0.8143619532678671,gig_worker,0.31440708780164234,35,0.7178003799925976,9800.0,0.08505877380687601,1,0.234,1
13200.0,0.7498484785237595,self_employed,0.3216471566555442,28,0.9012461432631731,900.0,0.43666604984719054,0,0.068,0
41300.0,0.7403773708527861,gig_worker,0.2502982443992946,6,0.6397308702836959,8300.0,0.3006050602779045,0,0.201,0
71700.0,0.6512243165991005,salaried,0.1252743490896082,36,0.8960238532049688,6300.0,0.27514598194024603,5,0.088,0
19100.0,0.31364778417152184,gig_worker,0.2201897140219349,45,0.4999175365326588,4500.0,0.16358317787314522,0,0.236,2
21700.0,0.7794483773885298,salaried,0.3931016430476063,21,0.9582451692293592,1500.0,0.7846779733858377,1,0.069,0
44600.0,0.8189633655533699,salaried,0.1700841964297611,63,0.8194351399613703,9100.0,0.12700128561772298,1,0.204,1
29700.0,0.4598555035029631,salaried,0.05975916665048354,36,0.7639238529428973,3600.0,0.5510665115832399,0,0.121,0
8700.0,0.7670778822345681,gig_worker,0.2514475936827,21,0.9355360136624395,1400.0,0.11680680907788697,0,0.161,0
22400.0,0.8372272813227993,salaried,0.17665497643954475,56,0.8637194949880874,4900.0,0.2493161247331137,1,0.219,0
57500.0,0.437435906563518,gig_worker,0.3552368662202839,22,0.787499437341289,1200.0,0.10963088397924678,1,0.021,1
25300.0,0.8454364974124836,salaried,0.33059471130340534,17,0.523544653837607,4900.0,0.30006935789659306,1,0.194,0
25300.0,0.47397844354820073,self_employed,0.11285918801823186,10,0.6269713439754585,2500.0,0.31255433899074053,5,0.099,1
43200.0,0.5620733885733744,unemployed,0.37690726752565196,51,0.6596868586653725,11800.0,0.14394581012880867,2,0.273,2
34900.0,0.6123703990593,self_employed,0.3655917250749545,3,0.7638363806097224,4700.0,0.34143722571223184,1,0.135,0
24500.0,0.7429832705933497,salaried,0.4303948567921501,15,0.860311022141259,7300.0,0.356062849784911,0,0.298,0
20900.0,0.7094472444192624,salaried,0.40215652443452055,18,0.7338237615337068,11400.0,0.19684041164132024,1,0.545,2
101700.0,0.8106939205461703,unemployed,0.3904641855062918,19,0.9264149247243005,5900.0,0.0914106313800146,1,0.058,0
52800.0,0.7879017647173014,salaried,0.49043178548425564,25,0.7953077414506584,7600.0,0.31172228080839226,0,0.144,0
37400.0,0.9447773034138103,self_employed,0.5441684860321278,16,0.6325707835679143,23900.0,0.4820766178482486,1,0.639,2
38500.0,0.6335121599379226,self_employed,0.30846291946682436,7,0.5381157102951479,8600.0,0.030006366337115484,2,0.223,2
27500.0,0.607577368069488,salaried,0.34605841679285526,46,0.5623409691334724,7600.0,0.2255323020702962,2,0.276,1
34600.0,0.24881078030551984,salaried,0.1808717764345355,25,0.6834463161524963,1600.0,0.2527539518919967,1,0.046,2
26000.0,0.5106060553792814,self_employed,0.0963197462570089,46,0.8438431421158271,5300.0,0.18161622847690892,2,0.204,0
18100.0,0.831693197957858,gig_worker,0.357014415099536,7,0.7240419535260038,19600.0,0.40259324602602675,3,1.083,1
35300.0,0.8916607330835856,salaried,0.3491482272099294,24,0.8441616556145596,7300.0,0.17033962852193957,1,0.207,0
24800.0,0.784568207765342,gig_worker,0.3211480998463476,30,0.8008785504864158,6200.0,0.5038323251862316,2,0.25,0
36300.0,0.9295702389908225,gig_worker,0.4869315044354654,11,0.5526939157153191,4500.0,0.12003497240012068,1,0.124,0
39600.0,0.5408592774055782,unemployed,0.05791849805455655,40,0.8392738538750779,2700.0,0.223273135489976,3,0.068,0
37200.0,0.6398217478326558,salaried,0.39082494735980666,0,0.8298799520346487,2300.0,0.24399902020409947,1,0.062,0
17300.0,0.583715631621258,salaried,0.11467862102885287,21,0.6362676609398044,5300.0,0.03359503455269776,1,0.306,0
23400.0,0.8558675432326265,gig_worker,0.3730600223857797,22,0.9071957269760526,7300.0,0.19397867219914228,1,0.312,0
25000.0,0.796937572430079,salaried,0.05907114045799854,18,0.7442415919596094,2500.0,0.20355200933297182,3,0.1,0
47000.0,0.5937798304798731,salaried,0.33145241651682206,23,0.8257166434057405,2400.0,0.386102779686056,0,0.051,0
45800.0,0.7462711440647851,gig_worker,0.7052475586375019,4,0.9353295072395769,1100.0,0.3179070595298569,1,0.024,1
19800.0,0.8475587729474124,salaried,0.21191476102193416,27,0.9728424474743206,7400.0,0.043221400684351985,2,0.374,0
14000.0,0.9439831218894679,salaried,0.17940689741197421,9,0.4175365233341209,6400.0,0.5223740556550194,3,0.457,1
84400.0,0.7961758210190546,salaried,0.4461637088661431,14,0.773954609245232,8400.0,0.3960341044541705,1,0.1,0
36500.0,0.8568193828217762,gig_worker,0.375511819697802,9,0.7540992360760699,1300.0,0.1141663430699283,1,0.036,0
12900.0,0.9248866713793908,salaried,0.1746944346894269,15,0.5763521903276805,2200.0,0.14300353620089742,0,0.171,0
21500.0,0.3085452575487398,gig_worker,0.3041349015026613,23,0.8246617442624373,0.0,0.35398490855190534,0,0.0,2
47900.0,0.8021081448102447,self_employed,0.3007479323308898,43,0.8937988593982407,2000.0,0.3444652022634618,1,0.042,0
74400.0,0.7143003368003247,self_employed,0.38969116180154756,15,0.542528134263664,2400.0,0.28074027842958493,0,0.032,1
68300.0,0.7583573503118374,salaried,0.4592228060759528,9,0.72896072150407,8900.0,0.16288246101975593,1,0.13,1
35700.0,0.7086156497114344,salaried,0.36032374186106975,16,0.564067140003773,9500.0,0.0524955173796444,0,0.266,2
29400.0,0.6480141952006282,self_employed,0.35039767664033666,28,0.8016169683011691,3700.0,0.23138077351793518,0,0.126,1
16400.0,0.6379216355303864,salaried,0.21267611646196324,10,0.7872326034073992,21300.0,0.13201818986952157,4,1.299,2
30700.0,0.3203939026252714,unemployed,0.6011295432566813,12,0.9562621964459692,10600.0,0.035524718410791606,0,0.345,2
17600.0,0.44649208869063556,self_employed,0.2831763323100289,19,0.9269806284375454,4600.0,0.5155962688125235,2,0.261,0
23500.0,0.6036474846225743,self_employed,0.35072991253656327,8,0.8479081559245856,4000.0,0.3494516758727764,0,0.17,1
44500.0,0.7774523621036377,salaried,0.46548648399214915,5,0.8421616133210381,4500.0,0.23101243004978989,2,0.101,0
25900.0,0.6038318301642991,gig_worker,0.2335659781066504,3,0.8254935524654369,300.0,0.15714666545036735,3,0.012,0
25000.0,0.5065596723815246,salaried,0.35343321353800616,10,0.8483677181443412,2200.0,0.39934196714778625,4,0.088,1
28600.0,0.4652754955994764,salaried,0.34034237081387014,1,0.8770609522689007,14800.0,0.06068919413326117,2,0.517,2
90600.0,0.699895545156843,gig_worker,0.6265283424595848,21,0.9234173637864466,4800.0,0.10124841565415789,1,0.053,1
15400.0,0.6990454757128448,self_employed,0.13666685669002082,4,0.5391891676379547,5100.0,0.33454637325282605,0,0.331,0
33800.0,0.570832110450857,self_employed,0.07760202035143826,11,0.5753992549414272,7400.0,0.06438404789361259,0,0.219,1
65400.0,0.8339415600988596,self_employed,0.2788399685061738,7,0.9176759954789273,7600.0,0.11535924763385808,2,0.116,0
28500.0,0.4755813925085479,gig_worker,0.29331598342184595,23,0.8449719766079503,12800.0,0.03987927742855845,1,0.449,2
52400.0,0.7950843934320653,salaried,0.033948889008919014,45,0.718069014223569,12200.0,0.3901092161138064,0,0.233,0
13400.0,0.8676512189492825,salaried,0.32627922219334304,24,0.6521303172398653,5000.0,0.17852605059013169,0,0.373,0
26300.0,0.6664282793005932,gig_worker,0.038600315562899445,18,0.5074329656805686,12800.0,0.4641950492626289,2,0.487,1
18700.0,0.41583010668523107,salaried,0.24151138845914757,26,0.7236040766793866,7000.0,0.25737259913267524,1,0.374,2
28400.0,0.6586605603731394,gig_worker,0.3856385420125985,0,0.5729624629644082,4200.0,0.43250304420623176,2,0.148,1
28700.0,0.7262216101389408,salaried,0.113637590960447,3,0.8604225592618534,9000.0,0.22021072406265835,1,0.314,0
30200.0,0.8181375652328358,salaried,0.35946021355950436,2,0.9762055897760475,9700.0,0.12760969682146592,1,0.321,0
44300.0,0.454778601289444,salaried,0.22524409517653518,2,0.8199753699465138,6700.0,0.1622992095786308,2,0.151,0
6600.0,0.8625736257249613,self_employed,0.2963401433266752,7,0.787103444404967,6900.0,0.26674631253286035,0,1.045,1
21000.0,0.9335364605955889,self_employed,0.3575820058825164,18,0.906145044537894,16100.0,0.21062180816226495,2,0.767,0
32700.0,0.4480062437802738,salaried,0.2641144896267386,2,0.65602254736358,6600.0,0.07757723110676282,2,0.202,2
9000.0,0.51376231711403,salaried,0.38356454686392544,65,0.9196146230105795,4200.0,0.3924095072820031,3,0.467,1
39900.0,0.6224495511317881,unemployed,0.344342497063202,46,0.7914582792672122,2600.0,0.26464574117345446,3,0.065,1
20800.0,0.5263839597582383,salaried,0.42468246562283113,85,0.8533648899296559,4600.0,0.025983727742784513,2,0.221,2
26600.0,0.5525866824266312,gig_worker,0.04500152898597773,1,0.8799026740888416,2400.0,0.03571121700037627,3,0.09,0
45300.0,0.8238194966343938,unemployed,0.5124890299739557,45,0.8506958249046936,3600.0,0.2504111021049667,3,0.079,1
53500.0,0.44760384553825133,unemployed,0.2682478061559006,39,0.6391652610418024,2700.0,0.08562180812285632,1,0.05,2
40500.0,0.8882963152069309,gig_worker,0.1525496939736243,55,0.7742244379651161,5300.0,0.3041886964653699,2,0.131,0
15100.0,0.5481390870670528,salaried,0.11676214144620442,18,0.9088448425873935,7000.0,0.35022889956830605,0,0.464,0
39500.0,0.8192353000965396,unemployed,0.16272661778627628,37,0.7661452007940626,5400.0,0.18329239553748022,0,0.137,0
40800.0,0.3725742095924479,gig_worker,0.3080029010521766,1,0.9063312257423113,7300.0,0.4691814598309714,1,0.179,1
36900.0,0.7388052794646289,gig_worker,0.19136050797025364,1,0.7329721830464578,2100.0,0.3039606782795656,0,0.057,0
57800.0,0.9497726974077377,salaried,0.43613948773134675,3,0.5819947340388955,2400.0,0.06136992265817668,1,0.042,1
30600.0,0.7104779849333576,unemployed,0.13452088619313404,59,0.822396554043566,1800.0,0.17231688264842285,0,0.059,0
56700.0,0.4459112833172333,gig_worker,0.34078406407447115,1,0.6842479671552422,6100.0,0.18227253720146108,1,0.108,1
56500.0,0.4638070844359728,gig_worker,0.3889884843003036,2,0.5680409634707292,11500.0,0.3311903440757539,2,0.204,2
41400.0,0.5038356393171317,salaried,0.34356778307912633,63,0.8846786857614234,2000.0,0.3390166836747071,0,0.048,1
34100.0,0.9530621706756769,salaried,0.22258686202602557,2,0.788587873449579,7200.0,0.29564314609741615,1,0.211,0
37000.0,0.9723772802427437,unemployed,0.1786643211629487,48,0.8931792855497146,6400.0,0.14355144489024455,0,0.173,0
63800.0,0.6392402638402223,self_employed,0.37955835395094156,37,0.8081360337855038,15200.0,0.3096577838209864,2,0.238,1
49000.0,0.5804280397047094,salaried,0.20243865768520317,0,0.8332873661312645,11000.0,0.36090172798712983,2,0.224,0
16200.0,0.5524151129590007,gig_worker,0.21093337421633485,0,0.8147991780542255,6000.0,0.1175657679854106,4,0.37,1
35900.0,0.7053959635622311,salaried,0.20260425487216627,18,0.8723611613159604,24000.0,0.3143585097597154,0,0.669,1
18200.0,0.7730092058291876,salaried,0.44675079781618837,140,0.7967527857924266,5400.0,0.19826391066632928,1,0.297,1
20400.0,0.9592678172410277,salaried,0.3967113806798772,50,0.8763943743019507,6400.0,0.23424168689304603,1,0.314,0
24000.0,0.6447433139470935,salaried,0.0718612098140958,8,0.9079858775954495,12100.0,0.4701702888454325,1,0.504,0
12600.0,0.8457068742684322,salaried,0.3781146084737784,11,0.4522122241305536,5800.0,0.3643009251487221,0,0.46,1
17500.0,0.6587679542333815,salaried,0.0684561180491536,11,0.75930806779764,6400.0,0.22149882445528815,0,0.366,1
59300.0,0.7684219187930252,salaried,0.2617890098566459,31,0.7574057532988095,3400.0,0.40397049648514816,3,0.057,0
20400.0,0.5481169061980934,self_employed,0.3978383968967592,10,0.6803373130040722,4400.0,0.1265589740393617,1,0.216,2
44500.0,0.7035712886289784,unemployed,0.2369410150449106,3,0.6652326059819832,20900.0,0.2128466202054548,2,0.47,1
32000.0,0.7910843954949797,self_employed,0.03496675291631318,32,0.7110397698563202,5600.0,0.08979701178709873,1,0.175,0
38700.0,0.8223256757250691,salaried,0.4978774179738787,14,0.49494476857659414,5400.0,0.1729176722724239,2,0.14,1
39500.0,0.8368074146753904,salaried,0.449467212009201,1,0.9420977321235003,4400.0,0.3644321284538354,1,0.111,0
17100.0,0.8193097493179164,gig_worker,0.2774870221260205,37,0.8177856909861632,1500.0,0.18200001371458926,0,0.088,0
44300.0,0.7050895422104297,unemployed,0.2981756400228069,21,0.727502219664104,4000.0,0.1501685046198778,0,0.09,1
14200.0,0.8108024794998517,salaried,0.41263615357918493,16,0.766616969348161,800.0,0.21529806094488366,0,0.056,1
19900.0,0.6652539304230584,salaried,0.10808421977354984,26,0.7311297729486426,1700.0,0.24798128298422017,0,0.085,0
39200.0,0.7795111950519796,self_employed,0.1432860104338276,16,0.7703679037508202,6000.0,0.18954455837293574,0,0.153,0
16400.0,0.7228893764411742,gig_worker,0.21130408161679812,25,0.9308608048757189,11600.0,0.07703750607020261,1,0.707,0
8400.0,0.7817982164250977,self_employed,0.7639448592579622,48,0.7283371095903926,5700.0,0.3107484811184703,1,0.679,2
35000.0,0.7797026850288646,self_employed,0.30645150047784014,22,0.8799453294227827,8500.0,0.7112542374154442,2,0.243,0
11300.0,0.5479528556771287,gig_worker,0.38409367965691094,25,0.8052334633034668,2700.0,0.0976307416637154,2,0.239,1
41000.0,0.7335393899891873,unemployed,0.373911064142995,22,0.9391927835423003,1900.0,0.10796301902102451,0,0.046,1
24900.0,0.8068212375951599,salaried,0.32014060725801635,18,0.838407348034064,2100.0,0.14821123957732532,0,0.084,0
34800.0,0.5265900703731752,unemployed,0.061080315937313966,4,0.6763296201455424,3500.0,0.2967806763851914,2,0.101,1
34400.0,0.7844509687326874,salaried,0.07962093387895677,9,0.7857180502901796,1700.0,0.3002413133330157,2,0.049,0
42500.0,0.8702293923258655,gig_worker,0.39935950533989256,28,0.6237702002296448,2600.0,0.23856069686658796,0,0.061,1
39800.0,0.7840855995104145,self_employed,0.40946067736628267,13,0.8588439362908332,4200.0,0.36388882533106326,0,0.106,0
16400.0,0.5100261494760412,self_employed,0.2606217244649115,12,0.5264435567255055,4100.0,0.47969907929658834,2,0.25,1
25800.0,0.5626701406724121,self_employed,0.2514740404239985,34,0.7816006095896173,3100.0,0.10375313304895076,1,0.12,1
34800.0,0.709712434774195,salaried,0.06537604892599529,0,0.6765385722416354,7000.0,0.2630272772755007,0,0.201,0
57200.0,0.9764185706708969,salaried,0.13474702778851774,27,0.8310599960518341,15200.0,0.10341064434936029,2,0.266,0
39900.0,0.7529487569704756,self_employed,0.36792437892214824,16,0.7742028640681403,11600.0,0.21535139903978198,2,0.291,1
54800.0,0.649225529702659,self_employed,0.22703277943248348,11,0.5690813918621139,3600.0,0.29378540901258005,1,0.066,1
35700.0,0.7945232356309093,salaried,0.39996256800329,9,0.6644506891477272,5100.0,0.5534788092340708,1,0.143,0
49400.0,0.6730081026377682,unemployed,0.3261763046445611,4,0.6259895542812375,4000.0,0.31181491108435405,1,0.081,2
33300.0,0.6535569945368506,salaried,0.28069696603225713,9,0.6230128762829116,10400.0,0.23034941125865327,5,0.312,1
48400.0,0.6942412122603984,salaried,0.1162236913671057,11,0.5413179087580371,6500.0,0.004449517422607256,2,0.134,0
24300.0,0.7333056152013183,salaried,0.23478995187989815,13,0.961442604846713,6300.0,0.43622108995185077,1,0.259,0
60400.0,0.9388971956824165,self_employed,0.2421489240894687,26,0.9174053216840967,4200.0,0.1320517800229761,5,0.07,0
37700.0,0.7961264579004514,salaried,0.26760121607192483,14,0.7962409179345564,10200.0,0.186739692298693,5,0.271,0
12700.0,0.46990866009023075,self_employed,0.18721410829747848,38,0.6617923212638956,3100.0,0.32607767536030013,0,0.244,2
35300.0,0.8103107816696552,salaried,0.330697716449398,24,0.8217883132793128,1400.0,0.13003692717806617,2,0.04,0
40000.0,0.9526020643551955,salaried,0.5617099280890279,5,0.7749528660082862,5400.0,0.3984820240249692,1,0.135,0
45100.0,0.8736788165608945,gig_worker,0.181310208314301,7,0.8375860225465854,7000.0,0.34777121601551914,1,0.155,0
70600.0,0.7439813600799926,self_employed,0.6858908944475903,1,0.7587595713484041,8400.0,0.23945505321622776,3,0.119,1
22200.0,0.4165934007607888,salaried,0.3916567327788612,69,0.4768301273617871,6200.0,0.2677958814540268,1,0.279,2
70800.0,0.8921194931511092,salaried,0.15417196488471732,52,0.6902394039308618,5800.0,0.08411966500505838,1,0.082,0
29400.0,0.8398890596096936,gig_worker,0.13513960276801068,2,0.7891333807573133,2900.0,0.03308610968734343,1,0.099,0
19400.0,0.28931413308961346,salaried,0.5466528864957917,20,0.859770190451729,7000.0,0.16621173646155557,0,0.361,2
22500.0,0.8339658053528344,unemployed,0.07407156192071616,77,0.8277421310479809,3700.0,0.44227808086463166,2,0.164,0
38800.0,0.5389623686704624,self_employed,0.22474081116053965,32,0.8624948601797929,4800.0,0.3987863620567187,1,0.124,0
17800.0,0.4963255525495809,salaried,0.22654964328272748,16,0.8482943548537651,12100.0,0.4217272171526757,0,0.68,0
24500.0,0.6945725508782096,gig_worker,0.26603751537432474,6,0.8132141018530242,7800.0,0.36200946436780923,1,0.318,1
34900.0,0.7475483930570324,gig_worker,0.39659204855883273,7,0.8674671761238386,4300.0,0.14430362576647612,3,0.123,1
60200.0,0.6091719052735325,salaried,0.15461447655277666,31,0.5552395183739772,2300.0,0.13756332396110788,1,0.038,1
44500.0,0.9032349939003633,salaried,0.2146560154887973,36,0.9005072387182467,1900.0,0.22309341858851664,3,0.043,0
30000.0,0.7931340437427551,salaried,0.3246983116637839,18,0.8416382843887399,8300.0,0.3921702962231274,1,0.277,0
38700.0,0.588482445243119,unemployed,0.32322681078680443,3,0.7376982657357368,4000.0,0.0994351364809404,2,0.103,2
33200.0,0.864509331081094,self_employed,0.48060439626034945,65,0.438219714886099,6100.0,0.09958397282832163,2,0.184,2
15000.0,0.8171975539309541,salaried,0.10122857399688795,44,0.6497425252526807,1400.0,0.05518676265278257,1,0.093,0
65300.0,0.6488558445826793,salaried,0.38489000688964436,3,0.7444325333830841,7400.0,0.15931828835673706,2,0.113,1
60600.0,0.6614892001509083,salaried,0.23800570962770856,1,0.6393758637200921,700.0,0.17504061897201403,3,0.012,0
28200.0,0.8677190028281505,salaried,0.33624308859562496,18,0.6954477780811161,3500.0,0.10815870066491837,0,0.124,1
22900.0,0.6423140819004979,salaried,0.17779066588022985,8,0.6230550243433804,6900.0,0.23261297579483034,0,0.301,0
15200.0,0.9320903565102769,self_employed,0.4122338048483853,7,0.7787340170569591,4100.0,0.2230721396667784,3,0.27,0
39900.0,0.6184505613349504,salaried,0.1606586814197059,2,0.9335583401651711,4900.0,0.5049781956300774,3,0.123,0
40100.0,0.7258179691143076,salaried,0.38172973751352923,73,0.6413717646361099,4900.0,0.3942158141439299,0,0.122,0
18700.0,0.7499511843498555,self_employed,0.3653684239384618,42,0.6336166110728813,10100.0,0.3868382933749675,3,0.54,1
33400.0,0.6867360550175376,salaried,0.20462394381476226,2,0.5187542007376194,3500.0,0.1769812363312077,0,0.105,0
43800.0,0.5647548114685201,salaried,0.6351806933259991,50,0.6193576280136525,4200.0,0.27780425790636615,0,0.096,2
22100.0,0.40726259099526463,salaried,0.3723613586211459,27,0.7125702244007244,800.0,0.12648383810636904,3,0.036,2
26400.0,0.7915071459198154,salaried,0.15501145462264201,9,0.8993297070467073,800.0,0.24855935394626927,0,0.03,0
26300.0,0.805425763750793,gig_worker,0.29661425767863914,49,0.8805466514242644,2300.0,0.1369625040924007,1,0.087,0
19300.0,0.9442943003301133,self_employed,0.15757619139466966,21,0.7111245069972396,900.0,0.28791938373548026,2,0.047,0
26700.0,0.9027100974344059,salaried,0.3558242947537577,45,0.580131700835441,14600.0,0.08614067000827572,1,0.547,0
11400.0,0.6012564577596424,salaried,0.4154737500998377,15,0.8131125386758314,9000.0,0.25094550119154685,1,0.789,1
25600.0,0.6992603770793531,salaried,0.14727183779328554,16,0.8691814704425735,18200.0,0.09460900383463734,0,0.711,0
25800.0,0.630177232379564,self_employed,0.05971881218757938,8,0.7378179919170117,6800.0,0.08697729726297458,1,0.264,1
28400.0,0.7093821370189995,self_employed,0.04708614585800265,11,0.8623435147665321,2600.0,0.4397496129432337,0,0.092,0
37300.0,0.7202348249740812,self_employed,0.527581964081817,20,0.6580338263609343,4400.0,0.09393605567734316,0,0.118,2
14500.0,0.8839708239871477,salaried,0.30404682195039195,70,0.790853392423399,4800.0,0.4724247360393676,0,0.331,0
16100.0,0.5447077319149106,salaried,0.2995742328845924,21,0.6469466469541549,9700.0,0.4850480183019973,3,0.602,1
19000.0,0.34685224535813464,gig_worker,0.22210390190646243,3,0.7278710077984264,5800.0,0.10621626111896022,0,0.305,1
13600.0,0.8619486291015133,gig_worker,0.16383728460840943,0,0.5889985936060038,2600.0,0.2231262381447196,0,0.191,0
39400.0,0.7930977608130474,unemployed,0.06836793861988981,45,0.9214396171314229,4200.0,0.3592393736594735,2,0.107,0
21600.0,0.600359100034326,salaried,0.5500553696273576,10,0.8632515286166796,5000.0,0.20873281823940357,1,0.231,2
28900.0,0.637021947667688,gig_worker,0.11813025499849934,9,0.8164921739630129,3400.0,0.11043522131922931,1,0.118,0
18200.0,0.35701225544743687,gig_worker,0.34124448639302035,38,0.9193523580443776,3300.0,0.14977154747936175,1,0.181,2
24200.0,0.8351744465344982,unemployed,0.34578506625283556,69,0.4732416293135057,5700.0,0.051866835195644535,1,0.236,1
34200.0,0.7619685421301096,salaried,0.2097041181755653,33,0.5720093099713532,2700.0,0.22991820893696688,2,0.079,0
35000.0,0.1382712308121236,gig_worker,0.142505464893876,4,0.7776036705456126,2400.0,0.10153383046451135,2,0.069,2
16500.0,0.7061779348109787,salaried,0.3256313721604045,11,0.760380309072632,5700.0,0.08474822037331471,1,0.345,0
28100.0,0.5530676242189038,self_employed,0.17834400310546847,34,0.7184946102522799,3100.0,0.3523304468683472,1,0.11,0
18300.0,0.8892942670052492,salaried,0.12030701069016543,56,0.7509244251143036,7700.0,0.4584395552106282,1,0.421,0
27600.0,0.9648994172855357,gig_worker,0.14202581347554177,157,0.9575661966146504,4600.0,0.11386098742469838,1,0.167,0
20600.0,0.9013507610755903,gig_worker,0.20116228029285643,17,0.8080078883751026,6100.0,0.32438273910404913,1,0.296,0
67300.0,0.7952696821917251,salaried,0.06970193861787388,41,0.8215875498267632,8400.0,0.07118678916836205,1,0.125,0
43700.0,0.7833987443042698,self_employed,0.033569362796039004,1,0.4995470467910392,3100.0,0.18107717509010057,2,0.071,0
35800.0,0.7637070299790142,salaried,0.05195070157538229,8,0.8080578202905869,8800.0,0.1498118843560667,0,0.246,0
25300.0,0.7022072619492018,salaried,0.26598560250824504,11,0.7561807316290586,12900.0,0.2706114332688588,2,0.51,1
44300.0,0.5029360226475924,salaried,0.032687419010694586,89,0.805197515795407,11000.0,0.2385067033677723,0,0.248,0
28500.0,0.5999787662320614,salaried,0.03812956138683773,0,0.7256267900532993,4100.0,0.15394071476421628,1,0.144,0
63900.0,0.8377188005877926,gig_worker,0.467441953678601,8,0.6410763992567725,5300.0,0.12266273704797566,1,0.083,1
46500.0,0.3703382448267764,salaried,0.14003799941705322,63,0.5863117981388409,9300.0,0.17454319088450282,1,0.2,1
24100.0,0.7125272271992555,self_employed,0.2638434950800213,8,0.7068588468680111,4400.0,0.2143284310614351,1,0.183,0
60400.0,0.4347117058423158,gig_worker,0.4361157020863148,6,0.6632092533728298,9900.0,0.05014675293022123,2,0.164,2
25300.0,0.969650631517689,unemployed,0.16061664478519663,31,0.7993852196805589,14300.0,0.26541153434739007,3,0.565,0
69200.0,0.7253609112946083,gig_worker,0.4290238498749736,32,0.9214565937035081,2400.0,0.07990866058002162,1,0.035,0
62000.0,0.9209239633551138,salaried,0.2671554005196636,15,0.8590642099609334,300.0,0.48599357650481706,1,0.005,0
34100.0,0.8566388072044809,gig_worker,0.3391762982250558,70,0.808779535605493,3100.0,0.1949819079030183,1,0.091,0
11700.0,0.7442217549380888,salaried,0.5009945590903075,5,0.6769583658350844,7000.0,0.17277729556113988,1,0.598,2
32800.0,0.6650945305889079,unemployed,0.18519683378557994,58,0.6832758351101044,2500.0,0.37834969333683793,1,0.076,2
15500.0,0.6226351133396508,gig_worker,0.3672151488236596,33,0.778081972195419,4400.0,0.4009426967200134,0,0.284,1
21000.0,0.673052348977349,gig_worker,0.015695904534768258,11,0.7674974931398959,3500.0,0.06829972450775017,1,0.167,0
21800.0,0.8432550626676663,salaried,0.036356327599789,39,0.6329531927800252,1800.0,0.09081413383712711,3,0.083,0
15500.0,0.7434798505260503,self_employed,0.35662496008689,3,0.6798777940725415,2500.0,0.1567913825640398,1,0.161,0
32800.0,0.9592794497181093,gig_worker,0.1992277456363248,3,0.7162529660104424,7300.0,0.06376776301503188,1,0.223,0
19700.0,0.8047955922496756,gig_worker,0.27632114973885324,63,0.8542194136210687,25400.0,0.23113070065591837,2,1.289,2
25900.0,0.34279507573679613,salaried,0.11576356334219673,2,0.686401371337207,6400.0,0.012312632257351065,4,0.247,2
21900.0,0.34584967390056087,unemployed,0.34667081028304386,0,0.6737200522920607,4000.0,0.45656255047097893,2,0.183,2
37400.0,0.6633409024653899,salaried,0.5152567456762306,11,0.9129013483385312,12900.0,0.20669053512509838,0,0.345,2
36000.0,0.5142926290235401,self_employed,0.23758527792191111,2,0.7334283691494836,100.0,0.15191202429681025,3,0.003,1
24900.0,0.6508770517712457,self_employed,0.2798402673966312,47,0.5085900210537969,4700.0,0.10906102308988179,0,0.189,1
38300.0,0.7397415295571762,salaried,0.27840615074522973,61,0.8169886270326024,3500.0,0.1493261387024165,3,0.091,0
52500.0,0.7122829408105511,salaried,0.13356483951349502,15,0.709237237482589,3500.0,0.2968644181759362,1,0.067,0
7600.0,0.8338110771630147,gig_worker,0.20717101512455321,13,0.9046144774946016,5200.0,0.08271753031569287,1,0.684,1
21300.0,0.6916886384861467,salaried,0.06699765879483698,18,0.8530748152925945,3600.0,0.186380842011173,0,0.169,0
17200.0,0.6937297396000789,salaried,0.6267320807394421,6,0.9141493073654664,11600.0,0.39971684044748124,0,0.674,1
20200.0,0.7287831696989451,gig_worker,0.3675474346879646,8,0.9100612214493314,4600.0,0.2468737711766973,2,0.228,1
6700.0,0.7983385966919727,gig_worker,0.3492835656745253,2,0.7950142178655917,8900.0,0.5357484498831564,2,1.328,2
7400.0,0.5661945445456171,self_employed,0.283062468350205,14,0.5722277762519874,7400.0,0.2611838175705235,1,1.0,2
4200.0,0.6965583868960403,salaried,0.6674449676210172,22,0.6874602307532129,11900.0,0.10782944576480204,0,2.833,2
22300.0,0.5381598156769668,salaried,0.025684789850033998,63,0.8793066594915501,2900.0,0.06136732710695505,3,0.13,0
22000.0,0.8403217885971348,gig_worker,0.09013307683909745,32,0.8059867551453882,3900.0,0.27337139201994454,0,0.177,0
56200.0,0.8284223289344383,self_employed,0.44815414030492096,30,0.8239795797762961,10200.0,0.4008526616345673,1,0.181,0
31600.0,0.8432870899205109,self_employed,0.48614957272452075,8,0.7699045671224921,2400.0,0.08683479204030553,0,0.076,1
7300.0,0.6293455428311701,gig_worker,0.23474685189969513,52,0.8214672270016398,5400.0,0.10090753548820926,1,0.74,1
37800.0,0.5271335100951445,salaried,0.5734981781073849,70,0.5525729833660376,5700.0,0.12839515532231574,3,0.151,2
140000.0,0.5499777052955688,salaried,0.3409288653564803,64,0.9440944614203891,4500.0,0.15151476500156283,3,0.032,0
7600.0,0.8029340936002034,unemployed,0.6887857214570348,0,0.6045965728088267,4700.0,0.5162174508412781,1,0.618,2
64500.0,0.7043610344252853,self_employed,0.43971803323025194,22,0.8785143073604641,3300.0,0.34945219570479324,2,0.051,0
28600.0,0.5440991459300758,self_employed,0.32805045843597486,24,0.937229139138695,1200.0,0.04364898486179937,1,0.042,1
23300.0,0.42984724381610423,unemployed,0.21921144067482276,8,0.8371469510060565,600.0,0.6084050621403697,1,0.026,1
21400.0,0.80471754046146,unemployed,0.4228045287811504,117,0.7474464522458575,6500.0,0.06735498738403677,0,0.304,2
34700.0,0.7943296822368808,self_employed,0.09446958897481902,8,0.8623638101182759,9600.0,0.0633164135805699,1,0.277,0
23400.0,0.7354001977371398,salaried,0.16442571654516042,5,0.9515330022485733,900.0,0.3062164387436802,0,0.038,0
15200.0,0.9736936843295585,unemployed,0.23866063424827758,15,0.8572367004701982,7300.0,0.14485172492624904,3,0.48,0
21900.0,0.6548980948987781,self_employed,0.4996204589849141,9,0.9238200251993527,1200.0,0.16767225722129556,2,0.055,0
35200.0,0.6570075665936916,salaried,0.3617708643290144,61,0.8897495294379084,1900.0,0.22511023902395394,1,0.054,0
41100.0,0.8737465203356548,self_employed,0.4208645891577987,13,0.6068282762607037,23800.0,0.3772288555199159,2,0.579,1
67700.0,0.7234644225728979,salaried,0.42778426844350276,12,0.44509042033163543,7400.0,0.030602152477169707,3,0.109,1
30900.0,0.6350825606469197,gig_worker,0.48510833944212967,23,0.7788787185502251,5300.0,0.11526081100962557,0,0.172,1
54000.0,0.64745705820012,self_employed,0.29223742499005617,2,0.7908624913400341,5700.0,0.23788562454302498,2,0.106,1
26500.0,0.49199105242952434,gig_worker,0.37120427326948285,33,0.8382414636747668,2300.0,0.18847553004056816,0,0.087,1
28400.0,0.7172151984653042,gig_worker,0.34279264647092594,35,0.6662517893759999,9500.0,0.3207043992056351,2,0.335,1
27600.0,0.7304668751888956,gig_worker,0.49132006170840375,15,0.44117147950658925,8200.0,0.3106463564630651,1,0.297,2
32700.0,0.7897712947730354,gig_worker,0.23898450663450982,74,0.8191506735855023,5100.0,0.08115456350188656,1,0.156,0
44800.0,0.7442240568942045,gig_worker,0.17174946796483187,20,0.8010807783162534,6500.0,0.612400335957147,1,0.145,0
22900.0,0.9282550310142432,salaried,0.05797842914322863,28,0.7870143808891684,1200.0,0.09812832419463123,0,0.052,0
17700.0,0.5909833394086902,salaried,0.24153125180346915,61,0.5983126887505328,9800.0,0.06805163371985984,0,0.554,1
46500.0,0.6759752723287072,gig_worker,0.17167792038623245,26,0.9352419596918435,4200.0,0.5292610641279342,1,0.09,0
44900.0,0.7646003771715567,self_employed,0.2823529642476745,13,0.8143688151907504,6400.0,0.3817634144671351,2,0.143,0
58200.0,0.7795342043502588,salaried,0.07186876899903669,0,0.7953843787248489,3600.0,0.23306679069250316,2,0.062,0
21000.0,0.9463672166355228,salaried,0.064158075595507,31,0.568850965508944,2500.0,0.5002966846534995,0,0.119,0
26000.0,0.6787775704561232,salaried,0.11923155181353683,80,0.747730154979109,4700.0,0.1854436345573206,2,0.181,0
47400.0,0.8297470370841508,gig_worker,0.6062054874171865,15,0.3967602606415152,9400.0,0.520198629123449,0,0.198,1
22800.0,0.6039093724004995,gig_worker,0.21390205450281577,9,0.6595726903581898,2900.0,0.13793801597526448,1,0.127,0
40300.0,0.8173169842881961,salaried,0.28084789227180845,17,0.8575391083901932,3200.0,0.4388344265748451,1,0.079,0
26500.0,0.7782213189858901,gig_worker,0.47866597619855705,31,0.7829272835749516,7800.0,0.15979723495902043,1,0.294,1
34600.0,0.9262774899592373,salaried,0.2965740156127534,0,0.5201583288561209,13800.0,0.14009816759064983,3,0.399,0
15000.0,0.7992089547326245,gig_worker,0.293180993036094,52,0.7713766504888626,6600.0,0.17257627410622647,0,0.44,1
30700.0,0.7141986979887098,self_employed,0.1258750374163542,52,0.8334582272391814,1100.0,0.4898612916737577,0,0.036,0
3200.0,0.750389357488982,gig_worker,0.535540133785156,18,0.367924098104196,8500.0,0.4318744045367199,2,2.656,2
52000.0,0.7647044241367357,salaried,0.16527261635816104,3,0.8512134882256368,15700.0,0.2293367125829285,0,0.302,0
42900.0,0.6268628895617243,salaried,0.1578420745404379,26,0.7308911498967944,4400.0,0.3111252492754167,0,0.103,0
17100.0,0.6260963097738823,gig_worker,0.33981940328378607,3,0.7513122831331143,12300.0,0.32773202070730606,0,0.719,2
65100.0,0.7695520071533767,salaried,0.4109320081358474,17,0.66514520370735,4100.0,0.3457507780732591,3,0.063,0
50400.0,0.764874803293257,unemployed,0.22547704922517978,2,0.8239126666030789,5300.0,0.1828635758245154,1,0.105,0
15400.0,0.8454354894803896,self_employed,0.12815459297244783,21,0.7401482815952743,11700.0,0.575934673262114,2,0.76,1
22000.0,0.4149011805364549,salaried,0.16781076170007686,9,0.8130429757414044,3700.0,0.12289591459551037,0,0.168,2
15900.0,0.6659827972851594,self_employed,0.2390338916585785,42,0.773243318789804,14000.0,0.3459564323544729,1,0.881,1
35100.0,0.7231992683562676,salaried,0.3338179777733217,38,0.929550052716733,2700.0,0.3100945250938145,1,0.077,0
21400.0,0.8293636324114868,self_employed,0.1603738664598382,155,0.6950465825697996,9800.0,0.10173198427042744,2,0.458,0
8700.0,0.796244544307567,unemployed,0.8359192541149242,7,0.7647314902752131,4200.0,0.520832849848596,0,0.483,2
28300.0,0.6558144542093335,salaried,0.5796784116297092,1,0.762310895838524,10200.0,0.08798285542151031,2,0.36,2
45600.0,0.7775697707028897,gig_worker,0.25697132839245435,14,0.8088627330951558,14000.0,0.6394628036932356,2,0.307,0
31000.0,0.7654194918702288,salaried,0.1264131982116321,2,0.9426116413639091,5800.0,0.3295156596432479,0,0.187,0
38500.0,0.61125335909042,self_employed,0.10761015093170452,4,0.7010733485456129,2900.0,0.44795979344521525,2,0.075,0
32500.0,0.5657369867162129,salaried,0.5777163303593857,21,0.5104667087629898,2600.0,0.10371892794023622,1,0.08,2
42000.0,0.8170336798870049,self_employed,0.3712883891886783,21,0.7910441333823333,2500.0,0.1518637060400493,0,0.06,0
34000.0,0.8249442454979655,unemployed,0.06984142610443221,1,0.6386456000844305,4700.0,0.23486276976518636,1,0.138,0
27500.0,0.7263624430084754,salaried,0.4086851641362715,14,0.7049704828121676,1100.0,0.4302047092464304,5,0.04,0
30800.0,0.9030857959715797,self_employed,0.10609664245785648,18,0.574711549844849,2600.0,0.25247238726265236,0,0.084,0
59200.0,0.6874837230416675,self_employed,0.15054473955521772,7,0.6101369593763336,4600.0,0.2130399924807963,0,0.078,0
39600.0,0.8417214693592394,self_employed,0.3942433551866915,49,0.6174771634365351,10900.0,0.15557897075203156,0,0.275,0
17000.0,0.46686659196557684,self_employed,0.2216970399514422,4,0.8611826067296857,8000.0,0.41418685824087614,1,0.471,1
30500.0,0.8093524203497592,self_employed,0.5494777631952761,7,0.521708275020354,17200.0,0.1279705057493291,1,0.564,2
34800.0,0.6871424577795018,salaried,0.43473559890736285,4,0.8808490784682786,2700.0,0.390458403098844,0,0.078,0
27000.0,0.6813559358516621,unemployed,0.30104109240590543,2,0.8085711882247212,4700.0,0.166720001936606,0,0.174,1
8700.0,0.4775615345742856,gig_worker,0.06692577506646,50,0.8710778083119057,1600.0,0.42190810944073753,2,0.184,1
18000.0,0.6202065688589895,salaried,0.2198953724889633,7,0.7376516561731514,3700.0,0.31255909283396344,1,0.206,0
23400.0,0.5660202957951219,salaried,0.13768140248023736,30,0.7864917009432763,1400.0,0.3881592256018796,0,0.06,0
68800.0,0.7965836020626562,gig_worker,0.21519900333985306,13,0.6861710140398576,7100.0,0.6190484993784912,2,0.103,0
37400.0,0.7244116737581684,unemployed,0.413745432742641,24,0.6193448407819095,5300.0,0.09333856204708012,0,0.142,1
11400.0,0.8445605987091128,unemployed,0.28313932230605593,63,0.42336414014215135,3400.0,0.1669265240958456,1,0.298,2
27900.0,0.6914115999870717,gig_worker,0.18293199574692304,44,0.7749543963646043,5500.0,0.26324809560229806,3,0.197,0
54700.0,0.8851627828097621,salaried,0.1851961807211453,1,0.9090722833751232,6100.0,0.1653688630655198,2,0.112,0
21300.0,0.581490006197965,unemployed,0.11672761576428928,44,0.8003812647384188,4100.0,0.19789986514120364,0,0.192,1
48300.0,0.9968444392314006,gig_worker,0.15011822038226713,14,0.873168920538466,6200.0,0.22839434776270104,1,0.128,0
11700.0,0.5924625293224014,salaried,0.31021303889068624,10,0.8319420609125797,8300.0,0.21582901402096247,0,0.709,2
3800.0,0.8945381376154741,salaried,0.39604793601827976,26,0.7478797317037339,2600.0,0.11727749352117288,3,0.684,0
51800.0,0.9074407096345887,self_employed,0.17339040412535806,71,0.9690050095919325,12700.0,0.42826969397391373,2,0.245,0
22800.0,0.8226130081601614,self_employed,0.39260186799264285,2,0.9332193670007594,5300.0,0.2274304620323094,2,0.232,0
9000.0,0.4901366710783057,salaried,0.24713080290270628,35,0.5051238429330387,1700.0,0.26597973326466406,2,0.189,2
23800.0,0.5617945523765118,salaried,0.5056510598194238,5,0.8076867160854568,12700.0,0.3023625364029381,3,0.534,2
32300.0,0.9225715529098917,salaried,0.35435846220845735,11,0.8507327777308266,1300.0,0.08749234516150657,1,0.04,0
36800.0,0.6811349490701811,salaried,0.30454877823437904,49,0.6274155791492324,6300.0,0.1888946947388728,0,0.171,1
5300.0,0.7010486964827843,salaried,0.33781664584646864,18,0.8173107284925338,2500.0,0.1570725273893238,2,0.472,1
20400.0,0.8912560242285543,gig_worker,0.40626337732093126,1,0.9218723365834817,2000.0,0.2734633217745357,0,0.098,0
30200.0,0.350635006177465,salaried,0.1913507464384604,17,0.6694047189889516,4200.0,0.3613129199093656,0,0.139,1
36700.0,0.7879162953203958,unemployed,0.5882302969507512,37,0.8582829533052877,3600.0,0.4805178064521718,3,0.098,0
16900.0,0.865059429919264,gig_worker,0.13140636924918048,18,0.4745558671723802,12400.0,0.2177708067247365,2,0.734,1
26300.0,0.6925174125265732,unemployed,0.3421803888497404,4,0.5977539147289492,10400.0,0.1117985202783962,2,0.395,2
21200.0,0.6052427955657981,gig_worker,0.35267754732805545,14,0.5727460639484458,1400.0,0.2799806919946048,3,0.066,1
32900.0,0.6527031862980922,salaried,0.41586194249429126,61,0.9198897691766081,11400.0,0.4340585635939033,0,0.347,1
50900.0,0.6309801598175738,salaried,0.09190014719195615,25,0.8938001469010741,900.0,0.12892694843975516,1,0.018,0
24500.0,0.8514837156058797,salaried,0.6731422819684382,31,0.7972070860762567,13600.0,0.0736882268694234,3,0.555,1
12900.0,0.7476552023305164,unemployed,0.14965737600905868,36,0.5382478706988046,8600.0,0.1957852228587774,1,0.667,1
19800.0,0.20606486098345167,salaried,0.3825946364228174,2,0.8925768620674401,6200.0,0.2280394739074902,1,0.313,2
64700.0,0.6980376332957935,self_employed,0.33442230387592037,20,0.9419538838651714,8200.0,0.18401449318721194,0,0.127,0
18100.0,0.5963614924245474,gig_worker,0.40559690215959104,11,0.8749949124817632,400.0,0.16997407221282726,1,0.022,1
14500.0,0.851293091545127,unemployed,0.2511926493924961,3,0.8390185600776269,3800.0,0.06666966473987533,1,0.262,1
23700.0,0.73365095586806,gig_worker,0.08479521253771966,5,0.9842782682573984,4700.0,0.07460748255215639,1,0.198,0
27900.0,0.7257354948378891,self_employed,0.4083762741123382,36,0.967247395254788,10700.0,0.3530092945057743,1,0.384,0
21900.0,0.7017085372531058,self_employed,0.2681841335647634,4,0.8945356743790148,9500.0,0.4416837815835963,0,0.434,0
11700.0,0.8422418967197173,self_employed,0.2963603096619641,8,0.8315505304878812,5900.0,0.3799505493336807,1,0.504,1
34500.0,0.5620867743530871,salaried,0.04554103967463989,8,0.7801789728496922,1500.0,0.17146146653328753,0,0.043,1
32900.0,0.767881034061556,gig_worker,0.6527398732921327,1,0.9536246439273477,6000.0,0.5890177364962189,1,0.182,0
41300.0,0.8720995167747225,self_employed,0.11972519667588136,14,0.5573671871754972,5600.0,0.026759976870133356,0,0.136,0
32500.0,0.7883352091108214,salaried,0.1527817261880466,34,0.7584623909374745,9600.0,0.4021483842806262,1,0.295,0
62100.0,0.6208574535283553,unemployed,0.3043326002656028,0,0.8180491326158008,4600.0,0.2239927799169955,0,0.074,1
42900.0,0.7067402144410723,self_employed,0.3504990126538595,2,0.7240181307705535,9700.0,0.25863408153579936,0,0.226,1
38600.0,0.699003813635597,gig_worker,0.4423227507773537,30,0.729365914077375,5000.0,0.30769394190718985,0,0.13,1
51800.0,0.7780757127082314,gig_worker,0.11400211363574399,21,0.7997541640851549,4200.0,0.40292582721756853,0,0.081,0
31500.0,0.9837872747506065,gig_worker,0.6675987075813596,30,0.916420937829718,5200.0,0.6267184745987437,0,0.165,0
26600.0,0.5774390712364464,salaried,0.2103150948838764,6,0.7765095528137875,2600.0,0.27178453310542927,0,0.098,0
34300.0,0.4515677044953228,salaried,0.3825887153609633,39,0.6082152813735843,3700.0,0.5105197089196317,0,0.108,1
8400.0,0.6561237063611743,gig_worker,0.1868157594404644,15,0.7229867032775815,8100.0,0.44753523479142937,3,0.964,1
31600.0,0.6759612123332064,gig_worker,0.5370698446160924,22,0.7867767965562589,4900.0,0.20656255744839122,0,0.155,1
27900.0,0.7995789911224467,self_employed,0.18066986828289544,2,0.6069371867001448,4200.0,0.08024228834065283,0,0.151,0
36200.0,0.8653604531963929,salaried,0.22049502258774342,5,0.7155922412339554,800.0,0.16884923848916894,0,0.022,0
48400.0,0.8655810565157586,salaried,0.4574501286938954,35,0.7407782446478859,3600.0,0.004159255777448906,3,0.074,0
39200.0,0.3374721313005145,unemployed,0.5138742534212652,6,0.7226915127911943,6000.0,0.1367900495508252,1,0.153,2
19800.0,0.5761886458279217,salaried,0.3938318649381349,2,0.9070046789799903,4400.0,0.21365487869162314,1,0.222,0
44500.0,0.4530537182080008,salaried,0.2654572068224727,21,0.8832135327622549,10300.0,0.3999023756589621,2,0.231,0
62600.0,0.8974110107493186,self_employed,0.2746013143623585,19,0.7868636717358127,7700.0,0.290420256375783,1,0.123,0
49000.0,0.5509123272443864,salaried,0.4706900661577247,22,0.9244111321776484,13600.0,0.2025559792618548,1,0.278,1
13600.0,0.875107422141224,unemployed,0.5138985279425177,23,0.5021866421552044,5400.0,0.2265952123923695,0,0.397,2
39000.0,0.9110823089696348,salaried,0.14912390863927047,16,0.560977309255527,2000.0,0.11253365710898607,1,0.051,0
14900.0,0.5136772136093153,salaried,0.06286446376110859,16,0.7704244925198389,7100.0,0.14015985565223876,1,0.477,1
25200.0,0.6519412595023636,self_employed,0.08615174677098174,61,0.7189328533234927,2000.0,0.12961585438408002,1,0.079,0
35700.0,0.7057035706605717,self_employed,0.48990534330701735,18,0.8735118350123041,3700.0,0.13774833028592612,2,0.104,1
33400.0,0.8845794443168886,salaried,0.2558013609905288,23,0.8289981947758582,10500.0,0.24657257941849398,0,0.314,0
48500.0,0.4933513119589556,self_employed,0.18912520270087443,7,0.5781602712045661,3000.0,0.26851224421116077,2,0.062,1
62700.0,0.88230519530065,salaried,0.17227034960391113,49,0.722800521894584,2200.0,0.34827966411065897,3,0.035,0
37500.0,0.6494656953255014,gig_worker,0.596957097881454,0,0.8456241567851581,7900.0,0.5837207601705476,0,0.211,1
24200.0,0.771136867233042,salaried,0.5051257256091591,19,0.8459000198146612,10600.0,0.007919693724410133,0,0.438,1
8700.0,0.9507856137331774,unemployed,0.2893894826613116,11,0.8330270431756208,3500.0,0.2795082871849619,0,0.402,0
54500.0,0.7643569300652563,self_employed,0.41262517725989456,22,0.804001978130657,2600.0,0.27767494142232707,2,0.048,0
28000.0,0.5903807709184653,salaried,0.3568908264073179,10,0.6339366573429617,4000.0,0.27450200585654017,2,0.143,1
28800.0,0.7456194261313838,salaried,0.20060515037269352,30,0.4579844458045704,4500.0,0.0625476976956785,0,0.156,0
30000.0,0.7240384130907512,self_employed,0.3514503358378226,0,0.8991472646776553,6900.0,0.14118367229590637,2,0.23,1
36700.0,0.6970318224578984,salaried,0.23552237217047306,12,0.8681294611649102,1800.0,0.04142772708793999,1,0.049,0
37200.0,0.8437581823316435,salaried,0.5077553347451191,42,0.8350817054378258,1600.0,0.16679517985795597,1,0.043,0
25400.0,0.8086050658294077,salaried,0.30367097856512937,6,0.613158108821322,14900.0,0.2043148373696373,1,0.587,1
27800.0,0.7928572506639869,self_employed,0.35512116757100826,1,0.8320454987603434,6700.0,0.21259768164118087,0,0.241,1
21000.0,0.5157772064844565,self_employed,0.2518767942426881,16,0.7593026995951914,8900.0,0.2718982564168177,0,0.424,2
19800.0,0.9322759632199052,salaried,0.3072066004178696,90,0.853280202818267,10100.0,0.087814427787388,0,0.51,0
19700.0,0.7425993578307907,self_employed,0.40755491812851713,1,0.6607926128794179,8400.0,0.18994269686441026,1,0.426,1
27700.0,0.8549735726133787,gig_worker,0.29727167580110647,1,0.697642859552709,2600.0,0.17134541564253583,2,0.094,0
17600.0,0.5238481223772256,salaried,0.46489208989848824,21,0.6830031311174561,6500.0,0.24246268717037325,2,0.369,2
3500.0,0.9460143810326549,gig_worker,0.40031366899406434,6,0.807517490219502,3700.0,0.1113332823889891,0,1.057,1
24000.0,0.6845197656723028,self_employed,0.3547444890961584,12,0.8076907241807937,500.0,0.27510319282883894,0,0.021,0
14200.0,0.9021275115117289,unemployed,0.2796499407558181,42,0.653883457743678,1200.0,0.6616473407568351,2,0.085,0
31000.0,0.7589805486228591,salaried,0.3268292247433847,5,0.8542568175702522,5000.0,0.44011672929255635,1,0.161,0
21000.0,0.5310424122225261,unemployed,0.38888276758326945,30,0.6926071176127041,11000.0,0.4645870745967084,2,0.524,2
36900.0,0.8581193705826601,self_employed,0.13285135802044387,16,0.7502100690004392,3300.0,0.528808713119991,0,0.089,0
15000.0,0.4688915454498718,self_employed,0.1980080404718287,56,0.5227895190188856,2600.0,0.37342211643989764,0,0.173,2
9800.0,0.7514209872447271,self_employed,0.08820383246735246,86,0.6106083644342541,2200.0,0.14287016356440177,0,0.224,0
27900.0,0.893680279668314,salaried,0.35337573855477844,15,0.856450285569,5000.0,0.677585215130349,3,0.179,0
23400.0,0.47104556075745296,unemployed,0.20970356706317062,21,0.6309734941024598,6000.0,0.16643443691546905,2,0.256,2
13400.0,0.6297233174375375,self_employed,0.1536648272142455,32,0.711549781738799,2900.0,0.3811298805302197,1,0.216,0
42900.0,0.9441412400346312,salaried,0.25213813147319963,9,0.4172870994088875,7700.0,0.1104849378025331,0,0.179,0
16500.0,0.6822880717638953,salaried,0.10853152728888302,6,0.8406744838095893,8700.0,0.19061391892423704,0,0.527,0
19300.0,0.8471161298008892,salaried,0.1012190422796986,80,0.7599205141589284,4500.0,0.1025220688767404,2,0.233,0
47000.0,0.8586132796082587,self_employed,0.18171402695742317,13,0.9050582158695399,9000.0,0.5351425365865954,2,0.191,0
38000.0,0.9377215169232783,self_employed,0.1734663958012505,0,0.5356304093685403,3000.0,0.10856076332460664,1,0.079,0
15500.0,0.7546073373778863,self_employed,0.3327307624917065,43,0.6089742563838624,3800.0,0.32461651738002545,1,0.245,1
24600.0,0.773963637933993,salaried,0.0773134081700796,21,0.5039200641446245,11100.0,0.38999309378311936,0,0.451,0
14600.0,0.5526778313574413,self_employed,0.28274419905322085,4,0.913508790371674,5600.0,0.32027538294107866,2,0.384,1
45300.0,0.8938444225366406,self_employed,0.06913158960069053,0,0.5642778187666744,6200.0,0.10744003831660602,3,0.137,0
45200.0,0.8789421186286316,salaried,0.5116466335860227,8,0.8714431265144222,1500.0,0.11048178613544622,0,0.033,0
67200.0,0.7006336286623884,salaried,0.18131144817748138,63,0.7924001857643057,8600.0,0.5595681119213063,2,0.128,0
80000.0,0.866883154752547,salaried,0.18811659401533537,65,0.7133559763794273,8600.0,0.1804012440233376,2,0.108,0
20900.0,0.913848454290687,unemployed,0.4867358646297296,8,0.7426080288801253,7700.0,0.05337865543015481,2,0.368,1
41700.0,0.7657380250921205,gig_worker,0.09089750700399446,43,0.8444664023939286,900.0,0.25070911235852184,0,0.022,0
8900.0,0.7921585728460904,unemployed,0.35075559024951,13,0.37178760397791005,2300.0,0.36891016685052214,2,0.258,2
32300.0,0.6922138558206115,salaried,0.5644788766022583,25,0.8529981622684569,4000.0,0.05904443302544512,2,0.124,1
36300.0,0.7785608547732528,gig_worker,0.24934709585162407,9,0.6430047917087748,14600.0,0.2838279714794671,3,0.402,1
17000.0,0.3997086477971494,self_employed,0.13777708890667503,17,0.8668090440992077,2300.0,0.2786729961570642,2,0.135,0
20100.0,0.7393323889754654,self_employed,0.1131222350238645,8,0.9262646067321689,6600.0,0.08842228924593848,0,0.328,0
45400.0,0.35403912405343646,salaried,0.3348848145872984,1,0.7832152858459804,8100.0,0.393633040523114,0,0.178,2
36800.0,0.6476816001220984,gig_worker,0.24361836926012742,3,0.8775806665777737,6100.0,0.07889652817962937,0,0.166,0
63000.0,0.9591924758938082,unemployed,0.03158372771589932,8,0.7603108824291184,6400.0,0.36482079642312965,0,0.102,0
59400.0,0.675589957448665,salaried,0.2898005741259501,89,0.660017654519081,5900.0,0.1833927287131878,0,0.099,0
10600.0,0.8293819904169618,salaried,0.30143811345969107,80,0.6599501848058089,1400.0,0.13443812750280235,3,0.132,0
22000.0,0.6853521786166629,self_employed,0.17482906082320754,42,0.6905257525139852,700.0,0.19109097372915376,1,0.032,0
16000.0,0.8451061945076378,unemployed,0.4205244331958652,6,0.8207798089911275,3900.0,0.0811777099750221,0,0.244,1
42500.0,0.8329523104316812,gig_worker,0.017863159757462145,13,0.7879151362993103,5500.0,0.06279219345769285,1,0.129,0
33900.0,0.8536472548320874,salaried,0.3457756586096452,13,0.8588270933393053,2700.0,0.4618637260056329,2,0.08,0
16700.0,0.36694126871424043,salaried,0.42734395106036865,11,0.8563322005948868,10100.0,0.23906869166848968,3,0.605,2
18200.0,0.658038264593894,salaried,0.4852020490956276,1,0.6288386823038563,6100.0,0.17596891380816437,0,0.335,1
52900.0,0.864682126326737,gig_worker,0.3478885511091412,18,0.6739642049571611,6300.0,0.4870248635460931,1,0.119,0
23400.0,0.5093922259035469,gig_worker,0.21262914140915565,1,0.8526695419215574,5100.0,0.28348620939908165,0,0.218,1
8000.0,0.6941999783736357,self_employed,0.27938739666776213,38,0.8881101544283293,1300.0,0.3096349095416918,1,0.162,0
15800.0,0.4942696647322186,salaried,0.1289760023861597,28,0.8049368069333915,7700.0,0.3066157273277577,3,0.487,0
69400.0,0.8542676150544398,unemployed,0.17910200887105457,10,0.6919579468477203,6400.0,0.23620056796670655,2,0.092,0
47600.0,0.6778433389152705,self_employed,0.19144965965355684,25,0.4946491113633497,2200.0,0.34644750449959355,2,0.046,1
14000.0,0.14844820724033492,unemployed,0.33617883068226434,6,0.4631811829053564,2600.0,0.13819016557077482,3,0.186,2
32300.0,0.8737447005282204,self_employed,0.046133779041737044,7,0.9792905897844176,6900.0,0.27218962356791565,2,0.214,0
46200.0,0.9309861643886695,gig_worker,0.30432473836061713,9,0.9697661128525513,3500.0,0.17473136465550915,2,0.076,0
10500.0,0.6159908126598004,gig_worker,0.17357043129153976,38,0.9087540885607832,2500.0,0.6205812157546378,0,0.238,0
48700.0,0.8000148487734206,salaried,0.5296903780249842,5,0.7231251622133643,2500.0,0.22557469053589185,0,0.051,1
36600.0,0.5664945465763801,unemployed,0.3395213977252459,19,0.5641585074582531,8800.0,0.10882458081883,1,0.24,2
19500.0,0.6164035451095019,salaried,0.06638161121884865,5,0.9160764689559125,20600.0,0.21997118948549824,4,1.056,1
39600.0,0.8255492500543611,gig_worker,0.32844863521173884,8,0.9412816789626937,4100.0,0.3547307971531605,2,0.104,0
34100.0,0.6069077863359846,unemployed,0.44265792506791163,6,0.8223717569208405,4600.0,0.4535630697342909,2,0.135,2
35300.0,0.7835708015721631,salaried,0.30553183211970786,24,0.8035852922295578,4900.0,0.3222651252796577,2,0.139,0
31700.0,0.5786019957949927,self_employed,0.19732663857990612,17,0.8390510639518907,7700.0,0.2208640677917299,2,0.243,1
17800.0,0.8989738008006395,self_employed,0.3265574868195785,30,0.8693436347098202,1000.0,0.16816403591720494,1,0.056,0
19700.0,0.8424569654797727,gig_worker,0.41539806590077316,5,0.7678174997335134,4100.0,0.393452383264995,2,0.208,0
25800.0,0.9107684984620918,gig_worker,0.7235636779362553,0,0.7888079867222746,700.0,0.2838792366274954,1,0.027,1
30000.0,0.8609401263119218,self_employed,0.4960881625911334,27,0.7365504815732129,2900.0,0.08340785569699712,0,0.097,1
40800.0,0.7122531541770942,gig_worker,0.394116860021317,2,0.942881715507694,4900.0,0.19844914783591788,0,0.12,0
70300.0,0.7903809330274666,salaried,0.29318277691830447,6,0.34929062248325926,17800.0,0.19286607478105736,2,0.253,1
33000.0,0.5441280504937541,salaried,0.09389742074808757,8,0.728614820411086,4800.0,0.25993882228394155,1,0.145,0
40400.0,0.8133684927995491,salaried,0.3316845253251531,32,0.74735727823569,2400.0,0.3852696754392434,1,0.059,0
45000.0,0.7596888146144632,self_employed,0.19988172687280123,23,0.9281044401071772,2800.0,0.3184830993772723,0,0.062,0
41800.0,0.6196472050560747,salaried,0.47685798609688296,4,0.8322996373837606,3200.0,0.5180687354583937,1,0.077,0
17400.0,0.2662647262045578,self_employed,0.14568671042335968,21,0.9545619639868165,7700.0,0.23964513437628013,2,0.443,1
55400.0,0.9094148262965898,salaried,0.3134059123144675,29,0.9657923280566675,300.0,0.08930802553436545,1,0.005,0
51200.0,0.8994285821544652,gig_worker,0.5296160859985972,11,0.8990882893767057,4700.0,0.419402318394662,2,0.092,0
31400.0,0.9377139588640079,salaried,0.30098112960454604,6,0.7818518983711945,17100.0,0.12403655307593403,0,0.545,0
18000.0,0.602110073926507,self_employed,0.46194604312422655,27,0.5321030074470666,4800.0,0.5271850112312427,1,0.267,1
29800.0,0.7453528340042578,self_employed,0.3957423393290759,22,0.9457098690131296,100.0,0.11701925168299773,0,0.003,0
11300.0,0.8640110979846012,unemployed,0.6919867338180704,1,0.9546571212744732,1600.0,0.21309308906713548,2,0.142,0
58900.0,0.8863151696398657,gig_worker,0.23158017730197122,26,0.9432536239958631,2500.0,0.20430356384591508,0,0.042,0
20700.0,0.32784305994294766,gig_worker,0.08522695706989072,16,0.7867449973730681,2000.0,0.20844661417369087,0,0.097,0
25100.0,0.8816607021822113,unemployed,0.10187780646118934,33,0.9032851413138782,10700.0,0.17475225500459013,0,0.426,0
56900.0,0.7691334701053048,self_employed,0.0804271268248278,5,0.7263235922750871,2900.0,0.19989650459856345,0,0.051,0
53600.0,0.8113947665438276,salaried,0.20287626591021343,7,0.7789778470535739,3600.0,0.11634512623195518,0,0.067,0
34800.0,0.5691768250459717,gig_worker,0.32047227304968645,18,0.6600162364736507,3200.0,0.20548501673160885,2,0.092,2
63200.0,0.9331645763152266,gig_worker,0.33957479031480414,15,0.6865980570363333,4100.0,0.16068854291998508,1,0.065,0
17100.0,0.668597006816296,salaried,0.3164013365162272,11,0.7904446680032556,5500.0,0.07223309688052658,1,0.322,1
34800.0,0.7692978494165656,gig_worker,0.25350349465231314,32,0.7561632474060809,2600.0,0.46738085186073813,3,0.075,0
17200.0,0.6627800976102189,gig_worker,0.7217589182389644,19,0.9108506446800229,7300.0,0.11678480819310293,3,0.424,2
49600.0,0.7303798200842226,unemployed,0.3084800074331717,29,0.8187443908372346,6300.0,0.09830794412559776,1,0.127,1
48800.0,0.9261866394946728,unemployed,0.4165771219177548,3,0.8873231973980422,13300.0,0.18192501104032177,1,0.273,0
65400.0,0.7594290721048391,salaried,0.20322286919596266,31,0.7666180110736242,8500.0,0.4060040679674202,1,0.13,0
29300.0,0.7717168321306632,salaried,0.3466000469216864,14,0.8370886633927567,7100.0,0.27140268686572566,1,0.242,0
74300.0,0.5503373049182905,salaried,0.14899819444499832,0,0.8386023969946158,1600.0,0.3223114795309425,0,0.022,0
16400.0,0.9099630406151029,salaried,0.05311660868057616,6,0.612269017028829,6300.0,0.12156716985566386,1,0.384,0
28500.0,0.7934049623902613,gig_worker,0.24636273598880387,0,0.8184558137967561,4700.0,0.0633903082413706,2,0.165,0
16700.0,0.6093611264303768,salaried,0.18418493152049856,14,0.9497488273652585,3100.0,0.3061143168952803,1,0.186,0
32400.0,0.6803316565636854,self_employed,0.23421550382414777,9,0.934587755289475,2600.0,0.32296296082171727,2,0.08,0
17500.0,0.8176210807830863,self_employed,0.21956306163816885,105,0.8349834292633017,3900.0,0.15919894881311436,1,0.223,0
49700.0,0.8733994487293794,gig_worker,0.1123979621640875,48,0.7464291491544698,10800.0,0.1301470446675842,1,0.217,0
37200.0,0.8770272281530119,salaried,0.13915331545969806,41,0.5560654413917099,7800.0,0.27503252073509604,3,0.21,0
15600.0,0.5572950409077811,salaried,0.12777911422799898,16,0.8744822882346363,15500.0,0.11836404569398867,3,0.994,2
44100.0,0.7216633685458681,salaried,0.23052519449599423,39,0.7945199279048062,3900.0,0.315389166906436,1,0.088,0
61000.0,0.8102963251298454,salaried,0.010135925729008474,7,0.7582650373190887,4900.0,0.41046719142288807,0,0.08,0
39000.0,0.5897017669156431,unemployed,0.1616374534515722,19,0.7533498222902799,2800.0,0.18186862851112134,0,0.072,2
13000.0,0.8669916571845151,gig_worker,0.3084891942499756,11,0.47872601761505607,7400.0,0.3198842249225089,1,0.569,1
27100.0,0.92819281328405,self_employed,0.38764184640697513,4,0.8005247259895172,3000.0,0.06064686847828627,0,0.111,0
41500.0,0.6398687915534196,gig_worker,0.2030897794191017,1,0.8454921927487745,1700.0,0.1409888091359178,3,0.041,0
25800.0,0.58157491657337,salaried,0.25816578624470726,19,0.8091818284011433,1000.0,0.12055077794916656,2,0.039,0
16300.0,0.7689641520657127,gig_worker,0.3281381348340892,2,0.9548133020478832,13500.0,0.38891681893464686,1,0.828,1
52500.0,0.7176224959971015,salaried,0.42201683879504903,30,0.7829681516944896,6600.0,0.14653911233816608,0,0.126,1
25200.0,0.5869419145493917,gig_worker,0.05612589254198509,61,0.7644428710026869,1100.0,0.09339739710869109,2,0.044,0
61100.0,0.6672581806018608,self_employed,0.1892050092675326,4,0.7654902315496843,4300.0,0.089827854168314,3,0.07,0
22100.0,0.6908127826089705,salaried,0.3105562972297981,15,0.87296874601794,7800.0,0.15611755357986734,0,0.353,0
24400.0,0.5123391334782195,salaried,0.22706150981560597,32,0.9060913262725285,9300.0,0.34968683561703684,0,0.381,1
21100.0,0.7473250493654451,salaried,0.10739123251869702,8,0.5687874982905097,1900.0,0.003168177800174121,1,0.09,0
26900.0,0.6421629715489624,gig_worker,0.2494436263657874,60,0.8892005261361372,3700.0,0.37226131148669267,4,0.138,0
36900.0,0.6402388353355125,salaried,0.3873651604793318,52,0.8407281257321857,7200.0,0.3333659906355681,3,0.195,0
16700.0,0.5246610803653131,self_employed,0.7427204068743728,2,0.6847014691879425,6800.0,0.1528522096954894,1,0.407,2
15000.0,0.5001926174203873,gig_worker,0.4732654463411519,0,0.8491956022289358,3900.0,0.49950250814401825,1,0.26,2
10300.0,0.7248264041676302,self_employed,0.32179411527990814,89,0.6470533642594942,7400.0,0.2936880234285968,0,0.718,2
9500.0,0.9286553237788128,gig_worker,0.2555476888377898,75,0.6989405753263346,10800.0,0.23485384717008756,1,1.137,0
13100.0,0.26596503461681914,salaried,0.45382143211485815,13,0.503586059563026,8300.0,0.3411004703161546,0,0.634,2
22000.0,0.7128877600089948,self_employed,0.252686350644312,1,0.7175951274086235,6000.0,0.39691935312425586,1,0.273,0
32100.0,0.7224562801741342,unemployed,0.4051456975490795,23,0.4019640248342653,2000.0,0.3060725442893361,2,0.062,2
35900.0,0.7521838749652721,self_employed,0.14639496372039598,8,0.5440964298357923,3200.0,0.40878334362489055,1,0.089,0
31400.0,0.5977954285985623,self_employed,0.1251710348166251,66,0.895685624490072,4900.0,0.3864797113865094,1,0.156,0
57600.0,0.6847637944927741,gig_worker,0.24495763368447054,37,0.9342915438642548,2800.0,0.283129770850161,0,0.049,0
66600.0,0.8049208897661241,salaried,0.08428489236208019,25,0.8079065150676352,4800.0,0.22606466256480207,1,0.072,0
25300.0,0.8560555995978755,gig_worker,0.1990568323740518,8,0.6204114613233779,7100.0,0.19410032769558372,1,0.281,1
16900.0,0.6629070581918919,unemployed,0.27625866513250463,28,0.7306487091328202,8400.0,0.1767423327492633,3,0.497,2
76600.0,0.8464160837747309,salaried,0.2947990527441274,8,0.764363499106297,2200.0,0.13146396590826476,2,0.029,0
51600.0,0.8093660260766508,gig_worker,0.27222520627666896,0,0.7720048850200547,12300.0,0.40308885563426977,2,0.238,1
49700.0,0.7965659315098519,salaried,0.022733345268876447,17,0.7241776631398822,3700.0,0.12167618398314597,4,0.074,0
21500.0,0.6433058953704627,self_employed,0.2516814433593765,16,0.6088098320346769,1000.0,0.05220315144085066,4,0.047,1
44600.0,0.5068850668490101,gig_worker,0.5875642800852677,34,0.8081317304021594,1900.0,0.2513198970815506,0,0.043,2
31500.0,0.8771341077096506,gig_worker,0.35815219531018766,48,0.7953595224761251,3100.0,0.21235329998815586,1,0.098,0
28200.0,0.5310864892207854,gig_worker,0.0926728326743497,10,0.7232001989538519,11700.0,0.07994716605633401,0,0.415,1
28200.0,0.7784214337844444,unemployed,0.6589201752646795,14,0.7594588634591989,5800.0,0.26959634291173573,0,0.206,1
37800.0,0.8863185525610205,salaried,0.21951028992238192,15,0.9453822483755188,13600.0,0.38067137980062266,0,0.36,0
58600.0,0.6742098573424783,self_employed,0.38508114946666355,9,0.8881066524917132,4800.0,0.3180073935342298,0,0.082,0
79700.0,0.9042465838065525,salaried,0.2783167417292316,32,0.8447243762805641,3500.0,0.4257845022906028,1,0.044,0
23600.0,0.6289343534094892,salaried,0.2595767718721519,17,0.3794614972890966,12500.0,0.19409377233748212,1,0.53,2
32400.0,0.8003078620881157,salaried,0.1179130152287032,58,0.9461483061436288,4600.0,0.48132018126347464,1,0.142,0
27800.0,0.6158338416555657,gig_worker,0.09603824791325233,25,0.7122251638299517,8000.0,0.17711366750006627,0,0.288,0
36500.0,0.8028295420470994,self_employed,0.13738875141205792,5,0.6556546853923916,3800.0,0.23877278729439091,1,0.104,0
26100.0,0.5459068180020177,gig_worker,0.14283721546658523,4,0.7912423255467645,5300.0,0.2142818179709483,1,0.203,1
73200.0,0.7820869401172821,gig_worker,0.20129407255213816,11,0.4073081089305658,5700.0,0.30615698488093696,2,0.078,0
20200.0,0.6491177679979812,salaried,0.21423326737091725,10,0.8334586519629064,3700.0,0.6593910667367059,1,0.183,0
23600.0,0.7991514560900331,self_employed,0.5348625507277043,12,0.8021286245465643,7900.0,0.1699579051122632,1,0.335,1
21700.0,0.5772717105447974,salaried,0.5160525411727213,4,0.9467104694565479,9800.0,0.27785497581197416,2,0.452,1
27100.0,0.8485560151654882,self_employed,0.3124743642331964,91,0.9525583201445589,10300.0,0.2548726308907079,2,0.38,0
13700.0,0.5682649862512952,gig_worker,0.5968954078416724,3,0.8031533540138242,3700.0,0.0729055336050166,1,0.27,2
21900.0,0.6714856978508512,self_employed,0.603718580602243,25,0.8573804803107621,3600.0,0.1422324203891894,1,0.164,2
36400.0,0.6519582099096788,gig_worker,0.21261741740711224,0,0.9086744590504499,14100.0,0.0908243176636015,0,0.387,1
36200.0,0.8278986935182048,gig_worker,0.14023288846908452,12,0.8780221509844052,4400.0,0.30601011012820745,4,0.122,0
33400.0,0.716379163759206,self_employed,0.38956955316786585,8,0.5575900583820913,2400.0,0.2464154768046384,2,0.072,1
56100.0,0.8659286364710429,gig_worker,0.2153779536951242,11,0.9422334567431502,600.0,0.23679976956422177,0,0.011,0
37100.0,0.7700950288064791,salaried,0.47422823552153776,16,0.8447812078438707,3300.0,0.22143841993383806,1,0.089,1
55200.0,0.8260178987107765,salaried,0.30591515186848417,22,0.7832640666085536,5500.0,0.32536740969094774,0,0.1,0
79700.0,0.5574253005251356,salaried,0.36686056193794037,21,0.9027319713760146,1200.0,0.16200832258065018,1,0.015,2
45200.0,0.8514963865447261,salaried,0.5226664869005349,23,0.7901440251481937,9200.0,0.1352301588222682,2,0.204,0
13700.0,0.6724332478023911,salaried,0.2909979691110328,44,0.699312209987643,11400.0,0.09723822381295683,0,0.832,2
34000.0,0.5649582152885702,unemployed,0.18872762805601045,52,0.6634801064566576,4500.0,0.09929035253485569,0,0.132,1
31500.0,0.4013849323329379,self_employed,0.2926753742033398,32,0.5879242575132475,5800.0,0.059200806406047905,0,0.184,2
61000.0,0.7511237452809149,self_employed,0.10411080018739662,1,0.5322325916894078,1900.0,0.1252896176969115,2,0.031,0
27700.0,0.8423323184036391,salaried,0.3046538962755034,78,0.48412542191799074,1000.0,0.2784753590562343,2,0.036,0
18600.0,0.6736478582272137,salaried,0.34247200835314423,70,0.79975739124112,9200.0,0.2846697828322208,1,0.495,1
22600.0,0.8753944806454284,salaried,0.19402425367643414,29,0.6948987235939017,1400.0,0.18543412226975803,1,0.062,0
14000.0,0.7546780493590488,self_employed,0.3738745228901756,17,0.8391333877794817,2900.0,0.14899358116604514,1,0.207,0
3500.0,0.3702605863827722,self_employed,0.17624777780401035,6,0.8523899520602198,2200.0,0.22948875947957637,0,0.629,2
73400.0,0.7346676315429777,self_employed,0.43604284944841415,33,0.9492243034028909,4700.0,0.38774981842929457,3,0.064,0
29600.0,0.3799973976409911,self_employed,0.4771810153352627,50,0.7857960522702591,6800.0,0.39142346025918046,0,0.23,2
14800.0,0.6026281580157783,gig_worker,0.6533418055588878,26,0.9596685050317242,4700.0,0.11667960270995108,2,0.318,2
63700.0,0.9817565169319565,salaried,0.2830111438386447,23,0.860309732228003,8900.0,0.18069691626552878,3,0.14,0
69100.0,0.8590131595750025,gig_worker,0.2177884498643805,5,0.6963993941315628,1800.0,0.5419072791335385,0,0.026,0
32100.0,0.457467831463632,self_employed,0.6086541011957574,10,0.7457100674465525,7300.0,0.1641900706005517,0,0.227,2
13300.0,0.8515573777329835,self_employed,0.27249808332211634,30,0.9306545315209316,1400.0,0.1467558241864862,2,0.105,0
22900.0,0.5620919171820864,salaried,0.24827573277764,0,0.7426894016922718,1900.0,0.48425590836601157,0,0.083,1
26100.0,0.8895625459986614,salaried,0.19007463221420431,24,0.900120448039976,6100.0,0.23072384198585338,2,0.234,0
30100.0,0.8408368881694173,salaried,0.6213323233690367,34,0.5842412738437984,10100.0,0.40216929247340033,0,0.336,0
15900.0,0.7162197474724187,unemployed,0.45703672040438986,9,0.46860617515794495,24500.0,0.2813013729003525,1,1.541,2
47000.0,0.9250130799103444,self_employed,0.45032985802650116,1,0.29483476876875964,16800.0,0.5585570896234394,1,0.357,1
7500.0,0.7205267252169665,unemployed,0.6964971774715698,41,0.9275149010438958,10800.0,0.42905833802033283,1,1.44,2
50800.0,0.6805048625722124,self_employed,0.2655066786462888,3,0.9635233633139645,8900.0,0.2798023702843675,3,0.175,0
56100.0,0.7513997614172079,salaried,0.6015845530536458,11,0.8342592248932865,5200.0,0.3899050179097087,1,0.093,1
24100.0,0.8117482571081167,self_employed,0.4889698693071913,29,0.8069800338537508,6800.0,0.11391470539430763,1,0.282,1
28400.0,0.8299043683180346,salaried,0.2378262823395132,40,0.585539914395432,5300.0,0.5394261871521767,2,0.187,0
59600.0,0.6411398520110517,unemployed,0.3250300542575758,47,0.7703754339035137,12500.0,0.010755835212360598,2,0.21,2
40700.0,0.5405968271356969,gig_worker,0.654150063677579,18,0.4151429946785382,7600.0,0.23933604262572442,1,0.187,2
24600.0,0.9398392723146397,gig_worker,0.18500100402164818,15,0.7262003704621893,3500.0,0.1303687879186486,3,0.142,0
26200.0,0.8661748714118358,self_employed,0.4655445571719667,45,0.9166777668515441,1900.0,0.3084113431740351,2,0.073,0
37900.0,0.766249293822099,self_employed,0.10463286983308988,19,0.8497356386252334,1800.0,0.10730296674396826,2,0.047,0
70100.0,0.555302525134447,unemployed,0.6169705459593059,20,0.7692857324306177,1900.0,0.2609450257382156,1,0.027,2
26600.0,0.7556765488220579,salaried,0.19169633046552123,13,0.9129002501572256,2100.0,0.38186385584048266,2,0.079,0
24200.0,0.6985308742921952,gig_worker,0.24762053736140804,11,0.4910542357171868,1000.0,0.2620101444857253,0,0.041,0
30000.0,0.7720347346239362,self_employed,0.2443775959423172,15,0.8295129804997622,3400.0,0.13015439854047506,0,0.113,0
30100.0,0.70711511375607,unemployed,0.12979640636044135,10,0.8416188417894487,5500.0,0.359687178978968,1,0.183,0
34600.0,0.7797158076776216,gig_worker,0.3255142070459953,10,0.7851582762637835,3100.0,0.052438711351512506,2,0.09,1
28400.0,0.7502218130113468,unemployed,0.3566519635944277,121,0.6938673091359164,7500.0,0.10369792039193515,2,0.264,1
52300.0,0.732010461718881,self_employed,0.0867116227709163,9,0.831105860347519,10200.0,0.17724343582994626,1,0.195,0
17800.0,0.7137717717593975,salaried,0.30113217098269046,7,0.8914603048830952,8300.0,0.36640608405103836,0,0.466,0
36500.0,0.7489636160665312,self_employed,0.2151831335034782,10,0.862386916770045,10700.0,0.04101308355266787,0,0.293,1
37200.0,0.6322750045664454,gig_worker,0.3027103382292052,21,0.8775769929959943,3300.0,0.5337361058239428,0,0.089,0
18800.0,0.9104618045807646,gig_worker,0.5777243865339966,58,0.6211753455225912,1500.0,0.16428813957332095,2,0.08,1
36300.0,0.8267322649651021,salaried,0.377854361640998,37,0.9210509578381132,10100.0,0.5475253653753132,1,0.278,0
37700.0,0.7388568046379487,self_employed,0.15970173172572166,44,0.8891584463228382,3200.0,0.269563622619515,3,0.085,0
5300.0,0.8666461939608546,salaried,0.19376933569489532,47,0.6705029490432991,10400.0,0.2877706662183864,1,1.962,2
16900.0,0.8089673377844694,gig_worker,0.5372678909656088,60,0.7939249475569896,5600.0,0.18652111269467392,1,0.331,1
62000.0,0.6868436349859134,salaried,0.24832282905963846,6,0.8870770748795265,17300.0,0.5113465250813805,0,0.279,0
21300.0,0.6978036193644773,self_employed,0.09960476024698323,14,0.8975241250631211,1300.0,0.4353367717506057,2,0.061,0
14800.0,0.7300150849172743,salaried,0.06684690848995879,11,0.6712815989896035,6500.0,0.5761285882208587,1,0.439,0
9300.0,0.9002828526377068,salaried,0.4171904150094329,11,0.6408271650090996,7400.0,0.4060715106094164,2,0.796,1
16000.0,0.7173095256518166,unemployed,0.5086240705006667,25,0.8070989121335245,6200.0,0.5873945769866489,1,0.388,1
27800.0,0.8108456887473579,salaried,0.07266339620170005,12,0.7941814573823861,8800.0,0.3395217083989539,0,0.317,0
14200.0,0.6982625998976235,salaried,0.3499777088545663,22,0.9218938857820506,2700.0,0.30770461833959056,0,0.19,0
41000.0,0.6762199185773872,salaried,0.3287027055663679,11,0.7611586435423711,6200.0,0.26352479627315006,0,0.151,1
18600.0,0.632234819961272,self_employed,0.30504521730969036,8,0.5694512050334934,16800.0,0.025522147097850778,1,0.903,2
34700.0,0.5588509603840494,self_employed,0.48302917199788076,10,0.8308033509270933,5100.0,0.2221832255639809,1,0.147,1
57600.0,0.7492555613536307,salaried,0.06647108987621325,39,0.7124054163267007,1400.0,0.3454953658978282,2,0.024,0
55900.0,0.7793224361382423,self_employed,0.15467301260241828,22,0.8711324969777695,4400.0,0.03146975373623867,1,0.079,0
34400.0,0.6465070847651753,salaried,0.10665867535858917,87,0.9123425541616228,1700.0,0.3260936310121169,0,0.049,0
15400.0,0.8621506105722453,gig_worker,0.31866835027884244,42,0.6352548643125486,5300.0,0.4103668343480516,1,0.344,1
28800.0,0.6488322694375485,gig_worker,0.2078387093775738,15,0.8605366066879018,9600.0,0.18211843052976928,0,0.333,2
35000.0,0.83614322567086,unemployed,0.36942895822687377,6,0.5394828881228234,7400.0,0.19588145832938106,1,0.211,1
87100.0,0.6280616120771618,unemployed,0.0034446655718136827,26,0.9059517945366459,6500.0,0.289392722223124,0,0.075,0
9200.0,0.6812069196946606,salaried,0.08957586933652728,31,0.6817254364146742,14700.0,0.4549431635666565,1,1.598,2
28800.0,0.9023445407970635,salaried,0.517481830967418,14,0.7946598295854076,2200.0,0.08818903539408605,2,0.076,0
40300.0,0.6581739987021322,gig_worker,0.3185046073190682,6,0.7818296983148978,7300.0,0.22613683296729942,0,0.181,2
31300.0,0.6503744471585169,salaried,0.14963486180746083,19,0.6680895931110616,4600.0,0.14090721095404654,2,0.147,0
33000.0,0.6269727070895958,salaried,0.1800751927299461,7,0.8378685655647325,18900.0,0.3084010341954389,1,0.573,0
19200.0,0.5918427084242299,salaried,0.6262196715079239,67,0.4280300693152528,6800.0,0.2875921878171713,0,0.354,2
46600.0,0.7237272762034507,self_employed,0.26735462117737313,23,0.6112194373291445,13200.0,0.17239728218100003,2,0.283,1
30100.0,0.5135592451738208,self_employed,0.23554035509545826,8,0.7012906674249052,1500.0,0.4325008087211465,0,0.05,0
33000.0,0.6698767088417997,salaried,0.49035593471247735,5,0.602803093929498,8200.0,0.3640100635200569,0,0.248,1
49100.0,0.7881751995562851,salaried,0.12957763625350513,30,0.7566558074737325,4100.0,0.1049662741760809,2,0.084,0
25000.0,0.6940608712791183,gig_worker,0.268087549986407,29,0.9473174179465549,5300.0,0.06412229411006351,0,0.212,1
54400.0,0.6711455087684509,salaried,0.26695355772439716,21,0.5603167026855658,3500.0,0.22699326649047102,2,0.064,0
13900.0,0.776460131806131,unemployed,0.3432220326602187,22,0.60331028512139,2800.0,0.4227493930947516,1,0.201,1
34000.0,0.9252874241424012,salaried,0.6525310498834931,22,0.5385504045483847,4400.0,0.4235043902933028,0,0.129,1
18500.0,0.8689904298723837,self_employed,0.041979283763447464,10,0.927405528571661,2800.0,0.06997378801979885,0,0.151,0
15800.0,0.5305615062583586,salaried,0.30734968194337786,66,0.8461959014357254,6500.0,0.2760049333782482,2,0.411,1
69700.0,0.8269105826882123,salaried,0.16219554023218816,15,0.5458760094074687,7400.0,0.5356647296774434,0,0.106,0
14300.0,0.5497007040837187,self_employed,0.25172012931441995,0,0.7495911303237744,4900.0,0.012464904773022341,1,0.343,2
30400.0,0.8715258727030382,self_employed,0.5025589144568039,10,0.710376917178725,900.0,0.44947417203011625,0,0.03,0
13600.0,0.9481406525689676,gig_worker,0.3529293499369834,3,0.42058187501194194,9400.0,0.1339527084890007,3,0.691,2
52700.0,0.7982512322769642,gig_worker,0.1325387487561336,10,0.9215117132570245,11000.0,0.22908676547621343,2,0.209,0
23700.0,0.7556407676055055,salaried,0.262423601359397,22,0.6429501813104082,4500.0,0.08864299243350475,2,0.19,0
48900.0,0.7071234604711865,salaried,0.08171332992409168,0,0.9157564786816811,15400.0,0.04027932140376762,1,0.315,0
39600.0,0.8009778515525795,salaried,0.07038192898375326,49,0.5358999489422401,2400.0,0.15740947260269644,4,0.061,0
80700.0,0.946946483977696,salaried,0.08604232102471153,22,0.8544580948220856,7000.0,0.3365685586190943,0,0.087,0
12000.0,0.7060912062647129,self_employed,0.42033034894148014,8,0.7759312903842779,4900.0,0.06807045898346713,3,0.408,2
16800.0,0.48098741837039743,unemployed,0.26773119155482444,8,0.7858967033217339,13400.0,0.2966725155030647,1,0.798,2
47600.0,0.722225697558775,self_employed,0.5047471024730457,15,0.8318299130067296,5200.0,0.24734353113276156,1,0.109,1
34800.0,0.7548908841625839,gig_worker,0.2156056408580473,6,0.9076027956081102,1200.0,0.049111520596269546,0,0.034,0
26000.0,0.9736714233220999,self_employed,0.4994166330152431,0,0.8105248433243276,1400.0,0.23448330343973814,4,0.054,0
73300.0,0.7850568711522292,gig_worker,0.11303503398784095,0,0.9047512509991206,1200.0,0.37684012152409907,1,0.016,0
29300.0,0.8417525611119239,salaried,0.42197096602741685,10,0.6211028593229591,8300.0,0.10469176786563587,1,0.283,0
18900.0,0.9444244800050522,gig_worker,0.48333473884930606,3,0.7402573270941217,8800.0,0.15318144712303222,1,0.466,1
49200.0,0.715607752490879,gig_worker,0.27211462596232644,0,0.8008620456843687,2300.0,0.2829611673032448,1,0.047,0
29900.0,0.7075228048505992,salaried,0.09217628804462596,47,0.8319192448610323,3100.0,0.20280005000507806,1,0.104,0
31100.0,0.7074290905248182,salaried,0.13004121619651715,7,0.7261027464897452,11500.0,0.1962768816781789,3,0.37,0
41300.0,0.5903281151151551,unemployed,0.15644961057865178,16,0.9735013358708051,8900.0,0.2877308505008538,1,0.215,1
42100.0,0.9153213027430539,gig_worker,0.37219123794912734,4,0.8447852305829436,2700.0,0.09390314951398313,2,0.064,0
16700.0,0.6207147621646253,salaried,0.6557314197097106,1,0.8536128365124074,12000.0,0.4701702813020593,2,0.719,2
25200.0,0.6429468888220912,self_employed,0.061022457928631806,32,0.7417272605766956,5900.0,0.18244501427282633,0,0.234,0
12900.0,0.8363724941592748,salaried,0.3010431593760796,3,0.8577720107611139,8300.0,0.20540755033140273,1,0.643,1
35100.0,0.41778330469957803,self_employed,0.13111291632861552,0,0.6178212524493899,3600.0,0.5040553889712658,1,0.103,1
69100.0,0.7277031819179854,salaried,0.3171044572823695,21,0.9035437984388358,5900.0,0.27754445434897684,0,0.085,0
17100.0,0.7824202557870653,salaried,0.2602044348907325,0,0.6998444282776746,1400.0,0.33874891961698894,2,0.082,0
11500.0,0.8535551839297282,self_employed,0.3689416426869986,13,0.5831742560707458,3200.0,0.15081524739159477,1,0.278,1
20700.0,0.925345901258728,gig_worker,0.3344845244108806,8,0.8304106995512777,1700.0,0.13053693645415582,2,0.082,0
25900.0,0.2562735427870615,gig_worker,0.3333232277189454,9,0.9326596637504526,4800.0,0.26355459621831545,1,0.185,2
42300.0,0.6028806456828334,salaried,0.4512768790234217,0,0.9666346368672449,3800.0,0.2839897408994004,0,0.09,1
24400.0,0.8184147256857319,gig_worker,0.3465303472017488,80,0.8614632313662277,2000.0,0.26676458472403486,2,0.082,0
35400.0,0.6650902576915623,salaried,0.2771758689771601,17,0.6407983507973954,3600.0,0.312437171313356,0,0.102,1
22400.0,0.7093927444043384,salaried,0.48737385609588996,20,0.9522736730653084,3000.0,0.4896833656464402,1,0.134,0
26600.0,0.7529548613529704,unemployed,0.424187451811919,26,0.7842392719211503,9800.0,0.18722333041500885,1,0.368,1
18600.0,0.6726595204967606,self_employed,0.2896482241355768,38,0.7170835014955076,1400.0,0.1026493644194578,2,0.075,0
15400.0,0.35768848724886115,salaried,0.3562162173396468,22,0.9645895389673875,5800.0,0.5890933264946789,1,0.377,1
43000.0,0.8568201331100499,salaried,0.21637347036913565,34,0.7706093985325317,4000.0,0.35303651812908543,1,0.093,0
23200.0,0.5494056443880998,self_employed,0.5888475981282304,14,0.5996088170824491,7000.0,0.4494188118894974,0,0.302,2
36700.0,0.4665229534843963,gig_worker,0.22607657113073126,11,0.5009062429323262,4900.0,0.14887738897879352,2,0.134,2
18400.0,0.8807600427319788,unemployed,0.1630384886651894,41,0.33254264599688377,2300.0,0.37838267648813206,0,0.125,1
29400.0,0.7470922574371871,gig_worker,0.18649641157145105,48,0.8241843653802442,11700.0,0.42710180298551126,1,0.398,1
7600.0,0.9309824492079134,gig_worker,0.4697772484044611,3,0.7418185756893475,9300.0,0.14586859757886053,1,1.224,2
24200.0,0.9136694968289584,gig_worker,0.37221957846394416,18,0.7626398709519752,7200.0,0.3718854430262532,2,0.298,0
19500.0,0.6629502351347433,gig_worker,0.09327598707279622,27,0.5774312264614185,8700.0,0.05532870002615315,1,0.446,1
51700.0,0.8666973237476423,salaried,0.35210579486943794,2,0.7221599386412725,3400.0,0.26666087466748933,1,0.066,0
14000.0,0.8574142694343644,unemployed,0.186653323751283,63,0.7768768101916649,800.0,0.35265786738950167,1,0.057,0
27200.0,0.4034021543243542,salaried,0.6659811341167747,17,0.6053943546208364,13500.0,0.10528085555194319,2,0.496,2
34800.0,0.6587308727074669,unemployed,0.06216930633344908,24,0.968112439033172,2100.0,0.1413419277551008,0,0.06,0
48100.0,0.9264640067702142,salaried,0.15124573988631887,4,0.8075551855935178,5100.0,0.13411931753542017,0,0.106,0
44800.0,0.8814873730409202,gig_worker,0.541174944048432,7,0.6253114219060184,6200.0,0.535792829196634,0,0.138,0
28400.0,0.9030168515609042,gig_worker,0.391686421282701,3,0.6137920804815558,5500.0,0.15535545024126435,2,0.194,1
30500.0,0.7355546663976279,unemployed,0.3214850454309364,7,0.9360504387302192,1800.0,0.09056312254076984,1,0.059,0
51600.0,0.8438848507618024,gig_worker,0.22750726466003401,16,0.9894754130535471,7100.0,0.28686978649341427,1,0.138,0
28100.0,0.8656919642284601,salaried,0.33148302342517344,43,0.731163349457168,6200.0,0.03984267394832125,1,0.221,1
32200.0,0.7719823139960884,self_employed,0.08878602213013002,18,0.6359291591088984,1900.0,0.1834475481306753,0,0.059,0
52500.0,0.7356671536261213,salaried,0.5164982638926686,6,0.8365327392928689,700.0,0.02947324043838668,5,0.013,1
86200.0,0.7644160429766049,salaried,0.2263651051203548,1,0.5442738474721086,5800.0,0.21015719515111447,1,0.067,0
33600.0,0.9153156846683538,salaried,0.012034012789061245,23,0.5634090674650338,10200.0,0.45684331429382696,1,0.304,0
38300.0,0.9358196721541423,salaried,0.31636331100296605,13,0.7513985256009483,2900.0,0.31987386819151453,1,0.076,0
44200.0,0.6731551103359159,self_employed,0.14140934087029616,99,0.6434373529161383,11600.0,0.28775959017506325,3,0.262,1
52200.0,0.7426654334018762,unemployed,0.3724731537283979,36,0.8859239986146583,1800.0,0.04888920133741867,2,0.034,1
48700.0,0.7374534325691898,unemployed,0.42018937658746586,39,0.771518162639375,11100.0,0.31435737190331375,1,0.228,1
21400.0,0.8349514391010607,salaried,0.33728627028022246,0,0.9447022189398507,4800.0,0.361409198275473,1,0.224,0
34700.0,0.6897691498025122,salaried,0.26696826993546613,36,0.785171469189354,2400.0,0.3847463061442801,0,0.069,0
48900.0,0.5945959585340826,salaried,0.26537779720110677,5,0.9360343295404656,6900.0,0.3820334488293812,0,0.141,0
57700.0,0.7661502158643255,salaried,0.5809508153143886,21,0.5878517795481875,9000.0,0.24882441346633438,1,0.156,1
27200.0,0.8589529070538081,salaried,0.27557524299022534,14,0.8065309225310959,11100.0,0.3289892841347738,1,0.408,0
34300.0,0.5444976683051249,salaried,0.2538975220696461,20,0.9434693673122673,6800.0,0.35017423929750907,1,0.198,0
36300.0,0.45848501140563735,self_employed,0.09271581058437238,3,0.8812549978185705,2300.0,0.6053794624523456,3,0.063,0
29900.0,0.7818505341277266,self_employed,0.17396952720996692,14,0.5370944454956916,2100.0,0.08981642052525872,2,0.07,1
33900.0,0.8934545640901274,self_employed,0.3116004035570332,0,0.8357746381020612,3400.0,0.172550362261869,1,0.1,0
7300.0,0.8467919185244996,salaried,0.39066428681348464,1,0.9341431491856336,1900.0,0.27048948359012726,0,0.26,0
112300.0,0.6538707411195518,gig_worker,0.1867511926058481,25,0.8040017396499688,10400.0,0.11621845943035941,1,0.093,0
26600.0,0.8325015193356489,gig_worker,0.5688006582182653,72,0.899249452810973,2500.0,0.1641940098823981,1,0.094,1
27700.0,0.4709436940972727,salaried,0.6469439142887254,36,0.7116760381925801,5800.0,0.23461463146206843,0,0.209,1
10700.0,0.8598540599283453,salaried,0.09455573857669491,15,0.80408341588525,2500.0,0.3679794039224429,1,0.234,0
9600.0,0.4887740293771243,salaried,0.30305818955995395,1,0.49668338925714656,5800.0,0.05052441392748375,0,0.604,2
37600.0,0.36869549894440495,salaried,0.23933638255221712,1,0.7341464589304629,20000.0,0.1560157726454235,1,0.532,2
49000.0,0.4368409708255178,self_employed,0.18599163477010383,4,0.6777056278846791,1700.0,0.0864268180300372,0,0.035,1
44500.0,0.9052063307473188,salaried,0.39876161477022787,89,0.8743101439263979,10600.0,0.32540921689430863,2,0.238,0
18400.0,0.9438591575731425,self_employed,0.46707720658642427,12,0.8410478973501382,4400.0,0.337911811615565,2,0.239,0
43200.0,0.9137763972001428,salaried,0.21544172571883083,44,0.9654418776670245,6800.0,0.4706479995381366,2,0.157,0
27500.0,0.9349125164370914,gig_worker,0.13718769707053818,29,0.6771617099985665,5300.0,0.09906689589422345,1,0.193,0
24000.0,0.383185902385909,salaried,0.2204751649942002,22,0.8733873952274914,2200.0,0.1890154706149148,0,0.092,1
13100.0,0.8797882746227593,self_employed,0.3160240927440959,70,0.653907567532026,2100.0,0.26473420616266063,1,0.16,0
19700.0,0.7247542407082352,salaried,0.3663976431045187,6,0.6457333463699769,1600.0,0.35981675140695907,1,0.081,1
38100.0,0.6787007063069738,salaried,0.334637236425517,14,0.5809969554405464,14600.0,0.3787529252877944,3,0.383,0
34500.0,0.7233119434616804,gig_worker,0.38787825970024964,48,0.9044586024191107,2000.0,0.18040782812818815,3,0.058,0
32000.0,0.8844205855095061,self_employed,0.37256020396618045,19,0.8041778504217044,6300.0,0.26226718536716254,1,0.197,0
7000.0,0.6046231344902218,salaried,0.2128728796153706,6,0.7887309455020678,5500.0,0.3574525258359979,1,0.786,1
32200.0,0.9680844817704198,self_employed,0.41964383404502764,5,0.6799773651968061,30400.0,0.19854746667376974,0,0.944,1
21200.0,0.6163499096946986,self_employed,0.5186433659586747,33,0.9153742484159976,29900.0,0.5499828041030977,3,1.41,2
34700.0,0.8374340949758465,self_employed,0.11040353262737139,0,0.9636856698938109,6500.0,0.41520036433471813,2,0.187,0
53000.0,0.682636310956094,salaried,0.4026611603647491,58,0.9232773869054443,14200.0,0.011276585790447897,0,0.268,0
23000.0,0.9467330829677205,gig_worker,0.16339400935918383,0,0.8877980907595848,2400.0,0.46594794585661037,2,0.104,0
30900.0,0.7824076954735292,salaried,0.14573955469181418,23,0.7625054520722018,4600.0,0.4701502143954428,0,0.149,0
73100.0,0.531505041533014,salaried,0.3516363186556743,22,0.7074056163699322,7300.0,0.42827032768649753,1,0.1,0
33800.0,0.7477470744475478,salaried,0.11245778053610903,20,0.9111223048670449,20200.0,0.029822023899056974,2,0.598,0
29000.0,0.6521240621066255,gig_worker,0.5419899503330454,15,0.6070419257980647,3600.0,0.15678098787425837,1,0.124,2
18600.0,0.7411977959440269,unemployed,0.29089338423771066,45,0.766939078157194,3100.0,0.2222314648567126,2,0.167,1
43800.0,0.8004534905730142,gig_worker,0.45781847078267396,25,0.9572525709770603,600.0,0.24082466003812772,4,0.014,0
16800.0,0.6550967119976538,gig_worker,0.4465003104134689,36,0.777593116731283,7000.0,0.22295965396191372,0,0.417,2
54200.0,0.36995346192740536,unemployed,0.1866233351663539,2,0.7909097421665255,10800.0,0.1523331837760525,1,0.199,1
40700.0,0.7112526363912289,self_employed,0.2710139128985309,1,0.7964333162766253,2100.0,0.18132716748195715,0,0.052,0
21700.0,0.6179445771785674,gig_worker,0.296693613838034,0,0.7638837992004479,17100.0,0.17813196277182283,1,0.788,1
18900.0,0.43355480212702835,unemployed,0.11517435939619207,3,0.49054594621761827,1500.0,0.07879109316495186,0,0.079,2
19200.0,0.7334998701389908,salaried,0.24704584643752883,26,0.6052211715067527,4500.0,0.07599710737530162,0,0.234,1
9700.0,0.9223963801788175,self_employed,0.19857403332036988,16,0.6431613639804172,4000.0,0.18856028382691972,2,0.412,0
37200.0,0.757951337034614,gig_worker,0.3920985332281985,33,0.9130376703133544,1300.0,0.2425958436920714,1,0.035,0
7600.0,0.706211544318896,unemployed,0.2029823416898865,5,0.5207536862202526,6600.0,0.24379520454644774,0,0.868,2
28000.0,0.8128991199082296,gig_worker,0.28165700215852413,10,0.6534673829996848,6500.0,0.2405415302003341,0,0.232,0
27100.0,0.7916489952860282,gig_worker,0.19613565104302452,52,0.7616163196603836,1100.0,0.33295026702345004,0,0.041,0
24600.0,0.7289415451661749,unemployed,0.3034976077915621,65,0.6951723218258673,7400.0,0.07261124466734906,0,0.301,2
37000.0,0.7310259634962086,self_employed,0.3147063673811724,61,0.5766153379267863,6300.0,0.08623950340390499,3,0.17,1
21700.0,0.5089444217131195,salaried,0.397485514385112,40,0.7596085062795704,12400.0,0.338705170459919,2,0.571,1
32200.0,0.854965067920622,salaried,0.3956415500665421,27,0.8236728553302124,7400.0,0.07920585785017399,0,0.23,0
54200.0,0.7887084538479591,self_employed,0.5107123735882338,58,0.7205736614435303,21400.0,0.03926004948208495,1,0.395,2
39300.0,0.35741213008858574,salaried,0.4834667788731774,30,0.8358436521083435,2900.0,0.5065006962841987,1,0.074,1
23500.0,0.9066883385222381,self_employed,0.7149827058652245,73,0.7809148540651941,2500.0,0.256391509065714,2,0.106,1
29500.0,0.9050425343738164,salaried,0.17558177766554633,0,0.8642623418031643,600.0,0.5090607744525085,0,0.02,0
24600.0,0.7435889478914394,unemployed,0.35401422401759647,61,0.6974416767568751,2500.0,0.5096795671284428,2,0.102,1
26900.0,0.9033076379429388,salaried,0.29913348658785244,19,0.7394111177317156,4700.0,0.057307187349619926,1,0.175,0
32700.0,0.6306783608442815,gig_worker,0.3329189278512091,2,0.6746686071217154,5900.0,0.39239201013003666,1,0.18,1
12800.0,0.40132576585934915,unemployed,0.3978947736132451,5,0.859711818404262,2500.0,0.06915620811405904,4,0.195,2
11000.0,0.9173957318666404,self_employed,0.16590354635418061,45,0.831079563817526,6300.0,0.09873142453540841,0,0.573,0
17700.0,0.8870627190274407,salaried,0.2273367695802309,16,0.5148482526383986,3100.0,0.17480813898705733,1,0.175,0
37900.0,0.5736097717203191,gig_worker,0.056659751949906335,97,0.6078926282577745,1800.0,0.48613573979831787,1,0.047,1
40600.0,0.6920790904072097,gig_worker,0.38978903113723473,3,0.8229220801483837,4200.0,0.23967091164253718,1,0.103,1
43600.0,0.8410779366549955,salaried,0.12466011769793893,12,0.7376133670415497,5900.0,0.045476426050397666,1,0.135,0
18100.0,0.6913442835496987,salaried,0.1815694142147455,9,0.5847184542883698,4700.0,0.19541170359966306,0,0.26,1
30900.0,0.7410645436592784,salaried,0.12339048998825107,17,0.8704687581823076,17300.0,0.36702662786105245,0,0.56,0
23900.0,0.8236418698899889,salaried,0.39090692645186226,24,0.5672608056552418,1500.0,0.2009520713128904,4,0.063,0
27500.0,0.8466502693875299,salaried,0.42074226078489585,26,0.7074278355071653,8000.0,0.2663921782586231,2,0.291,0
23600.0,0.8333408592686299,salaried,0.11610796838023209,0,0.7742705669043926,7100.0,0.09143396897278903,3,0.301,0
33700.0,0.9408764783915644,self_employed,0.011443244453359097,2,0.9601281159389772,2700.0,0.17717339998067883,1,0.08,0
20200.0,0.8652668745568213,unemployed,0.41242410695478193,0,0.7858737115585749,6000.0,0.10902875549318156,0,0.297,1
51200.0,0.839262063081155,self_employed,0.585380352156316,47,0.8760016227527894,5600.0,0.04760541904252298,2,0.109,1
51400.0,0.7533499872931789,unemployed,0.43300063176601966,9,0.7624904587454597,5000.0,0.16485758345047347,3,0.097,2
37300.0,0.9355876275847431,gig_worker,0.5054606067035178,10,0.7837872718776243,11200.0,0.48787211825007465,2,0.3,0
48200.0,0.8046688769312789,gig_worker,0.2163034340891565,14,0.7345249054336693,900.0,0.2303726478327489,0,0.019,0
12500.0,0.8386688269413595,salaried,0.4207020132224096,45,0.9208788450578198,2700.0,0.2742058416228995,0,0.216,0
52700.0,0.6930099073628783,salaried,0.525895606340272,0,0.9327483151778834,6700.0,0.1320065131449826,3,0.127,1
35500.0,0.8004669778746737,gig_worker,0.09340197232007998,3,0.6746523852554652,15300.0,0.01949331712803507,0,0.431,1
20900.0,0.85590293270148,unemployed,0.7149740338507822,27,0.9062727802807785,5900.0,0.016162552928757765,1,0.282,2
19700.0,0.8250178061623136,self_employed,0.28812078445103906,79,0.8038626451657751,9000.0,0.28889200334620263,2,0.457,0
61500.0,0.4246012613829265,salaried,0.20803956086174202,24,0.7724147076932213,12000.0,0.27602024371995726,1,0.195,1
43900.0,0.7620393230084852,gig_worker,0.4857760857521775,7,0.854883628226768,6000.0,0.3472103937828696,1,0.137,1
27100.0,0.7521767380308815,salaried,0.12398682877125192,17,0.6922378365854186,2300.0,0.11190836687401519,2,0.085,0
12400.0,0.5802029483747441,salaried,0.26431722218332787,88,0.538798318020065,2800.0,0.23803043468532953,4,0.226,2
54000.0,0.8016213162497585,gig_worker,0.21017350890297581,18,0.8892681990607563,5200.0,0.06519893721021437,0,0.096,0
15400.0,0.9285178316078537,self_employed,0.11853201891649287,11,0.7466701429583613,1200.0,0.05276159296134895,0,0.078,0
24100.0,0.5948965956853489,self_employed,0.5300629868023861,11,0.7135251240302898,5500.0,0.1592625663941237,1,0.228,1
27100.0,0.9091854316632566,unemployed,0.1953720486784719,81,0.8383168250749091,3400.0,0.44593262395376787,3,0.125,0
19600.0,0.8247011682438142,self_employed,0.40881216959780314,30,0.7104181559023107,21100.0,0.14337978150090777,2,1.077,1
26400.0,0.9107680831086938,self_employed,0.33475645474085153,27,0.6692437441716893,6700.0,0.2820678416823824,0,0.254,1
29200.0,0.5119030357020656,salaried,0.6260945827593044,6,0.7822867391240443,6200.0,0.1497216097886246,0,0.212,2
26200.0,0.7266121346184072,salaried,0.43514844690507665,19,0.8167412946340863,5600.0,0.34748238660118513,4,0.214,0
34500.0,0.7590809068138266,gig_worker,0.12645324075989633,10,0.8067545246596791,2400.0,0.38294787339490305,1,0.07,0
62700.0,0.9332498925615498,salaried,0.21456450138518934,6,0.8667849415356933,800.0,0.1364922221528101,1,0.013,0
12800.0,0.8987666309784036,salaried,0.1177973442833805,54,0.891481875634097,2400.0,0.23409504436228112,1,0.188,0
31800.0,0.6680732913913079,salaried,0.6820024861511074,11,0.9369449951520359,10700.0,0.24061824032319556,2,0.336,1
15500.0,0.7156458923067197,self_employed,0.3994706214469007,7,0.6506856188584723,3700.0,0.31119861905264146,0,0.239,1
12000.0,0.8183605624251246,self_employed,0.3639126514000966,64,0.8681072989606907,6300.0,0.4197012444031832,2,0.525,0
46400.0,0.7966515476993682,self_employed,0.09772973370367903,5,0.7291673899749319,9600.0,0.23559406951991227,1,0.207,0
33200.0,0.6806090548844679,self_employed,0.21767197593572343,32,0.8377512002437779,7200.0,0.1050083745612084,1,0.217,1
11600.0,0.7134179015278802,salaried,0.09851325697445347,25,0.759454336420545,10900.0,0.3402172349084066,2,0.94,0
26400.0,0.8210113685886022,self_employed,0.4153868041212089,60,0.9075077733490388,2200.0,0.2351458449352289,1,0.083,0
17700.0,0.7457245154957647,unemployed,0.19953488736653693,42,0.8770166090188695,7400.0,0.0540806433828754,0,0.418,1
6900.0,0.6819459799917766,salaried,0.29026146419141124,29,0.9354092303468536,1400.0,0.2729532137170539,1,0.203,0
26900.0,0.6856352647691173,self_employed,0.38572522741406257,9,0.8376246902102308,3400.0,0.18925793144466235,5,0.126,1
41300.0,0.6016242317047212,self_employed,0.3186279382078929,16,0.6066331306733501,10500.0,0.346220092898482,1,0.254,2
39200.0,0.6808699060041337,gig_worker,0.33304538666466815,69,0.8386460335381982,1900.0,0.24359866774821656,0,0.048,1
23700.0,0.6341649548017856,salaried,0.14625334488391525,0,0.8434561996311747,8800.0,0.41228143833837505,1,0.371,0
47500.0,0.7405330393784026,unemployed,0.382800104724347,37,0.7423894259945265,3600.0,0.18987689023833917,0,0.076,1
56300.0,0.5465577644663274,self_employed,0.07699853124088624,6,0.9697207290466988,14400.0,0.16367950377741358,1,0.256,0
41600.0,0.9200760351941379,gig_worker,0.23377794708476907,4,0.7876488035981464,3000.0,0.22576943294410995,0,0.072,0
21600.0,0.5280342514571736,salaried,0.05791958108106647,6,0.8071668479912656,4000.0,0.4223543841719956,0,0.185,0
27400.0,0.7527871209163525,gig_worker,0.4175264534361515,1,0.7262549550313109,1700.0,0.15121296997739367,0,0.062,0
61700.0,0.839489717738902,gig_worker,0.28713469538748815,115,0.8461269256704562,9000.0,0.14272993109609405,1,0.146,0
24700.0,0.7994809198947601,salaried,0.40168183383886447,48,0.9664792712374783,24000.0,0.09384588669385326,0,0.972,2
39300.0,0.5721113898461884,salaried,0.3203413055105264,17,0.4865362653850731,24700.0,0.05952181919404642,0,0.628,2
19400.0,0.6760737191762829,self_employed,0.19241129819512592,30,0.739156330603574,5200.0,0.7552306347546642,0,0.268,0
47700.0,0.45226504635530757,salaried,0.12137226756548619,19,0.8102229206465699,6400.0,0.16734068141529485,0,0.134,0
18200.0,0.6486765460222301,gig_worker,0.5937987529889985,40,0.7666748592494201,2800.0,0.4980181825110439,5,0.154,1
28000.0,0.7405349159788696,salaried,0.588483913153031,44,0.791175452553929,5000.0,0.4908974978317021,2,0.179,0
38600.0,0.7103992153045683,salaried,0.6452053858345956,6,0.9199307445273672,4900.0,0.16391291729467458,3,0.127,1
67900.0,0.6945788303048693,self_employed,0.05994021336491581,14,0.8960070891633191,3700.0,0.3300416741802532,1,0.054,0
32900.0,0.8191665216726718,salaried,0.3271986044858134,24,0.9662803590058977,11200.0,0.04252541045515202,0,0.34,0
25500.0,0.5500781997981721,unemployed,0.43570819124862054,92,0.7110800903895991,3200.0,0.19167967013130904,1,0.125,1
24500.0,0.8124907372050058,gig_worker,0.11705771042421459,27,0.9596262426092073,10700.0,0.34906202925942287,2,0.437,1
46600.0,0.3896714010452751,self_employed,0.3152433583318881,54,0.6095217107576595,3900.0,0.3380506142027926,0,0.084,2
37000.0,0.8921207753076481,gig_worker,0.2701845592318159,44,0.6240781174138443,4100.0,0.31543997122576384,2,0.111,0
40900.0,0.5791232723175009,gig_worker,0.18852909032139242,20,0.8517874506685317,3200.0,0.046749138859347415,1,0.078,0
59500.0,0.9700555485172077,salaried,0.0529470886657081,53,0.731086761880955,5000.0,0.24054153530502081,2,0.084,0
30300.0,0.8105976828128723,gig_worker,0.4370713580789457,11,0.7247864084857251,2200.0,0.3581631092861394,1,0.073,1
35700.0,0.7460816514348025,salaried,0.2658444038753822,11,0.7913004231436902,3700.0,0.19868389532526182,0,0.104,0
24300.0,0.7732080511192656,salaried,0.6380003527002015,36,0.9064053947044329,2100.0,0.16645750997602785,1,0.086,0
19000.0,0.7692529423596649,self_employed,0.3730571627059251,3,0.8577672371050987,1100.0,0.048738639628804044,0,0.058,1
21100.0,0.6500090917917277,gig_worker,0.44380010780508006,8,0.5987341997989012,2700.0,0.0950412345605448,1,0.128,2
5800.0,0.4660878225996584,salaried,0.21377178889653473,22,0.9238906776096056,4900.0,0.3488485591244538,1,0.845,2
38400.0,0.7446456638573816,salaried,0.3809340654388347,13,0.7243540531557536,12000.0,0.515655677931778,1,0.312,0
36400.0,0.7980183496317421,self_employed,0.44883378246020295,67,0.7644877723735264,4400.0,0.23418071856379985,1,0.121,0
38000.0,0.4878949796154198,salaried,0.09178229042960553,76,0.8648923175668025,1900.0,0.5295774128537825,1,0.05,0
18300.0,0.7976012958862425,gig_worker,0.13869315580855068,16,0.9669721294927994,1700.0,0.1656561946512087,2,0.093,0
21300.0,0.8419032406413698,self_employed,0.32028751432597574,18,0.7915701915756629,5300.0,0.11416857339214159,0,0.249,1
20900.0,0.7578900129761079,salaried,0.48156944302448784,30,0.5011407548646739,4100.0,0.24403148855472134,2,0.196,0
50000.0,0.5877871470195508,salaried,0.5967172495565278,14,0.6067418526514016,10100.0,0.08727805970753119,1,0.202,2
32300.0,0.5733745484241352,self_employed,0.14017554219581266,5,0.8877935911593634,15600.0,0.27782542417888967,1,0.483,1
30100.0,0.7009931377681643,self_employed,0.12725729956061196,32,0.5291497225238904,5800.0,0.4004412671136453,3,0.193,0
42800.0,0.5939302444365636,salaried,0.38168416606765004,32,0.7744524493463666,13900.0,0.0796206974393824,0,0.325,0
21000.0,0.720826556684694,salaried,0.5299107238588214,6,0.4132516558671532,3000.0,0.3028487606995501,0,0.143,1
35300.0,0.8153044869178763,salaried,0.1334781892887054,42,0.9385521531387456,9800.0,0.16814155723387048,1,0.278,0
72300.0,0.49862985794977355,salaried,0.35134405333862895,22,0.8930261848528923,4600.0,0.31961930468513683,4,0.064,0
53900.0,0.3981850908046785,self_employed,0.006103560023499223,6,0.8955945888737454,7800.0,0.12974709171438106,0,0.145,1
35000.0,0.8567806256155226,gig_worker,0.4425541023903986,25,0.896441257260064,1200.0,0.05143012868969091,2,0.034,0
30700.0,0.6913160446835944,self_employed,0.5649021782471515,6,0.8548811338162735,4200.0,0.24203024946699495,2,0.137,0
37800.0,0.8951181641589254,gig_worker,0.07596586657786783,7,0.8181934284421574,3000.0,0.21406814213767142,2,0.079,0
57600.0,0.7826252367149769,salaried,0.40988931262064837,45,0.6673524922201355,6800.0,0.20521173578460328,0,0.118,0
55500.0,0.6208707029958426,salaried,0.3573210090784216,63,0.5565815919164464,9400.0,0.28168254446394947,4,0.169,1
62300.0,0.641477145543835,self_employed,0.3287097726771964,7,0.9497925285381673,400.0,0.3019773853843216,2,0.006,0
33200.0,0.6658606863241854,self_employed,0.26004301516386796,63,0.8104877503858255,9900.0,0.11129461554087082,0,0.298,0
7600.0,0.5669671279510057,self_employed,0.17017951091862796,6,0.8471980516809409,3300.0,0.38553381482259247,1,0.434,0
69800.0,0.7272164893239154,gig_worker,0.055814057254118005,2,0.7997897225558024,5500.0,0.20988424236717054,2,0.079,0
19000.0,0.3811815471708653,self_employed,0.40060769347144554,1,0.8261989333427923,9800.0,0.10080666833519861,0,0.516,2
8300.0,0.8524697304661887,salaried,0.33349466544856976,6,0.7510446323588631,4100.0,0.16294379306864362,2,0.494,0
42400.0,0.9170624431873245,self_employed,0.29528361423256405,11,0.9623668551034731,6900.0,0.0839945908461245,1,0.163,0
7700.0,0.7974350694180548,gig_worker,0.42004477621362535,62,0.8033685611620467,4700.0,0.20953121847541561,2,0.61,1
29800.0,0.7778296039012883,unemployed,0.07969346397647815,6,0.6258196118448563,1500.0,0.25210849928607626,1,0.05,0
7600.0,0.5208739069872761,self_employed,0.6321268016383498,10,0.5997399927176372,16800.0,0.29270720266826955,2,2.211,2
24700.0,0.7226558166592886,self_employed,0.5737742936929037,31,0.47864375098731965,2700.0,0.3105840562130867,2,0.109,2
62400.0,0.7766809769277412,self_employed,0.08705499850518209,8,0.5610374115324894,3300.0,0.2481513144208532,2,0.053,0
35200.0,0.7261157340834031,gig_worker,0.2715322661840062,27,0.9075424656011362,8000.0,0.4498618067176629,0,0.227,0
29600.0,0.8234697673583139,unemployed,0.715672755477098,13,0.9615745942632673,9800.0,0.2125997493336767,2,0.331,2
37200.0,0.7872393158829398,gig_worker,0.4464756790649552,5,0.8652909944076673,3200.0,0.24421027986284735,1,0.086,1
4300.0,0.9299917142293083,self_employed,0.479617574105083,31,0.5723243616497378,1800.0,0.23135633083615526,1,0.419,1
20700.0,0.9274584868006923,salaried,0.30231123081132993,0,0.6897554840048029,11300.0,0.10222685401997018,2,0.546,0
22500.0,0.8668207063321159,gig_worker,0.27839991953797116,8,0.7377854747028608,1600.0,0.25731924374945636,0,0.071,0
40100.0,0.4655991393067179,gig_worker,0.28668523889473485,10,0.8135634450816016,3700.0,0.27501377951049844,2,0.092,1
16700.0,0.7938931992088191,gig_worker,0.1927901283965856,14,0.8287950490980966,4000.0,0.3539775748242109,3,0.24,0
32500.0,0.7143210430139838,salaried,0.29822624902110567,27,0.4560709430879179,10000.0,0.22610273425306357,1,0.308,1
28100.0,0.5101413693377794,self_employed,0.43838660125905504,14,0.7419254222626274,21800.0,0.33707667297672605,2,0.776,2
21300.0,0.8526290328764325,salaried,0.13455883593555926,21,0.9775144190796005,3400.0,0.5294880361115128,0,0.16,0
22100.0,0.9233645978647017,gig_worker,0.3438858323433293,21,0.8322380939510388,8300.0,0.24035034510544417,1,0.376,0
28000.0,0.7147056729206435,salaried,0.26109401970917206,11,0.744273568794255,6600.0,0.08633460794047568,1,0.236,1
9100.0,0.8240196721411455,self_employed,0.4605529808158423,65,0.7319003278866906,5300.0,0.5206414646246168,2,0.582,0
43000.0,0.9606944931933153,salaried,0.10032933146440585,74,0.7735178622334752,2100.0,0.2655100918021041,1,0.049,0
18900.0,0.6560254066356673,salaried,0.4678958858567005,20,0.6366698395888052,10300.0,0.15933389984040544,1,0.545,2
25500.0,0.843955553438362,self_employed,0.3963885410944815,1,0.7911430612000524,2100.0,0.32752324789143106,1,0.082,0
61300.0,0.5685832723918766,salaried,0.23146583200189122,16,0.9356907939070275,2900.0,0.23666498282544413,2,0.047,0
43400.0,0.6982918070730204,self_employed,0.4154892781045397,4,0.6325595117437957,5100.0,0.6384697439517203,0,0.118,0
15000.0,0.59831811165399,unemployed,0.1071788696263246,15,0.7773001523312443,3200.0,0.14016177989810893,1,0.213,1
3800.0,0.9475943404493363,unemployed,0.2328146859583204,5,0.41170180748157653,1800.0,0.08201084825298455,1,0.474,1
38000.0,0.37316840190961703,salaried,0.6872152968226487,29,0.4168362024551628,3500.0,0.10492612642362277,0,0.092,2
26100.0,0.6035298571135524,gig_worker,0.2554741248398228,2,0.5450682018475704,4100.0,0.5284180192759954,0,0.157,1
32600.0,0.3962389096796991,salaried,0.23608625324016003,73,0.7066682285498997,10500.0,0.3261892487092787,0,0.322,1
42700.0,0.34717088323576356,unemployed,0.3607059036479165,5,0.7587298359843534,8000.0,0.13133216180830753,3,0.187,2
46100.0,0.6423842483989217,gig_worker,0.22172941043894864,25,0.857691464044018,2100.0,0.17099917237838264,0,0.046,1
23400.0,0.7974517305056907,salaried,0.331533995097184,59,0.8947952282254353,15700.0,0.173440233658713,1,0.671,0
27800.0,0.7058251114520528,salaried,0.31158650051134357,6,0.8097828516552442,14700.0,0.10909333036820865,0,0.529,0
35800.0,0.6345697293958742,salaried,0.31245413884920975,65,0.8325874577485968,4700.0,0.15547784930059716,1,0.131,1
37000.0,0.8547974652571074,gig_worker,0.14140857150844202,11,0.7982757103809911,3300.0,0.1599958869861446,0,0.089,0
32400.0,0.869871287888761,salaried,0.3809656256602206,77,0.841965918192625,4800.0,0.40757007159950837,0,0.148,0
57900.0,0.9113582872422641,self_employed,0.17363821516591457,85,0.5569438227384792,2900.0,0.19142725855752268,3,0.05,0
36800.0,0.7993965396953168,self_employed,0.2708319692074906,5,0.7141607818589317,3300.0,0.42455740745421083,1,0.09,0
42400.0,0.6837455810259097,unemployed,0.17043390889761287,42,0.7736189965703815,7300.0,0.07792482887263823,2,0.172,1
33800.0,0.4482169662289328,unemployed,0.3004507842312858,5,0.6979687655608862,9200.0,0.41980740919166404,0,0.272,2
16600.0,0.9563523960461238,salaried,0.3227947682775647,6,0.9310564177005657,3700.0,0.09323251793372758,2,0.223,0
20700.0,0.8240611794191254,gig_worker,0.27424169355325506,2,0.7336490522009622,8900.0,0.5096087913241182,1,0.43,0
14600.0,0.9019671918033896,gig_worker,0.2009298737836905,4,0.8943272382678804,17700.0,0.14334368297459107,2,1.212,1
48600.0,0.7715620429401921,gig_worker,0.16694733574213205,24,0.8887461253571591,3200.0,0.0955887004478872,2,0.066,0
11500.0,0.8769426592708879,salaried,0.018126622278437483,14,0.7358872799149307,4200.0,0.34311561212001224,1,0.365,0
27200.0,0.47721548260662155,salaried,0.358165132666286,37,0.7754817675534565,3600.0,0.5708242355704404,1,0.132,0
24100.0,0.8555533999829387,salaried,0.1673778887064844,9,0.8880302586209659,3100.0,0.37889761449293424,0,0.129,0
23800.0,0.7458170877348871,salaried,0.45158473125295256,83,0.8104493524679635,5400.0,0.34578473921923025,1,0.227,0
24900.0,0.7711899486062146,salaried,0.3805553650694949,1,0.7217825203227116,3300.0,0.1530688300377815,1,0.133,0
63300.0,0.8408161712384185,self_employed,0.20989694444348003,1,0.9585639184190876,3500.0,0.13443659759899013,0,0.055,0
8700.0,0.677257494597923,self_employed,0.12978744003725412,29,0.8997428846706998,2800.0,0.2557851603273082,1,0.322,0
54400.0,0.8457566487531409,self_employed,0.1979965134162349,52,0.9591748540543431,3500.0,0.3568605582595738,0,0.064,0
26000.0,0.5801338417925886,self_employed,0.5914146627228993,38,0.8855108544195608,5000.0,0.1327682891638721,0,0.192,2
44600.0,0.6890796400320287,salaried,0.4082608071227642,16,0.8387549701420522,3900.0,0.10110099164502709,3,0.087,1
30600.0,0.46212210156095523,gig_worker,0.22497910179403802,7,0.8223454919094316,4200.0,0.15215260553764398,2,0.137,2
15500.0,0.591378490024146,unemployed,0.12922649725383745,0,0.26175888185592266,5500.0,0.1268473959952683,2,0.355,2
56900.0,0.6634492815098018,self_employed,0.29772846642964457,17,0.8125063675520711,2800.0,0.1644580860554008,1,0.049,0
52600.0,0.9177886509449096,gig_worker,0.22931667680757195,15,0.9209623641536445,5800.0,0.14578933450610992,0,0.11,0
16200.0,0.5952476139709607,salaried,0.43937569973592633,10,0.4018931864993071,5600.0,0.2908915288890114,1,0.346,2
39400.0,0.5569219442103753,gig_worker,0.09085323086619781,20,0.9190862853997828,6200.0,0.22033912282790594,2,0.157,0
21200.0,0.7706819957452662,salaried,0.3023838787091215,31,0.7459117399839877,10500.0,0.20515882784667658,1,0.495,0
11800.0,0.49875069013566936,salaried,0.5865483010162521,28,0.5832733310515709,8700.0,0.11782418156616063,2,0.737,2
18900.0,0.49424701689847905,salaried,0.24501383331667717,7,0.9098293798127782,9700.0,0.300312713144105,0,0.513,1
55300.0,0.8666527032055655,self_employed,0.0820902979243129,21,0.86453473220385,3800.0,0.46340878321834106,0,0.069,0
45100.0,0.7030549825660068,salaried,0.2392680520801333,3,0.9501655235520547,4600.0,0.12669406008852965,1,0.102,0
25100.0,0.8917989573493722,self_employed,0.22052299529437597,3,0.6970880723909474,5500.0,0.3550779043164399,1,0.219,0
55400.0,0.5396259040905366,salaried,0.1787350280757862,36,0.8600409189673096,11800.0,0.20366924969885533,4,0.213,0
50600.0,0.7066484715110543,gig_worker,0.27100663594199437,28,0.686229033611519,3500.0,0.019833814623542972,1,0.069,1
19000.0,0.7223647228390158,self_employed,0.3074539560280634,35,0.770422101694306,4800.0,0.058104317847074094,1,0.253,0
62000.0,0.7090207941963237,salaried,0.451310657044551,3,0.8628355200881794,3600.0,0.15827683922485275,2,0.058,0
24000.0,0.8268101222535541,salaried,0.3455996572099178,59,0.9269305222396009,10400.0,0.5222843003918264,3,0.433,0
25800.0,0.716314236973561,gig_worker,0.3946364907895297,3,0.674020898882979,8800.0,0.29510161031457194,1,0.341,1
8900.0,0.9732668010618187,salaried,0.36388448547233393,48,0.8647343521876323,4700.0,0.754205697463006,0,0.528,0
21000.0,0.8174054451461449,self_employed,0.09943675583309788,10,0.5053989760277072,5200.0,0.17612355094848467,1,0.248,0
27300.0,0.7940291117536322,self_employed,0.2857819664340643,2,0.7701702002160307,9000.0,0.33047712962417947,1,0.33,0
34300.0,0.4971307709329711,salaried,0.35759889902932845,8,0.4999320255946542,5600.0,0.42893948276555893,3,0.163,1
15500.0,0.2788152903091648,salaried,0.4086549787698695,4,0.8101358027231581,3000.0,0.08405922514008005,1,0.194,2
19500.0,0.8139672200918724,self_employed,0.5916932992416407,16,0.4713478836708716,3800.0,0.18733271397143011,1,0.195,1
62700.0,0.8284472803849603,salaried,0.21643941611141182,71,0.6631878227018102,6800.0,0.21551085755039606,0,0.108,0
49000.0,0.7067748908767871,salaried,0.20907979637704355,9,0.4361601108685661,3700.0,0.16331279889953104,2,0.076,0
53400.0,0.7651257353531586,salaried,0.30876380173577783,22,0.9011815895542663,19100.0,0.1781441712713077,2,0.358,0
28500.0,0.8344175183765385,salaried,0.1972995167118193,53,0.9309263058056116,1600.0,0.4419415772298001,1,0.056,0
34800.0,0.3466098666662569,salaried,0.13251122840220583,23,0.770586044407833,10100.0,0.43835689691773916,2,0.29,1
39900.0,0.7773122731420009,unemployed,0.14791607824753428,10,0.9443341884099687,11400.0,0.17577632910148902,0,0.286,0
62300.0,0.7158965949012572,self_employed,0.20945633196867097,112,0.65485654641408,7200.0,0.1539362218313144,0,0.116,0
11700.0,0.564506201428636,gig_worker,0.062014651082235715,4,0.8495707686028792,3900.0,0.48975365383290975,1,0.333,0
22100.0,0.8106712597068325,salaried,0.5996743624823639,17,0.5772710511549913,1000.0,0.34574460793854983,3,0.045,1
33200.0,0.7809685984529724,salaried,0.23415911060045572,38,0.7735473768882085,2900.0,0.2268493059636638,1,0.087,0
30700.0,0.3931006147284876,gig_worker,0.23242727173717315,0,0.7011881956986539,10500.0,0.1791506479084346,0,0.342,1
19300.0,0.495922610790501,self_employed,0.3178898596625731,29,0.2868481201535968,700.0,0.2591077291782011,4,0.036,2
38200.0,0.77333987708023,salaried,0.05130991560815578,7,0.8712398626616027,2000.0,0.6560782569980674,3,0.052,0
22600.0,0.6982405426020516,salaried,0.5489036230287471,4,0.8156042744961742,8600.0,0.7001565134213008,0,0.381,1
29500.0,0.6046990808546361,self_employed,0.3367030433642731,7,0.46629561341041675,1700.0,0.06638080346369281,2,0.058,1
37300.0,0.6092400721822453,gig_worker,0.27588205522720377,81,0.7425604903252616,6600.0,0.06790010275743351,1,0.177,1
23200.0,0.8034207809575692,salaried,0.3612712227158209,53,0.6643430973862301,4600.0,0.05162258534085431,2,0.198,0
43300.0,0.5815884641950935,self_employed,0.2737322232214646,5,0.7733040153733296,3600.0,0.20558938950553368,2,0.083,0
47200.0,0.699106825118344,gig_worker,0.2895176373258981,2,0.8754879381578324,14600.0,0.2648337828705224,2,0.309,0
19700.0,0.7529147436816024,unemployed,0.27794033557785636,10,0.6052041097286724,1500.0,0.4163595694286938,0,0.076,1
22500.0,0.7567042432894302,gig_worker,0.07458313925920941,21,0.8815193962518196,4800.0,0.189155056169941,0,0.213,0
16900.0,0.74286993751308,salaried,0.23235459122671512,48,0.9302720279412539,5500.0,0.31603169115844426,2,0.325,0
29200.0,0.9202107586497901,gig_worker,0.331822443402115,81,0.5951230245811906,400.0,0.1887263092508002,0,0.014,0
34300.0,0.7412730902832048,gig_worker,0.4371175792493874,33,0.6822269388005127,2100.0,0.15634295313964142,1,0.061,1
24400.0,0.7427183393768148,gig_worker,0.4465643302366119,21,0.8190549062540676,2300.0,0.3459970252092424,1,0.094,1
33800.0,0.8582145079410599,gig_worker,0.15004888735435257,3,0.8160519437040777,2500.0,0.2258715559483082,2,0.074,0
22200.0,0.6388005043818106,unemployed,0.2541432138999885,1,0.6837322666555145,10500.0,0.26785901408736484,0,0.473,2
22600.0,0.8789820855360597,salaried,0.028121276583716964,21,0.9335470551717852,7100.0,0.3587638410586849,2,0.314,0
35200.0,0.7347653717574386,salaried,0.37030021711631206,18,0.9907890027305076,3600.0,0.14615004012389127,1,0.102,0
23400.0,0.6659881481089944,gig_worker,0.45525884983570586,44,0.7941439783741551,5200.0,0.0664784415296578,0,0.222,1
28400.0,0.5602647928748398,salaried,0.017808148534312493,9,0.479993248440851,1700.0,0.3307557332553,3,0.06,0
35800.0,0.7735715113308831,salaried,0.22697727561810055,0,0.7644277591559592,2000.0,0.3017256709787907,1,0.056,0
33600.0,0.5506674123988015,salaried,0.008677588287557011,13,0.7868929683446861,3700.0,0.14486082516759183,0,0.11,0
22400.0,0.7510239699727718,gig_worker,0.47748996770569035,83,0.7934366817603131,1500.0,0.322865917076885,0,0.067,1
49600.0,0.7800892332431771,salaried,0.05700752298723225,38,0.9319430584261676,900.0,0.12220869996790142,0,0.018,0
11300.0,0.628503105920192,self_employed,0.7301900366460802,0,0.6152566962510947,5300.0,0.15372185093410315,1,0.469,2
3200.0,0.6765294837322929,salaried,0.1824702968795644,49,0.6878425679417562,2400.0,0.10691853571600517,1,0.75,1
39000.0,0.8286208641662656,salaried,0.3808435646009674,15,0.8366555997748442,8200.0,0.1401442311887954,0,0.21,0
33200.0,0.8252116214270888,salaried,0.08130377434150689,10,0.9713142353518144,7100.0,0.2683562995676216,3,0.214,0
15600.0,0.9037055839929352,salaried,0.23851999958392617,10,0.7496233559042065,5000.0,0.056193313408102914,3,0.321,0
31100.0,0.7649595499079193,gig_worker,0.192470771268377,21,0.9304793833162435,900.0,0.16822459815427668,1,0.029,0
20700.0,0.9154000644873275,gig_worker,0.38210497737325466,18,0.9223085486313313,6900.0,0.339710506135365,1,0.333,0
37600.0,0.8352317119808363,gig_worker,0.18884926019936352,25,0.9412213040628418,3100.0,0.16012986053814193,1,0.082,0
3700.0,0.7103449574647658,salaried,0.25279280048925384,20,0.8147164064994602,6600.0,0.3908536087569383,0,1.784,2
25600.0,0.8100194809240048,self_employed,0.13707198985236257,3,0.7319725892656577,7600.0,0.4274325726512136,0,0.297,0
21800.0,0.7659235379320664,salaried,0.27403149118358133,7,0.572769861356249,2700.0,0.0025739455556364342,2,0.124,0
43300.0,0.8901855745949155,salaried,0.12612647514203112,44,0.7332640875757558,3400.0,0.11139664273764321,2,0.079,0
9100.0,0.82302366755649,self_employed,0.12948298449999307,26,0.591778080854719,3100.0,0.29299553946833856,0,0.341,1
30000.0,0.3974226724208893,gig_worker,0.6805294136422465,14,0.5245868246772634,5200.0,0.11332088210939974,4,0.173,2
38700.0,0.8599022683073815,salaried,0.22094405041179527,4,0.8442500345390641,17700.0,0.3068858705987805,1,0.457,0
68000.0,0.8414354633482475,salaried,0.31724259362815216,0,0.6180086556485644,6900.0,0.593569830828323,0,0.101,0
22600.0,0.5331689730675986,unemployed,0.08790507086349883,8,0.6059239390659577,3200.0,0.1469907815180732,1,0.142,2
34600.0,0.6771909703678328,salaried,0.14917102064538396,1,0.6134345016606348,1600.0,0.054931793962169864,0,0.046,1
9500.0,0.5939686350379272,unemployed,0.37477538387563564,15,0.7433004426137446,7500.0,0.2627953940725821,0,0.789,2
29200.0,0.825811152392398,unemployed,0.13425830034510133,41,0.5173140659501152,2600.0,0.04430654889739626,3,0.089,1
51300.0,0.760723090968751,self_employed,0.15503665500429167,8,0.9066287678466368,10700.0,0.48151829946984676,0,0.209,0
68300.0,0.7553153899184332,salaried,0.28434787057788025,45,0.7907381382457325,1900.0,0.15074531648150494,2,0.028,0
36200.0,0.6980850405307236,gig_worker,0.1996815558518753,29,0.8586404778241554,14700.0,0.10640335654801822,1,0.406,1
11200.0,0.664425160930635,salaried,0.21254610127764265,3,0.7993898804871694,4500.0,0.08308683828440713,0,0.402,1
55400.0,0.8236322149507789,salaried,0.7292605223425528,24,0.7789940234096543,6300.0,0.11829146242350527,1,0.114,1
11300.0,0.4779966772311791,gig_worker,0.19092081065486072,3,0.4136036307708383,3300.0,0.22815059585549305,3,0.292,2
14700.0,0.49737237538088436,salaried,0.33141971096580775,25,0.6754240000925037,700.0,0.40894952982024235,2,0.048,2
57700.0,0.7358556715760417,salaried,0.5454464929062313,3,0.6725813717927966,4700.0,0.6400435900014032,2,0.081,0
28200.0,0.3647963152791019,self_employed,0.2702450109871823,11,0.9799050566530418,9500.0,0.23918690050608146,3,0.337,2
21200.0,0.8166410686185394,gig_worker,0.09072982349617205,20,0.5337612781346743,2600.0,0.1524323167254897,3,0.123,0
41400.0,0.9508820119069825,salaried,0.29705052455111364,1,0.7704974708957046,3800.0,0.35623483113792825,0,0.092,0
31900.0,0.46408920091648437,salaried,0.06462508543704144,3,0.6650425794900119,3800.0,0.39066281819798937,0,0.119,0
49100.0,0.8159686487788674,salaried,0.008699504116476004,9,0.902477165301527,8400.0,0.27957954640011257,1,0.171,0
32700.0,0.9233911396813483,salaried,0.31158810781281615,14,0.9878805097209079,3400.0,0.17084727745755005,1,0.104,0
33100.0,0.7637970338349127,gig_worker,0.14367701844094233,46,0.7804994628383807,4200.0,0.24072620729094332,2,0.127,0
48200.0,0.7084863039908033,gig_worker,0.5409846804280035,4,0.8984540966833868,9400.0,0.32222161799377913,3,0.195,1
28000.0,0.843900105033248,self_employed,0.6741133330682427,10,0.5564393101352912,13400.0,0.0693012665153809,0,0.479,2
17700.0,0.43802575173064084,salaried,0.6539587053644431,15,0.8783922539258998,2700.0,0.21246197611657244,2,0.153,2
42600.0,0.8323278398416143,salaried,0.3571793440644787,8,0.7285133281844725,4600.0,0.2211544926034951,0,0.108,0
25100.0,0.47006658900174514,salaried,0.4820588244822885,23,0.8997978597653767,8500.0,0.5899617697438568,2,0.339,2
34000.0,0.7111323327864391,salaried,0.08581665697918683,7,0.8293634586005325,2700.0,0.37207003071423855,1,0.079,0
8200.0,0.688741078042162,salaried,0.08856937429229066,35,0.5171127903496715,10700.0,0.0765696495405062,1,1.305,2
27400.0,0.6618620197391714,salaried,0.28816771681438386,16,0.523522179602103,10100.0,0.2280076711951362,1,0.369,2
22000.0,0.5281253020576692,salaried,0.18679816679253086,2,0.9482045003628099,1200.0,0.2500874894654077,0,0.055,1
8000.0,0.7838827568909031,gig_worker,0.3125584873331436,23,0.8804121426665431,5500.0,0.435312980352424,2,0.688,0
27800.0,0.5460699319814761,gig_worker,0.2977653767053793,20,0.7550348053786157,11800.0,0.4208564164391765,2,0.424,1
28300.0,0.6558512760199869,self_employed,0.5581939116137153,9,0.8962123071875666,3900.0,0.5431900006444836,1,0.138,0
35300.0,0.3894794302771354,salaried,0.29507543929283686,0,0.6875760893327968,19900.0,0.1426910229490038,0,0.564,2
50900.0,0.7779635862577513,gig_worker,0.06424233162900776,5,0.6616870366527667,12400.0,0.0469766720819096,0,0.244,0
46900.0,0.7443100891262319,unemployed,0.4126733357660274,12,0.5820349674628794,2300.0,0.5710487621191707,2,0.049,0
22900.0,0.4545660641577125,salaried,0.12484767473983732,5,0.5894483319365822,2100.0,0.16904363134011008,2,0.092,1
32300.0,0.5958436658743015,gig_worker,0.42044804254340096,20,0.8808075121849244,2000.0,0.535512949323876,0,0.062,1
37800.0,0.727016812128393,gig_worker,0.3531982784163333,29,0.5746530500184156,4600.0,0.3185279427369222,0,0.122,0
23200.0,0.6867859662538304,self_employed,0.43811974742606663,46,0.8579454624663844,4300.0,0.2616193811305145,3,0.185,1
12000.0,0.9729777567436514,salaried,0.38732534444820865,24,0.9359568923982438,2000.0,0.16077707476107098,2,0.167,0
26300.0,0.8117715243975209,self_employed,0.5569524543606899,28,0.8581423742290549,7800.0,0.4885880465447433,1,0.297,1
52000.0,0.8068829447724025,self_employed,0.06733532717255769,22,0.7410683491326823,4300.0,0.3042041178147561,0,0.083,0
11600.0,0.7367234199237864,salaried,0.15088361693843888,101,0.6353882953882601,11500.0,0.4846143390359508,1,0.991,1
16700.0,0.7898622298013979,unemployed,0.46547790032366515,7,0.6668433060844562,4000.0,0.31162982900610775,1,0.24,1
18800.0,0.557949726171257,gig_worker,0.12912892319046124,7,0.7342672600954883,7900.0,0.35158719789226206,2,0.42,1
16800.0,0.41707099101246103,salaried,0.1123983100220779,3,0.3204871576095699,12100.0,0.553137470285613,1,0.72,2
41500.0,0.8901695592653746,self_employed,0.34917504917168,15,0.7578850071089595,3200.0,0.268430241870648,2,0.077,0
20700.0,0.9646425968149015,self_employed,0.3156518365990816,2,0.4583273886699512,9800.0,0.29714528409829405,1,0.473,0
42000.0,0.9253796265941956,salaried,0.46295316956404453,7,0.7983822131447424,1700.0,0.47799994473655044,0,0.04,0
30000.0,0.8793444041633967,salaried,0.12246308143830684,15,0.7842412835598234,7100.0,0.09741492158956219,3,0.237,0
9900.0,0.35216170401168234,unemployed,0.44631863269635247,75,0.7728419022909637,2600.0,0.10792625983654588,2,0.263,2
23500.0,0.8020120709330826,self_employed,0.42645017872255014,79,0.6836068352155944,3600.0,0.44153279359876796,0,0.153,0
47600.0,0.2713199508989073,salaried,0.2090547926013697,32,0.669462573925469,3800.0,0.1927467678198136,1,0.08,2
31800.0,0.7692659244454246,salaried,0.12410624862324374,11,0.7448654231162276,3800.0,0.03545571733524238,1,0.119,0
24500.0,0.8735537588980797,self_employed,0.5662994875750398,48,0.6781719718421936,2100.0,0.2123462420970322,0,0.086,1
52300.0,0.7840163483580254,self_employed,0.1644889929774425,49,0.700582747089587,3600.0,0.1776257019073021,0,0.069,0
15700.0,0.8501510469368619,salaried,0.283056058967281,57,0.7694040094829415,4400.0,0.4531883537185387,0,0.28,0
21100.0,0.5865901661261975,self_employed,0.10487718257284231,24,0.9346952642088179,2800.0,0.18741715065550868,1,0.133,0
45400.0,0.38238836518855257,salaried,0.260034222491986,5,0.6722934872181997,6500.0,0.1374992593139623,0,0.143,1
41100.0,0.3547698974669101,salaried,0.27884301679802787,2,0.8798788832013936,14000.0,0.032231676699755095,2,0.341,2
15000.0,0.7207778022750954,self_employed,0.17727434162048253,59,0.9425932564332571,4600.0,0.15674109935568445,0,0.307,0
37200.0,0.6409142456066934,salaried,0.32421920784247227,1,0.7686216200373007,3800.0,0.08513698508920216,2,0.102,0
20500.0,0.8107881194471173,gig_worker,0.21967294847277288,8,0.8581228879465389,7100.0,0.26659849771018007,1,0.346,0
7700.0,0.7971145312459019,salaried,0.3125453533167333,16,0.5720708940649964,6200.0,0.2924556291591852,2,0.805,0
24700.0,0.6821365759500765,self_employed,0.5795694650793749,0,0.5016823404601474,3000.0,0.09114905081878476,2,0.121,2
70400.0,0.5288560869808547,salaried,0.09535145557235003,56,0.6762363034923818,4300.0,0.3003655278152022,1,0.061,1
48000.0,0.8108758339515398,salaried,0.2658643859667327,8,0.6972595498339687,3400.0,0.3457942803205038,2,0.071,0
28600.0,0.5405348232144414,gig_worker,0.17128011131140244,0,0.7843725005352296,6400.0,0.04529559536643927,0,0.224,1
11200.0,0.8620592524678601,self_employed,0.37144490782174316,121,0.5717092349808214,5500.0,0.17416196176791574,1,0.491,0
7900.0,0.5471152444930305,gig_worker,0.19789491452429325,8,0.8110186338091957,5300.0,0.029428115932105002,0,0.671,1
30100.0,0.8383164830118225,self_employed,0.11178262396297904,50,0.5911117416275792,3800.0,0.17281380922782255,3,0.126,0
36000.0,0.8409125121725114,self_employed,0.10860371330644003,14,0.7539834798673863,4600.0,0.2921472121464835,0,0.128,0
41700.0,0.603611442410606,gig_worker,0.16750243909679222,26,0.6393179631523993,8300.0,0.43034034529561827,1,0.199,1
39400.0,0.7368897061606333,self_employed,0.19497733261484593,6,0.7615976803230134,6500.0,0.20101115353681606,0,0.165,1
41000.0,0.875813949138087,self_employed,0.2242066397146153,16,0.8667601160671033,4500.0,0.10242994552456042,2,0.11,0
33800.0,0.8076777054484037,gig_worker,0.11390327412932477,7,0.9708925896182594,7300.0,0.1768596356738226,1,0.216,0
51700.0,0.6811996202024339,unemployed,0.29543867455314754,72,0.7843348910534561,6200.0,0.2595067159357338,1,0.12,1
22000.0,0.8033123720863754,salaried,0.5354400011033285,1,0.7607473150124492,4900.0,0.17129998454971454,1,0.223,1
29800.0,0.5578666995898728,self_employed,0.41532241908005557,7,0.8765812435919264,4600.0,0.16611789137886399,0,0.154,1
9900.0,0.7465326613951352,salaried,0.4540810265282817,53,0.723236696785268,2100.0,0.5528067124199812,1,0.212,0
21700.0,0.665626360693877,salaried,0.7849194110053164,15,0.7915075004368796,5100.0,0.7812331276679726,2,0.235,1
47400.0,0.4771709265397085,salaried,0.47643702660005943,21,0.5980426523568294,8500.0,0.06966458104141789,0,0.179,2
40400.0,0.8858966410799067,gig_worker,0.454850273390691,25,0.7887905965666535,1200.0,0.23457254076086076,4,0.03,0
5900.0,0.7975791991911746,self_employed,0.5674703943731932,1,0.7721918136906497,19100.0,0.10979156506023156,1,3.237,2
73100.0,0.6462811941781136,gig_worker,0.045172090324564,0,0.7868195966549232,4600.0,0.11228218954227534,0,0.063,0
31800.0,0.8160906565759944,salaried,0.09641887059471332,66,0.6904588882482648,5600.0,0.40181581022485896,1,0.176,0
32100.0,0.8732556998263574,self_employed,0.16694279994482972,7,0.5423441978517812,11500.0,0.21172457396758024,3,0.358,0
21000.0,0.33691166057332256,unemployed,0.043663936884359676,11,0.28343455635745773,6100.0,0.27159381337648997,1,0.29,2
23600.0,0.6758009195983657,salaried,0.23631045110258006,27,0.9244933372746138,3700.0,0.3047666666927482,2,0.157,0
31600.0,0.9389222276004454,salaried,0.15660078015120646,6,0.6053356256331096,4600.0,0.4914077940098551,1,0.146,0
39200.0,0.8736574195714175,salaried,0.30180720617775525,31,0.80205558934077,7800.0,0.23724963629985477,0,0.199,0
34600.0,0.5166194961393006,gig_worker,0.3532268987373027,14,0.7676826172972964,2600.0,0.17498910271116966,0,0.075,2
21900.0,0.9099572929984439,self_employed,0.11200651855523704,46,0.6599041055175612,3700.0,0.652573452271303,2,0.169,0
17600.0,0.7648181102418947,self_employed,0.3953974732430484,7,0.9217140138163893,3200.0,0.2558218711954433,0,0.182,0
16900.0,0.618749074542151,self_employed,0.46676304296208726,5,0.9924149702284705,2800.0,0.382619756689322,1,0.166,0
49200.0,0.4228120275351369,salaried,0.2989746055863586,42,0.6983368788693928,7100.0,0.24913873892171598,1,0.144,1
46300.0,0.7923525885759287,gig_worker,0.5389745022343472,9,0.8299885220761958,9200.0,0.2881652885100403,0,0.199,1
37400.0,0.706019972480199,salaried,0.14927216622928396,12,0.6561516487551519,5000.0,0.06595640568365496,1,0.134,0
49000.0,0.5393258590297646,salaried,0.24967726011814445,37,0.8690451466101305,2900.0,0.04786057274523657,3,0.059,1
27500.0,0.6334798267767894,self_employed,0.2295164874995931,24,0.5540976144309708,8400.0,0.11866837459521598,1,0.305,1
44300.0,0.6191994563108909,gig_worker,0.5285857651139089,13,0.8256911295719023,4200.0,0.21219677736272918,0,0.095,1
38400.0,0.6911138344276463,gig_worker,0.12956969042983646,6,0.7064755823630929,1100.0,0.14635861977260087,1,0.029,0
44900.0,0.31726961307798013,gig_worker,0.3716477292109193,34,0.913746088961009,2900.0,0.23122604761764057,3,0.065,2
15900.0,0.852221578907584,salaried,0.5854704248710367,4,0.7733987592172152,11900.0,0.13958691854474964,2,0.748,2
5300.0,0.9107460096318888,salaried,0.7863655367846603,63,0.8330429486695521,1400.0,0.3082783670327127,0,0.264,1
33500.0,0.7647122737001316,salaried,0.20784301971349034,3,0.8294360020657557,14100.0,0.1641003433937307,2,0.421,0
24300.0,0.8511574949411467,gig_worker,0.34377066810441753,39,0.7659204216821274,8400.0,0.14244395530174786,1,0.346,1
6800.0,0.33472973808572487,gig_worker,0.3878687357248128,13,0.7357499087806606,7100.0,0.2859358447162481,2,1.044,2
53100.0,0.5710049772913028,unemployed,0.7570291701429289,4,0.7066150371896769,6900.0,0.1733794411752855,3,0.13,2
46300.0,0.7803117749022341,salaried,0.36099683352984185,12,0.6884293319422027,3500.0,0.34439263827934363,1,0.076,0
35000.0,0.6937231748598294,self_employed,0.34147387645786176,6,0.9307261639271608,11800.0,0.31752847937249573,1,0.337,1
18200.0,0.8596526133966772,self_employed,0.3241887982262194,3,0.3632119514911053,5100.0,0.04306650213112982,2,0.28,2
9600.0,0.6886580261853331,gig_worker,0.051302494804135915,6,0.6524132190829003,600.0,0.37839829991487034,2,0.062,0
6700.0,0.478579627629004,self_employed,0.43183708653806546,48,0.7656152459666229,2000.0,0.15464366988652792,0,0.299,2
21700.0,0.3570786187037147,gig_worker,0.32494277015521744,2,0.8473666484279756,2500.0,0.24047986916773564,1,0.115,2
41300.0,0.9106163431276179,salaried,0.0895146976703399,86,0.7035754803367994,8500.0,0.16934920675217624,1,0.206,0
24400.0,0.8699697778247424,salaried,0.5663903958431861,0,0.8967698431802588,1600.0,0.2461976957201225,2,0.066,0
37700.0,0.48702893164232025,salaried,0.04491162750601722,25,0.5923819851966431,5600.0,0.26560321598900927,1,0.149,0
38600.0,0.7439935488175761,salaried,0.18917299510160052,46,0.8180821138149353,7400.0,0.19616539815591985,1,0.192,0
41000.0,0.7648529293796138,salaried,0.42635595559754974,65,0.7791396972073436,8400.0,0.028249659909462772,0,0.205,1
8500.0,0.5345550062051106,salaried,0.15141752034153466,3,0.8062216603330892,3000.0,0.47358639172421096,3,0.353,0
19100.0,0.6234794407473165,salaried,0.19861576717039855,28,0.9078073079431859,4100.0,0.4951552781927292,0,0.215,0
37300.0,0.7180468383557017,self_employed,0.4023546031910962,2,0.3798531037596631,7300.0,0.24912296501834152,2,0.196,2
58800.0,0.8897012633813872,gig_worker,0.2523991046387513,10,0.986787920114442,7400.0,0.10872033659936248,1,0.126,0
50700.0,0.9060919804550565,gig_worker,0.4529156436562391,31,0.9470424752977218,2600.0,0.23516395343212668,1,0.051,0
34100.0,0.929104169669086,salaried,0.3115851841333592,10,0.6487336777151121,2000.0,0.36156860123838036,1,0.059,0
53400.0,0.6994816936826525,salaried,0.2027354389422082,9,0.44422177204640007,8700.0,0.3828190043158587,1,0.163,1
34000.0,0.6417991530092269,salaried,0.04692876717058369,2,0.6996163019967164,2500.0,0.04814186647114375,2,0.074,0
11400.0,0.7714990816650799,unemployed,0.04577613334409508,1,0.9088496326777388,9100.0,0.2909834645550253,1,0.798,1
40700.0,0.9002155278479355,self_employed,0.19003473853254982,2,0.707908557212618,3200.0,0.21978262875176258,0,0.079,0
51600.0,0.9087407888982535,salaried,0.08633413869586982,49,0.9351489128059371,4000.0,0.5054016621614882,4,0.078,0
67800.0,0.42599726212851996,gig_worker,0.33172522479548644,0,0.6435056113534343,8500.0,0.2764523247089958,1,0.125,2
21300.0,0.7222182605824536,salaried,0.18972661045890216,28,0.580867569547755,2800.0,0.1842554726904726,1,0.131,0
14900.0,0.46004757226200377,gig_worker,0.22257677690609715,35,0.8010242655456122,7400.0,0.014076738983873061,2,0.497,2
44400.0,0.8353167844015926,salaried,0.4495719519700354,20,0.5759150822253316,1700.0,0.4996215991940911,0,0.038,0
36200.0,0.6450272851488382,salaried,0.2996136566213863,31,0.672594709632567,3700.0,0.0776551999161625,0,0.102,0
34600.0,0.6745503656342982,self_employed,0.021297452092839897,25,0.6179093192735801,2600.0,0.10195622174486166,1,0.075,0
53700.0,0.8410435608002595,gig_worker,0.4181442097792238,14,0.5702329658166436,4600.0,0.28507644172701424,1,0.086,1
44300.0,0.36835924726959346,gig_worker,0.26782606762313393,11,0.7054338863453306,6500.0,0.23647415722650875,2,0.147,2
37900.0,0.6479258638655976,self_employed,0.25653338743808507,68,0.6741606898069435,14800.0,0.2075800201410967,0,0.391,1
22800.0,0.45983080005375127,salaried,0.31266905965089126,85,0.8357651187471806,5600.0,0.16932558728070873,1,0.246,1
42500.0,0.59394372662153,salaried,0.11620192650977633,25,0.7563722411323222,2000.0,0.17984799377217303,0,0.047,0
14600.0,0.8328768248650619,unemployed,0.2365108820705173,5,0.5705114061564,1700.0,0.44223419529206975,2,0.116,1
33900.0,0.8644334181000984,self_employed,0.15335447876044325,14,0.5419361664394009,1200.0,0.22608318536984828,2,0.035,0
28800.0,0.9205294710027625,gig_worker,0.07909198797413797,16,0.8899898852667898,4800.0,0.09431031048020592,0,0.167,0
11100.0,0.7657331689175594,salaried,0.09365599920122052,34,0.5481376653748515,3700.0,0.11481827911808297,0,0.333,0
36300.0,0.791023918676661,self_employed,0.14995973887418643,26,0.9231716999241368,2100.0,0.4136314524034116,1,0.058,0
21300.0,0.5962053085278581,salaried,0.07886034311156168,17,0.6943961147234666,13700.0,0.49124537173336286,3,0.643,0
35800.0,0.34496303558102787,gig_worker,0.3383334177005846,27,0.7058148134349741,2700.0,0.11755405128745891,1,0.075,2
17000.0,0.6826840343382092,gig_worker,0.22779517931661786,0,0.7177985607089256,3700.0,0.02408853771882764,0,0.218,2
44500.0,0.7219055028596333,self_employed,0.1383008249850522,35,0.739873855251211,4200.0,0.1630143513285103,1,0.094,0
63300.0,0.6783775030197067,self_employed,0.05388624037316674,5,0.9509238778728228,5200.0,0.5145365912727897,3,0.082,0
14600.0,0.806758527071118,salaried,0.11616115073377685,25,0.8146785078141459,900.0,0.34626465363455267,2,0.062,0
17000.0,0.7360900364621085,salaried,0.208362908492475,2,0.7889616958631723,2500.0,0.4034127993953979,0,0.147,0
13100.0,0.579742651718386,unemployed,0.2540272097265967,2,0.32371970255791116,1200.0,0.3379863014851906,0,0.092,2
26200.0,0.7681433300390408,salaried,0.17228791697140647,0,0.6435900825975178,4200.0,0.22905527377919513,2,0.16,0
35500.0,0.8179260472018058,gig_worker,0.06579587307450178,57,0.5003636129412337,4200.0,0.4546599075192463,1,0.118,0
41200.0,0.8225157662781651,gig_worker,0.21825073244472867,22,0.6939259531006626,6400.0,0.2430893863616517,2,0.155,0
33600.0,0.7723119261399292,gig_worker,0.2750794345806809,10,0.7069713090425895,5200.0,0.010799230519037029,1,0.155,1
40600.0,0.8444339420049726,unemployed,0.4498094150171736,37,0.5417430513488249,1200.0,0.41648786204048033,2,0.03,1
28300.0,0.5339683711895111,self_employed,0.3371162378517857,23,0.918650098886884,4300.0,0.23487921037131845,1,0.152,1
21200.0,0.6903876772100311,gig_worker,0.2644275813732768,23,0.9085439968530952,1700.0,0.21442037779075712,1,0.08,0
17200.0,0.4510856683532721,salaried,0.32267056870099226,16,0.5070356371630772,3000.0,0.42253977550708904,2,0.174,1
26700.0,0.8188703620095574,self_employed,0.3914933618025939,0,0.720673687871123,1800.0,0.2441974673068483,0,0.067,0
17500.0,0.819874831976391,gig_worker,0.3314184605602478,7,0.7791301545538002,2700.0,0.16859148571133104,1,0.154,1
35000.0,0.765598222686912,salaried,0.4774128017092147,2,0.5014367771768751,8600.0,0.10679395861408147,3,0.246,1
17600.0,0.49861767511355903,gig_worker,0.1031266097981638,26,0.9607947435972028,2000.0,0.11750877068660642,0,0.114,1
22500.0,0.7730790690714615,gig_worker,0.09974465745902245,6,0.421006276970265,3200.0,0.43494109749906,0,0.142,0
49100.0,0.8223536367323961,gig_worker,0.5508275181835934,14,0.7412912430195827,8800.0,0.3101588707439485,1,0.179,1
51400.0,0.8026505603200529,salaried,0.3031854384866447,10,0.7542014809847525,800.0,0.22766281066097238,3,0.016,0
50600.0,0.6746023373961401,self_employed,0.38955036857609987,3,0.5499982073055504,11200.0,0.40764909190829096,1,0.221,1
28500.0,0.6519247366474904,salaried,0.18705870625096396,76,0.8092310967273599,2000.0,0.32269337644663015,2,0.07,0
21700.0,0.5630138256372108,gig_worker,0.13315901485227447,65,0.5503796281089809,1600.0,0.2409899687144895,0,0.074,1
37700.0,0.523360883131724,self_employed,0.45844875059546086,2,0.6292273485724417,4100.0,0.1252026079780365,2,0.109,2
17800.0,0.8878969362797214,self_employed,0.08893122397595339,42,0.7164548901498621,3000.0,0.2343738752544274,3,0.169,0
42200.0,0.929429542269826,salaried,0.5678407399824943,16,0.7490774359008785,5200.0,0.0609942664533015,3,0.123,1
20600.0,0.45973553517397747,salaried,0.16933623840909512,35,0.8829251587233653,2200.0,0.4959189388357677,4,0.107,0
26100.0,0.6921589256479078,salaried,0.11944686532918074,3,0.7914022969466997,2500.0,0.2282944856555338,0,0.096,0
42700.0,0.8289189498443457,salaried,0.3987227862653761,3,0.7805894138605851,2100.0,0.27350139247575705,2,0.049,0
9300.0,0.8597980164956873,self_employed,0.6051701996826612,53,0.6803494448684991,6700.0,0.3240699084306815,0,0.72,1
21100.0,0.38627785179320895,gig_worker,0.14093097744717661,54,0.836425184003372,2700.0,0.24259031347631937,0,0.128,1
35400.0,0.7569474851175312,salaried,0.09336829196640781,15,0.9004518976978205,2700.0,0.26817119024800856,0,0.076,0
39200.0,0.8389054847333977,salaried,0.2202097192967291,48,0.8847325389841902,3200.0,0.263360292990911,3,0.082,0
36100.0,0.5119492534093634,self_employed,0.3272236340698092,26,0.6837432804125515,5400.0,0.1070329554533325,0,0.15,1
25900.0,0.8569100524617353,gig_worker,0.24421504935167626,4,0.6324900948272215,15600.0,0.22534825633101865,0,0.602,1
44800.0,0.7914617809461028,salaried,0.4617127555206162,9,0.636320644504314,3300.0,0.12862029272074335,0,0.074,1
16900.0,0.7675811447002875,salaried,0.27177459258820996,3,0.7309879255078887,4700.0,0.4647657816913078,0,0.278,0
16500.0,0.5905024775158025,salaried,0.49520423144271014,35,0.785680407029112,900.0,0.2853080800283084,2,0.055,1
35200.0,0.907792181454578,salaried,0.05421556544850165,101,0.615060944328847,800.0,0.19052162598511344,0,0.023,0
15800.0,0.8813418152427923,salaried,0.2631914543237002,18,0.5679385091390199,4800.0,0.042762601315991085,0,0.304,0
64300.0,0.7309299731229327,salaried,0.11649489458460949,25,0.6911773151639706,3600.0,0.26972779820357196,4,0.056,0
21400.0,0.22779611084358825,gig_worker,0.377489366973799,32,0.7994955705966459,8600.0,0.25159642290650336,0,0.402,2
44400.0,0.5303884570769671,self_employed,0.2230899808617359,6,0.8549338619764104,7900.0,0.20885515558557238,0,0.178,1
14200.0,0.7234994780669654,salaried,0.34692179955460045,9,0.8153577133716902,3400.0,0.46433526007128045,0,0.239,0
57700.0,0.8506435656601878,self_employed,0.0754894389898487,12,0.9017119197020823,4800.0,0.2727905840522379,1,0.083,0
29600.0,0.5547723571823248,self_employed,0.2517243062315253,21,0.9142844946888397,5300.0,0.32805909265045513,2,0.179,1
21100.0,0.7208619208588435,unemployed,0.26872925723846514,45,0.7418415453404917,2400.0,0.24540341721387515,0,0.114,1
25000.0,0.7731808859753375,salaried,0.18133370759446743,7,0.846757560971994,1900.0,0.32791457004863805,1,0.076,0
19300.0,0.8730661095974762,gig_worker,0.20396966865486976,15,0.5928656481048382,4500.0,0.19784421790764947,2,0.233,0
26100.0,0.6182077021354402,gig_worker,0.3428348470772568,33,0.7857388073269355,5200.0,0.3779386059095126,1,0.199,1
14700.0,0.8500021017751723,salaried,0.4992310496989319,2,0.5027902025281551,4100.0,0.422688367166446,1,0.279,1
21500.0,0.7753793947604677,unemployed,0.485104423807897,17,0.41844414380161005,14000.0,0.09753596923629358,0,0.651,2
44000.0,0.7187500924226021,self_employed,0.46717437734996736,3,0.7939899496868801,8600.0,0.2033440620542309,2,0.195,1
32700.0,0.9361777039753708,self_employed,0.08428770723884162,18,0.7760904735591191,9300.0,0.14728042633534197,1,0.284,0
16700.0,0.7502924906504467,salaried,0.3696999467063478,35,0.9320065058868985,3800.0,0.24398425758904574,1,0.228,0
26500.0,0.49814254430946825,salaried,0.3882108544291924,6,0.8533627990801419,3100.0,0.39739301381197606,1,0.117,0
51700.0,0.8557311015856933,self_employed,0.13007242466862323,45,0.841139777627792,1600.0,0.2185997862868978,2,0.031,0
22800.0,0.7490187432573823,salaried,0.28691355763693266,9,0.4531525519249277,12400.0,0.33844907032162524,3,0.544,1
15700.0,0.7187029965728379,self_employed,0.04518852183709729,5,0.8655476275767037,3600.0,0.20670755790726686,3,0.229,0
38500.0,0.44430347493087335,salaried,0.606255276056334,15,0.4253902051228172,12300.0,0.10543734581174417,1,0.319,2
7100.0,0.8000729492531345,self_employed,0.23504294580269255,50,0.9820107299321007,3100.0,0.2711071657883873,0,0.437,0
25300.0,0.9377559889870386,self_employed,0.341987473486869,1,0.6697005613362221,7200.0,0.27021025081764866,2,0.285,1
53900.0,0.756470632098024,salaried,0.2993102823644586,9,0.7570407593483145,3200.0,0.3384868060778625,1,0.059,0
26100.0,0.6050445974931449,self_employed,0.25926041827854845,25,0.9091391336642093,3800.0,0.4568008157350758,2,0.146,0
46200.0,0.7619672339711449,salaried,0.17622974827612323,10,0.9732153266003504,12100.0,0.12252622525254309,4,0.262,0
15600.0,0.9862752037390864,salaried,0.287917700682884,1,0.7352115830581606,5100.0,0.5428197642034058,2,0.327,0
25600.0,0.8376636191997193,salaried,0.07254801251809488,9,0.6599554224751523,2400.0,0.049935320010271074,1,0.094,0
24400.0,0.7342879407810848,salaried,0.25784069385447267,41,0.5698486164886947,700.0,0.11881199461631138,1,0.029,0
37500.0,0.6177158289018911,salaried,0.3465571967141301,82,0.8345748030850071,11200.0,0.34631752072834526,1,0.299,1
30400.0,0.5915325283110432,unemployed,0.7379960808076677,0,0.914912656870985,9700.0,0.18968528429702894,2,0.319,2
57400.0,0.8086526716244211,salaried,0.14443498014777745,20,0.6772349715633568,8800.0,0.2994974048765523,1,0.153,0
22200.0,0.5981548366116777,salaried,0.24021378694046017,2,0.8259624270644874,800.0,0.23579524680048108,3,0.036,0
30200.0,0.8974397666674383,salaried,0.49339719948618255,27,0.6400506261961717,6200.0,0.29191263464791883,1,0.205,0
24800.0,0.9223067242685955,salaried,0.23376972527013942,0,0.6900351562184216,6200.0,0.3137292223568244,2,0.25,0
29100.0,0.8718604864418177,self_employed,0.1974936884543961,0,0.8771640258228333,3500.0,0.1271345557511618,3,0.12,0
27700.0,0.6577627208034094,salaried,0.31633660806693575,36,0.6539417999951186,2400.0,0.47691729484439094,0,0.087,0
17700.0,0.8128493016717484,self_employed,0.12583227794903257,1,0.8348042742255622,4600.0,0.2742797872246671,2,0.26,0
42800.0,0.7788900897685348,salaried,0.5134519936409224,8,0.8017761246102961,4100.0,0.21160303352462334,0,0.096,0
20300.0,0.9262197004203666,gig_worker,0.5792637855183909,76,0.878083346305452,5000.0,0.4577689776303719,2,0.246,0
19500.0,0.7661226519509405,salaried,0.47636715353972026,101,0.9453787985137103,6900.0,0.16757276133481677,3,0.354,0
11500.0,0.5948521437862515,self_employed,0.1972515848954402,4,0.7301316241763626,1800.0,0.3043899295770152,1,0.157,0
21800.0,0.46091184759742837,gig_worker,0.3668913283566879,19,0.9382795681828242,1300.0,0.5994057434907399,1,0.06,0
20100.0,0.8606040991009459,salaried,0.20087925621536554,19,0.8421095886502239,3700.0,0.2896981877978968,0,0.184,0
3500.0,0.7321658500893663,gig_worker,0.28853224217983836,14,0.8812349223584527,17700.0,0.30900731379062585,1,5.057,2
8000.0,0.8122706007915826,self_employed,0.24256280735353142,62,0.6836812560773247,2000.0,0.22267004136293655,1,0.25,0
26000.0,0.6623371407053142,salaried,0.1250068098775573,33,0.9221646729592933,4300.0,0.465412309158691,0,0.165,0
56200.0,0.36829539764179187,self_employed,0.14665669374028842,34,0.9536060620508324,4500.0,0.1290837721109824,1,0.08,1
12800.0,0.7804879549341479,unemployed,0.12957917718295492,7,0.918492966646379,300.0,0.25501946800845143,2,0.023,0
28800.0,0.9033799409549911,self_employed,0.16462833021323833,13,0.9636879945017417,11400.0,0.12109907766372122,0,0.396,0
25700.0,0.7122200484504416,unemployed,0.14510025880044505,16,0.8145058814359596,2200.0,0.016253488451068693,1,0.086,1
40000.0,0.8188401856513501,salaried,0.5504381995029262,8,0.7703885511592716,4300.0,0.2864218180339689,4,0.108,0
41500.0,0.6997920076505957,self_employed,0.27249281935946135,2,0.7655805424738991,8800.0,0.12082797412861745,3,0.212,1
76300.0,0.8780118719977579,unemployed,0.14447756366529635,3,0.5815829938960903,3600.0,0.2506269255924131,2,0.047,0
33300.0,0.822838695210324,salaried,0.36006018194286676,4,0.9427366951262939,7500.0,0.3876963775417208,0,0.225,0
18700.0,0.8617576031921096,unemployed,0.07521248682523596,5,0.7078151561773599,100.0,0.29417819668667977,2,0.005,0
21500.0,0.7573264967028924,salaried,0.1667471324101277,6,0.7953337127692889,1500.0,0.12465358648240916,2,0.07,0
22700.0,0.6483680979399541,unemployed,0.4779311481118566,7,0.8802291820097103,11100.0,0.09202717771610362,1,0.489,2
20600.0,0.7420925540606622,salaried,0.2201151372527963,14,0.7522956523362305,9000.0,0.36478693123897926,1,0.437,0
63000.0,0.8221518317464738,salaried,0.23456910571443967,17,0.8378236268370924,2600.0,0.31293443082007777,2,0.041,0
40500.0,0.7337148359377619,gig_worker,0.16110167627120342,8,0.5745191586668649,7800.0,0.09361996011293583,1,0.193,0
10800.0,0.5965651752835383,salaried,0.41074326762198266,57,0.4746834982027469,6800.0,0.17365890272855203,0,0.63,2
37300.0,0.793804727436684,salaried,0.28694941989090994,19,0.7031171794166866,2700.0,0.08228860574931848,4,0.072,0
16000.0,0.6031573240854262,salaried,0.438420468223475,37,0.3567513020201436,2200.0,0.32443522814212555,0,0.138,2
41300.0,0.609041566332793,self_employed,0.5259117803399209,61,0.7400705761324082,9700.0,0.16035138356265424,2,0.235,0
49700.0,0.8785121698654462,unemployed,0.06823864845000858,4,0.7563456116597117,1500.0,0.4129046743756348,1,0.03,0
25900.0,0.9283311174817223,salaried,0.1210818850565293,13,0.8109609792216839,2900.0,0.21439636598650938,1,0.112,0
21400.0,0.5588071308543116,self_employed,0.3184394895696895,13,0.6858814702633101,2800.0,0.2306545320737492,1,0.131,1
58100.0,0.8497595441529354,salaried,0.08189021581202875,10,0.8984299557204561,2400.0,0.18209512295733468,3,0.041,0
19900.0,0.6375952273324251,gig_worker,0.31408707207000824,0,0.49962775187154157,3200.0,0.4522353967139837,0,0.161,1
18700.0,0.7277660069489905,salaried,0.328016067926526,40,0.5873955626035314,1200.0,0.2712380731366721,2,0.064,0
17100.0,0.3754827821882571,salaried,0.11177059536157864,2,0.6869520310564603,15700.0,0.15299421327891094,1,0.918,2
28100.0,0.9083139604004945,salaried,0.2956253072421876,129,0.6742801681199614,8600.0,0.15600103783407984,2,0.306,0
33200.0,0.9465735038963,self_employed,0.4102717512733008,35,0.9711652270682484,3600.0,0.4856506394691991,1,0.108,0
46500.0,0.9328446187459692,gig_worker,0.18707352112091782,20,0.49163770632381765,1700.0,0.45711222721541994,2,0.037,0
38200.0,0.8709057230199393,self_employed,0.18393021057192374,4,0.514493005866161,3800.0,0.24810303718771057,1,0.099,0
37900.0,0.6071341275348259,salaried,0.020169498865583807,17,0.8817672671288393,2500.0,0.2089752746207279,1,0.066,0
53500.0,0.6962734158215316,self_employed,0.3380789462993547,7,0.8176040666410654,1400.0,0.04300728435137636,0,0.026,0
16600.0,0.5997729555999886,gig_worker,0.05394358382837957,6,0.7090379662131818,10400.0,0.2890491105058923,1,0.627,1
12300.0,0.8402732758437538,salaried,0.4098304503741407,42,0.6408747984069334,5800.0,0.20149392015865655,0,0.472,1
39100.0,0.777946626610779,salaried,0.15284863351724634,11,0.6420792676503894,3500.0,0.3597710447900374,2,0.09,0
27400.0,0.7527830536830178,salaried,0.3595680251311643,14,0.650726537636819,700.0,0.31855740122706727,3,0.026,1
46500.0,0.7685792816213692,gig_worker,0.2572168638766256,44,0.5844351613568258,15800.0,0.4043177319212729,3,0.34,0
28700.0,0.6122247341361988,self_employed,0.299400922772441,2,0.6506872657221023,700.0,0.2679760017825273,1,0.024,1
21000.0,0.6687041425374568,self_employed,0.14655069374156307,21,0.756851323904829,1800.0,0.3514671961979949,1,0.086,0
39400.0,0.5833226216451816,salaried,0.19028251634833795,20,0.9154161067709731,13600.0,0.024395521712727485,1,0.345,1
30600.0,0.7098809556784936,salaried,0.09438880452669526,13,0.7154959025580048,6800.0,0.18576335775572006,0,0.222,0
28800.0,0.6688958712295703,unemployed,0.03690002386871809,42,0.7815533736097499,9000.0,0.04154911538879887,1,0.312,1
83200.0,0.6105430633987523,salaried,0.2520082844846634,68,0.865845043492717,8900.0,0.14447962635206094,0,0.107,0
51500.0,0.8514765266445014,unemployed,0.3708287915272315,15,0.8572626052441794,10400.0,0.20139409259786725,0,0.202,1
41900.0,0.9088861036511815,self_employed,0.2497354540507911,14,0.8454638726725512,5200.0,0.30172912567665344,1,0.124,0
31100.0,0.9057428920311501,salaried,0.2907341179297465,16,0.8849134215324426,7600.0,0.23965373200823778,0,0.244,0
29700.0,0.7922836095832638,self_employed,0.2753026402221713,30,0.8053236276173806,3100.0,0.07096654450686814,3,0.104,0
24900.0,0.6403562017796626,unemployed,0.10141220597311594,26,0.7953635168615927,8400.0,0.29794110781501004,2,0.337,0
32700.0,0.7798989084967423,salaried,0.35020744734889514,6,0.6232962054745937,3800.0,0.07359438852581683,3,0.116,1
22500.0,0.5762425834290994,gig_worker,0.5233350881276839,1,0.7956850316859047,11600.0,0.11323295335366519,0,0.516,2
14600.0,0.9137382469663622,salaried,0.14415797978815054,71,0.9141221216434448,6100.0,0.07268127136642694,0,0.418,0
28600.0,0.7126273323900936,self_employed,0.12655503336576143,7,0.7912715724528203,10400.0,0.19124144015946973,1,0.364,0
34000.0,0.8891178024421519,gig_worker,0.41817818198069345,24,0.9370535953190503,5300.0,0.2860110945882941,3,0.156,1
46600.0,0.8574008562244524,unemployed,0.06745894539707001,42,0.7160514955241112,2200.0,0.07792969949631239,3,0.047,0
18800.0,0.7433417664785269,self_employed,0.43975097296743676,8,0.9483719882743993,6400.0,0.07153914031260997,2,0.34,1
29900.0,0.7500136890007059,self_employed,0.14566987416908997,24,0.76569452772758,9400.0,0.24670599402012164,1,0.314,0
38000.0,0.9108440777051737,salaried,0.2597471514552255,2,0.8416237456185022,900.0,0.15980508223721934,0,0.024,0
37600.0,0.6088756585709033,salaried,0.17053854254934336,84,0.5857474804648023,2600.0,0.29292243528161055,1,0.069,1
61400.0,0.6741151201387345,salaried,0.44960948174814636,1,0.7089697544426118,3000.0,0.23674982602073438,0,0.049,1
25200.0,0.5782688638559257,salaried,0.25618749431853854,13,0.772390607375761,2600.0,0.06209840153268674,1,0.103,1
17900.0,0.9010006323477399,salaried,0.2526802831688118,18,0.4047436564026026,6900.0,0.12643819836895456,0,0.385,1
30900.0,0.7372057921895545,salaried,0.5862931942531879,37,0.7714086924439161,6900.0,0.10785308614992525,1,0.223,0
25900.0,0.9298575284110685,unemployed,0.34922710321324696,3,0.961567668804696,2700.0,0.1634992080688184,1,0.104,0
23500.0,0.9406138471130084,self_employed,0.196240476223028,13,0.6185817285342922,2200.0,0.18712855888689323,1,0.094,0
21900.0,0.6137486060558524,salaried,0.22693447220625373,8,0.9343133242029733,6700.0,0.35418691184344003,4,0.306,0
34100.0,0.577634405588477,unemployed,0.37809804453775425,8,0.7396149710848338,600.0,0.10358863924634142,3,0.018,1
20300.0,0.8870664024816797,salaried,0.13634738223236045,36,0.7980019181220277,1800.0,0.29652173998225045,0,0.089,0
41800.0,0.7803834661715018,self_employed,0.15485806039170677,0,0.9025048540711844,2600.0,0.3741529916708205,2,0.062,0
40900.0,0.23904770994339827,self_employed,0.16185464980895758,33,0.9074927946621154,3800.0,0.31379154319504166,1,0.093,1
35600.0,0.7089542609150818,salaried,0.2559864989000728,39,0.401569355838613,6300.0,0.5921431501073583,0,0.177,1
16600.0,0.6987788042966108,gig_worker,0.179177600252066,55,0.7641445794421805,5500.0,0.33824319058670005,1,0.331,1
33300.0,0.8413360877911978,salaried,0.10005346613856195,23,0.9758730897656125,1500.0,0.12739355839153432,2,0.045,0
48100.0,0.5148077943183984,salaried,0.07444362393950005,9,0.37068638623897693,6200.0,0.27865927437308313,0,0.129,0
43300.0,0.9685456651239702,salaried,0.5364675960854522,13,0.7717196819909036,1600.0,0.08354890112381042,0,0.037,0
40400.0,0.8396673996444511,unemployed,0.2954339407107813,83,0.742685303383895,15300.0,0.18066265496126835,0,0.379,1
29600.0,0.9807150061557497,self_employed,0.5360342116908208,51,0.6295510390228898,2900.0,0.13983294158079304,3,0.098,1
29000.0,0.8176509867357831,self_employed,0.36644260548728996,14,0.7849481760800237,10200.0,0.2158680498505841,3,0.352,0
51900.0,0.2711581314605605,self_employed,0.0844070500656343,68,0.929539087644634,2300.0,0.2486797304076556,1,0.044,1
33800.0,0.7034310404718156,salaried,0.2139368856337988,41,0.7948692145780695,1400.0,0.3427062286590552,1,0.041,0
34000.0,0.7396410110657727,self_employed,0.3565912500356996,55,0.8643755517770219,4700.0,0.23360301830423166,1,0.138,0
95000.0,0.43242815140987356,salaried,0.2992532728111595,27,0.8281408450363825,8700.0,0.31636673638871793,0,0.092,0
24900.0,0.44933172636711555,salaried,0.2833555722860295,46,0.5023915826443551,10700.0,0.460399670653539,0,0.43,2
7600.0,0.7938309963433968,self_employed,0.5247885338010453,53,0.9212777110824584,1600.0,0.4128257897999754,1,0.211,0
26800.0,0.4300630581474352,salaried,0.49232677596283847,2,0.9024278945127382,8100.0,0.022077543152914172,2,0.302,2
27600.0,0.8748023642340172,salaried,0.20747105592705176,80,0.6695427375333745,2400.0,0.2521235791736524,2,0.087,0
33600.0,0.7829163414137645,gig_worker,0.15408549930904608,9,0.6111153613533221,2900.0,0.46921778872954484,2,0.086,0
37400.0,0.8091041030708414,self_employed,0.34214163620417687,13,0.7722756590562211,3100.0,0.35995631134857975,0,0.083,0
8500.0,0.7265411814020388,self_employed,0.2537908890743403,37,0.8516925492731364,7200.0,0.14643258273094484,0,0.847,1
37800.0,0.823001020672085,salaried,0.06447386987645072,26,0.9822238661890337,4500.0,0.3045375949374378,1,0.119,0
28500.0,0.544823467262799,salaried,0.3488146318938501,53,0.75028181249007,4400.0,0.18546301277889193,1,0.154,1
25500.0,0.8219656624426059,self_employed,0.24693824853971474,12,0.39789814567871207,1600.0,0.09994565038302174,1,0.063,0
11000.0,0.9658512971276275,gig_worker,0.1773475610207273,11,0.6477413880446148,5200.0,0.4156974231189237,2,0.473,0
57100.0,0.8334734462400152,self_employed,0.6667396692471315,0,0.8479545532904746,2100.0,0.17691880005778973,2,0.037,1
23400.0,0.38965015837272204,unemployed,0.501119812742423,14,0.905343298190835,5800.0,0.18210811857644146,3,0.248,2
40600.0,0.6007651190961691,unemployed,0.46576075396560074,30,0.8421226334898567,8900.0,0.43598921476740543,0,0.219,2
18700.0,0.8999279539000289,salaried,0.34609467157442575,8,0.8675384063405993,2600.0,0.23382651999959353,0,0.139,0
34300.0,0.8360010383841312,gig_worker,0.19090451188483723,14,0.6069205473769897,2600.0,0.10248273421899105,1,0.076,0
25700.0,0.8956834100096566,self_employed,0.19455224604632484,5,0.7673488587610166,9700.0,0.07282734179654277,0,0.377,1
40000.0,0.5949403635482106,self_employed,0.15174198658572038,35,0.8907294693422562,1500.0,0.27497120942818987,1,0.038,0
25300.0,0.5354601577018449,salaried,0.10595887196748681,1,0.8322280370337957,5200.0,0.3223872628624271,0,0.206,1
18200.0,0.7375227352851274,self_employed,0.6160423891580816,29,0.6136182457441187,800.0,0.26355293130478197,1,0.044,1
29100.0,0.6486301531740383,unemployed,0.6099028135981257,11,0.8100050612175769,1000.0,0.05173631186128093,2,0.034,2
28400.0,0.6722857172752148,gig_worker,0.24892585006947365,1,0.9587087296719634,22600.0,0.3467534831391227,0,0.796,0
33200.0,0.9504345484118545,gig_worker,0.5228146010708768,46,0.7594987064548484,6100.0,0.12095634143787733,2,0.184,0
45900.0,0.7510568593985969,salaried,0.18966133185714582,16,0.5239775163035139,5300.0,0.44769727638976436,1,0.115,0
16000.0,0.739413780337032,salaried,0.05547786607453845,21,0.6999059318695211,5700.0,0.31502149207572266,1,0.356,0
44800.0,0.9516221552633437,salaried,0.5287116627827557,31,0.8421349458182485,1600.0,0.6183970588170858,3,0.036,0
14700.0,0.8061039575163371,salaried,0.24522885803470296,25,0.8109086028992831,6900.0,0.1188832521018126,2,0.469,0
39300.0,0.7097615921204097,self_employed,0.238043043703594,31,0.6333814345642731,1900.0,0.45962263462664904,0,0.048,1
39900.0,0.47242830349746606,salaried,0.16001767404103787,34,0.715548342777794,800.0,0.22751109547916448,2,0.02,1
22700.0,0.714578088436055,self_employed,0.41211005786157506,21,0.7222845411420574,7600.0,0.5065272482760892,0,0.335,0
19200.0,0.8941947160457215,salaried,0.5121032081134004,10,0.9381124785988014,2900.0,0.36645997073838404,0,0.151,0
18600.0,0.6733777319891076,salaried,0.3355640808616096,6,0.9502734399161017,6900.0,0.30608708564518844,1,0.371,0
30500.0,0.5296222107518823,salaried,0.21822437920187693,55,0.7049233946914314,2300.0,0.45443314337838864,0,0.075,1
41100.0,0.6251824920859961,gig_worker,0.2460123144725771,84,0.6271971074745475,3100.0,0.16086959744577425,0,0.075,0
27200.0,0.8523377640086502,salaried,0.21819185359107027,10,0.6488446413144262,4100.0,0.016189271309743437,0,0.151,0
7000.0,0.7845270658565997,salaried,0.5273949564634437,2,0.471466699520352,3800.0,0.12042029899572732,0,0.543,2
21900.0,0.7839782468239529,gig_worker,0.3759406314890786,6,0.6876350009583866,4300.0,0.30845920369693003,1,0.196,1
21500.0,0.7782377573975857,unemployed,0.1954348216844647,26,0.7278839568769151,5700.0,0.3192971176445175,5,0.265,0
37300.0,0.8586372264374201,gig_worker,0.1306542092122178,4,0.8100398442051443,3200.0,0.4100902400274935,2,0.086,0
38200.0,0.6300126604425819,salaried,0.09864480687090772,36,0.7254457806452026,4100.0,0.2418629145030745,1,0.107,0
31700.0,0.9065672791905546,salaried,0.09112133397579635,61,0.9192843791343311,3400.0,0.2136891995594878,1,0.107,0
44800.0,0.827808853803518,unemployed,0.06325280003211403,79,0.783168077066418,200.0,0.09812854180682323,1,0.004,0
46400.0,0.7368760938748345,gig_worker,0.2153281802145626,0,0.7379768979569926,12600.0,0.3384023487222195,1,0.272,1
22600.0,0.6676299418767939,self_employed,0.3284079080370702,76,0.8027697325102159,9000.0,0.04444692607395956,0,0.398,1
18400.0,0.48899584442594296,salaried,0.41979926222240543,32,0.9018809089956467,1400.0,0.42944812791193393,4,0.076,0
28200.0,0.9140004482480457,salaried,0.5712869479050733,2,0.887677484057798,6900.0,0.11752378837606252,2,0.245,0
31600.0,0.5690655224643641,salaried,0.11281437580980697,12,0.8162695497986672,5600.0,0.2644597532139956,1,0.177,0
22000.0,0.713728030903663,self_employed,0.42125623212936797,28,0.9091240590003198,1600.0,0.06147922536924975,1,0.073,0
106200.0,0.7465367964535721,salaried,0.22944829959807264,75,0.7411456535359989,5600.0,0.17120479574216269,0,0.053,0
55500.0,0.6587021780191997,unemployed,0.2901842560552972,4,0.8495488776484529,23700.0,0.3674181876596577,1,0.427,1
21000.0,0.7931816096562745,salaried,0.16955513296812058,3,0.888241244348211,9700.0,0.270876275480846,1,0.462,0
16400.0,0.9159452600355369,gig_worker,0.38092741884921616,15,0.9185097939486268,13100.0,0.0865794747480161,1,0.799,1
20100.0,0.9788305878839324,salaried,0.10728979772087167,82,0.7376287593597066,8000.0,0.36519266449576737,2,0.398,0
46800.0,0.9776553686138018,self_employed,0.4034687518355007,85,0.8661539698040207,6200.0,0.5955084068627917,0,0.132,0
47300.0,0.6743618014939295,salaried,0.14339469986668515,6,0.6067875975633245,7600.0,0.35138785475019213,1,0.161,0
55800.0,0.6989331422363896,gig_worker,0.1949985650345077,9,0.6858018953974854,12300.0,0.09869201974739468,1,0.22,0
18100.0,0.9979526202104881,self_employed,0.10954312580542545,57,0.8081881715603128,7500.0,0.13678958868884453,3,0.414,0
37200.0,0.46433034222003894,salaried,0.14812248442952314,31,0.5514329102221023,6300.0,0.4134482662007596,2,0.169,1
19000.0,0.7276365904763236,gig_worker,0.7137278531523458,86,0.6582600105191203,3900.0,0.08480190502641913,0,0.205,2
61500.0,0.5838704259123886,self_employed,0.2221091665449986,53,0.7675933545293884,2000.0,0.053114447653596,1,0.033,1
18500.0,0.3640748858869838,unemployed,0.7182217723722596,5,0.6581508404286954,1000.0,0.0781748545040465,2,0.054,2
14300.0,0.8254191308107082,unemployed,0.18709376325195048,34,0.8088180078954078,5200.0,0.30429194510605456,1,0.364,1
15900.0,0.6804820251974698,unemployed,0.06551052511409304,1,0.7768527376952084,5300.0,0.03863393581583258,0,0.333,0
29200.0,0.9488544189110618,salaried,0.2388123393273302,40,0.8488140929908835,13800.0,0.19227002228363135,1,0.473,0
40900.0,0.6759523662421074,salaried,0.2509968840516118,22,0.6614991866291514,9000.0,0.011901720065869818,0,0.22,1
39600.0,0.5936023967759329,unemployed,0.5038917526547615,75,0.467004260146517,9100.0,0.5220503915328143,0,0.23,2
16200.0,0.8643472507145281,self_employed,0.5653594170684982,77,0.8369932749133647,5200.0,0.5986349512533823,0,0.321,0
24000.0,0.851828626147492,salaried,0.14672696944447444,1,0.8045183380816667,5800.0,0.4112689824390089,1,0.242,0
22400.0,0.5188671265142657,gig_worker,0.13232676878237667,4,0.7254773168348113,17100.0,0.5303557066498991,0,0.763,1
15000.0,0.8174058392316109,salaried,0.28588406904205577,15,0.7309313969293373,8000.0,0.3484531393878534,1,0.533,0
22100.0,0.8983266729630988,gig_worker,0.250863978233764,50,0.7233899422809684,1500.0,0.2299281044048686,2,0.068,0
54700.0,0.8231784550540998,gig_worker,0.10762349277303547,40,0.5782515913100521,2800.0,0.21704332184040634,1,0.051,0
13800.0,0.5731387025421472,gig_worker,0.3203423404298973,80,0.763526889125085,10000.0,0.5725795205135228,2,0.725,2
32700.0,0.863372839479618,salaried,0.22207680301463706,23,0.8828096298092942,4200.0,0.6952446097281147,2,0.128,0
55300.0,0.8237982555994496,salaried,0.1979619369935673,7,0.5701677562358216,4200.0,0.11686969848565648,1,0.076,0
53900.0,0.6953215576109878,salaried,0.5836121001384796,0,0.5676483795738194,1800.0,0.31682307341143745,3,0.033,1
62900.0,0.6776300597938612,self_employed,0.27020960623114293,6,0.8603869232958943,2900.0,0.33407566337974803,2,0.046,0
34300.0,0.9136025747517934,salaried,0.6616475872923736,26,0.7301412373473707,2800.0,0.36727098970703775,0,0.082,1
36700.0,0.74695880182424,self_employed,0.26505436676517563,62,0.652920491162529,7400.0,0.157877354072765,2,0.202,1
22300.0,0.4134611663994844,self_employed,0.22647657273408248,9,0.7934650709474381,3700.0,0.21526771933300692,3,0.166,2
13700.0,0.5642077335619667,self_employed,0.09636456877210778,50,0.9090058596778194,6500.0,0.28136919602083793,0,0.474,0
27200.0,0.8302786278563832,gig_worker,0.15272916784469368,12,0.8437543968636364,600.0,0.4911782661288991,0,0.022,0
49500.0,0.7653567346179954,self_employed,0.19667016925479439,8,0.8922045458004434,1200.0,0.43775202687975145,1,0.024,0
6900.0,0.30300527022918045,salaried,0.4935318563371495,17,0.751332811554856,1000.0,0.23423697534346086,0,0.145,2
22800.0,0.7250014192116255,self_employed,0.09246602261493489,14,0.6228246772911655,6500.0,0.19391140960609912,1,0.285,0
38500.0,0.6186583405449677,gig_worker,0.5236311496422991,58,0.9758908122394717,6900.0,0.45153587633211634,1,0.179,1
29400.0,0.45334078393313204,salaried,0.08106600315848148,15,0.6458688361602467,1100.0,0.005080554806093598,0,0.037,1
52500.0,0.7627247859962827,self_employed,0.4035140433553015,7,0.6529837112282878,7200.0,0.223643943625448,2,0.137,1
47100.0,0.9110307996537199,salaried,0.14677791387041006,44,0.7654878530116218,4600.0,0.3911503682858479,0,0.098,0
12700.0,0.7739593038396818,salaried,0.3786390954558618,160,0.8328215814738159,2600.0,0.22673899489938673,2,0.205,0
30600.0,0.5713297784767817,unemployed,0.25427857328942644,25,0.5383793594373365,9500.0,0.26291673308026375,3,0.31,1
19500.0,0.7272378734583715,unemployed,0.24196336361100734,6,0.8837848572731573,6200.0,0.47469614003665034,4,0.318,0
19400.0,0.5021773467843172,self_employed,0.12122405508542235,6,0.8475781971249394,4400.0,0.2497339587901766,1,0.227,1
13300.0,0.7938397011927876,gig_worker,0.4311123986041366,1,0.7357307773250519,3800.0,0.31418604910198855,1,0.286,1
33200.0,0.9549112782144149,gig_worker,0.14717340641274382,1,0.7080129909937081,4700.0,0.44058684068679244,0,0.142,0
53000.0,0.6653874894218038,unemployed,0.10252575874941042,59,0.84312419133808,1500.0,0.4701775453991898,1,0.028,0
34600.0,0.8050337951321771,self_employed,0.5617887919024132,2,0.49572923625493,1700.0,0.24938172617997903,0,0.049,0
12800.0,0.8065839832110305,self_employed,0.5025684656930786,15,0.720202999313229,5900.0,0.20025606418506822,0,0.461,1
28600.0,0.9229591671912667,salaried,0.44451339435220344,28,0.4898326482632937,7700.0,0.2206537801866137,1,0.269,1
37700.0,0.7796694300310593,salaried,0.06728276910456905,45,0.816996757694301,12200.0,0.14922046264704272,3,0.324,0
27500.0,0.8967521702864011,salaried,0.18960091414302532,4,0.6987510748201297,11600.0,0.12274935813949521,2,0.422,0
34300.0,0.4630766884703983,gig_worker,0.0621544674856199,13,0.7220259402320892,400.0,0.06343549028034776,1,0.012,1
20400.0,0.8283626619769442,gig_worker,0.24409577721076314,6,0.9019295858407965,16500.0,0.1591830978650544,0,0.809,1
25900.0,0.841628655194793,gig_worker,0.3236950993184565,7,0.8835877820541608,5300.0,0.3258330915199219,1,0.205,0
25000.0,0.6432697734880332,salaried,0.4443763088595268,8,0.855580322639544,1400.0,0.13489186555899976,0,0.056,0
57700.0,0.6678232111070794,self_employed,0.22470384504158994,21,0.730119229061334,2100.0,0.21096005611539115,0,0.036,0
16400.0,0.88903726295217,salaried,0.13596501165548083,0,0.8541166494553164,1700.0,0.16562382504463521,0,0.104,0
7600.0,0.8926628756890154,salaried,0.2720506183115339,12,0.7015641194609817,2400.0,0.2623620584136678,0,0.316,0
55900.0,0.6513270269997977,unemployed,0.13206874807625432,4,0.9561750841445941,7900.0,0.267073073001048,1,0.141,0
31100.0,0.47128825288960746,self_employed,0.485733675592498,81,0.9419827697212324,2700.0,0.13738067351960534,3,0.087,1
14500.0,0.7975215664289871,gig_worker,0.3095048517235776,20,0.6498273712084297,900.0,0.469228558412462,2,0.062,0
45100.0,0.5538315991925307,salaried,0.2939878502002104,48,0.8710079828156335,6900.0,0.30495693852602296,1,0.153,0
38900.0,0.8112086152183491,salaried,0.5424834924742724,5,0.8544603693378918,1900.0,0.2526859518786101,2,0.049,0
62200.0,0.8992933185172078,self_employed,0.3226509881763322,39,0.47404205469363525,7400.0,0.1492267530904652,0,0.119,0
32400.0,0.7902550324105989,salaried,0.09504682132022292,12,0.958482126706423,21800.0,0.45783800881029,2,0.673,0
83400.0,0.7082971344260142,salaried,0.14913044425882274,4,0.8915113646773379,7700.0,0.36909507386413903,1,0.092,0
27600.0,0.8291893730830703,salaried,0.2983075851088544,34,0.8069505631718458,4100.0,0.3746935010591548,4,0.149,0
38900.0,0.4693540084809861,self_employed,0.1549619179474562,34,0.49785039530040914,1300.0,0.4861711474375654,0,0.033,1
41600.0,0.8545844235230897,unemployed,0.34053558237757736,131,0.77327865405631,10500.0,0.16464964190440154,1,0.252,0
107500.0,0.865434628118233,gig_worker,0.44230057022695385,36,0.9265871013376482,4100.0,0.41930368213074604,1,0.038,0
23300.0,0.7535382708726206,unemployed,0.1858531930149111,3,0.8724493709382626,500.0,0.4225569621746038,4,0.021,0
22900.0,0.678348354950099,gig_worker,0.11391461310199125,9,0.48982641995147286,3200.0,0.19550998215044957,1,0.14,0
42100.0,0.9447748734332074,gig_worker,0.08156153495609814,14,0.7534450460449201,3300.0,0.05557532497978895,1,0.078,0
13800.0,0.6298048392890592,self_employed,0.38208181893609156,3,0.4947318652071838,9300.0,0.23692202118530115,1,0.674,2
19500.0,0.4962490215259078,self_employed,0.19648170479617943,37,0.901126616529991,700.0,0.17211272079898474,1,0.036,0
27200.0,0.8340923728125517,salaried,0.414459324113181,17,0.98016303850256,3900.0,0.21104734202024109,2,0.143,0
61300.0,0.8314661400252613,gig_worker,0.10497029760850012,69,0.8260752888512682,6600.0,0.13755785310189705,2,0.108,0
42100.0,0.7688277532102075,salaried,0.3130679881333202,21,0.6708047975593584,5100.0,0.21466822482984813,1,0.121,0
30500.0,0.6699549527204314,salaried,0.3241800659276612,17,0.9120551219509409,16800.0,0.4873636273867662,1,0.551,1
22200.0,0.703225741942541,unemployed,0.058681207668473456,1,0.7728017870005706,3100.0,0.2378837008277872,2,0.14,0
73100.0,0.8308799177144968,salaried,0.22565728020279954,3,0.8705548984879128,6300.0,0.1516363317617754,1,0.086,0
28500.0,0.9256713767017891,unemployed,0.2867112714180223,45,0.8037851813116155,3300.0,0.10084873692925894,0,0.116,0
19500.0,0.613536729591028,gig_worker,0.2192527735307288,112,0.9524331885106622,3400.0,0.4654067717727149,0,0.174,0
79900.0,0.6875731213689583,salaried,0.3683260079104171,12,0.7465719256689988,2300.0,0.09073168529754812,2,0.029,0
14200.0,0.48519267890181905,self_employed,0.4207281406223931,39,0.7619378425457705,8000.0,0.3069976601724893,1,0.563,1
53800.0,0.9509318506801013,gig_worker,0.14136813023557052,23,0.8817933816793635,18200.0,0.4084241844044584,2,0.338,0
29600.0,0.7187790008064491,salaried,0.3901867877043336,76,0.873303587372401,4300.0,0.5084775982492173,0,0.145,0
42000.0,0.6311158400959545,gig_worker,0.16879914260215653,6,0.874236443000096,10600.0,0.1410809560636177,2,0.252,0
38400.0,0.6639747628995795,gig_worker,0.3644640151968695,18,0.6138186264284755,12200.0,0.4510304817665005,2,0.318,1
41700.0,0.545872163993289,salaried,0.3663680399126467,12,0.817125541360364,2100.0,0.3744653959676868,0,0.05,1
83400.0,0.9096235934540279,salaried,0.4691395934293889,18,0.8361807945425007,3800.0,0.26778768395331215,0,0.046,0
77200.0,0.7219960034163521,salaried,0.10593296375947128,7,0.8158082211906664,13700.0,0.2800743754423285,0,0.177,0
20000.0,0.6132436851213993,salaried,0.2259897568393164,16,0.9050914290161958,3600.0,0.24542797338558558,1,0.18,0
37700.0,0.8760856712256287,salaried,0.15374712760065024,23,0.5394421314171836,1000.0,0.4742515424320835,0,0.027,0
10300.0,0.6279398644073946,gig_worker,0.45010324484107167,2,0.5864699808358422,11700.0,0.256244600252567,2,1.136,2
43900.0,0.8429143173526397,salaried,0.405604511818463,32,0.9045115496431089,6900.0,0.0067359590373673684,4,0.157,0
49000.0,0.5538300976046959,gig_worker,0.47829537247634757,29,0.9103782371050259,3600.0,0.2707305687093789,1,0.073,2
7600.0,0.7267859756129916,salaried,0.17702764461278764,50,0.9212307387290833,2000.0,0.3675848630669514,4,0.263,0
29000.0,0.7107921423060616,self_employed,0.13090394071312889,13,0.7220017099441788,23600.0,0.2507838470811872,1,0.814,0
42000.0,0.71922458620939,self_employed,0.3004523286220007,1,0.830343353416705,2500.0,0.12661189532270364,0,0.06,0
35000.0,0.6871914052513746,gig_worker,0.3961172672933452,14,0.9480727464802133,4100.0,0.40294432258550095,1,0.117,0
14400.0,0.876824264200957,self_employed,0.08908552136390621,3,0.7416354571388234,7300.0,0.26473052493991667,3,0.507,0
15300.0,0.7386870000104706,salaried,0.145801995945731,25,0.924353609507931,1600.0,0.011401536801449366,1,0.105,0
27300.0,0.6746424320175123,gig_worker,0.26368822408094805,1,0.7028205211397779,9600.0,0.4840514128785894,1,0.352,0
23300.0,0.6317409718278464,salaried,0.3267209585133124,11,0.6413308945897497,12700.0,0.03103613323158658,0,0.545,2
24500.0,0.9360709451810889,salaried,0.24200073611036957,2,0.8657551824246051,3500.0,0.37823053169156956,0,0.143,0
13200.0,0.8473687409835453,salaried,0.37648340863367985,0,0.9094996323449935,6700.0,0.21003844202360245,1,0.508,0
29800.0,0.5636698326556887,gig_worker,0.391498410293958,77,0.7208448609290462,8300.0,0.22008819032759727,2,0.279,2
61500.0,0.7904201773674957,salaried,0.5827074439077173,133,0.5604463866323925,3900.0,0.2613456158549502,1,0.063,1
14700.0,0.6244519161317488,self_employed,0.269066561428211,19,0.8993821756425604,3200.0,0.11883112950651707,2,0.218,1
26100.0,0.9379406209302126,self_employed,0.43580828981947384,6,0.9704638104081483,6300.0,0.17436139851373514,2,0.241,1
39700.0,0.7423146989988673,unemployed,0.17988578420795368,58,0.23336586417210703,2600.0,0.35200199838977814,2,0.065,1
11400.0,0.8447804853313047,salaried,0.35735212618278034,61,0.9343136607303273,1700.0,0.2897659127248421,0,0.149,0
30000.0,0.7045311866973883,salaried,0.2470972756116049,46,0.7909703831658068,1600.0,0.5419004081781903,1,0.053,0
48300.0,0.41466439687559,salaried,0.3907164676722613,18,0.7579560373528026,5300.0,0.20907935985507645,3,0.11,2
16600.0,0.7319766036892477,salaried,0.24822039980598215,1,0.9133908352405379,4000.0,0.29520115301155103,0,0.241,0
31500.0,0.8450688876937502,gig_worker,0.09144841897110087,2,0.9111761039172271,8400.0,0.22939916566923832,1,0.267,0
46600.0,0.8390465348162455,self_employed,0.2406720890039728,54,0.7507685972528736,8600.0,0.17370664452913218,0,0.185,0
81300.0,0.8947964175271828,gig_worker,0.45104623545735756,50,0.869797836782946,12400.0,0.328271553019068,0,0.153,0
30600.0,0.544620065312997,gig_worker,0.1508652389598113,13,0.6834976452921091,6700.0,0.11937202183274934,1,0.219,1
19700.0,0.7041611024160652,unemployed,0.24027516847136238,9,0.8916216159259309,3300.0,0.2440585827868141,1,0.168,1
9300.0,0.9891155958721223,salaried,0.1595722811204542,24,0.5566129258006657,3800.0,0.10428115388117441,2,0.409,0
19800.0,0.6542228634125528,unemployed,0.38158580547892545,39,0.9575890419302865,2200.0,0.3003676850730815,1,0.111,0
12800.0,0.7963445019562121,salaried,0.41164626273894206,31,0.7362505678035762,7100.0,0.14878175737871294,1,0.555,1
63900.0,0.9248699265657997,gig_worker,0.1576173236137763,22,0.7294847155190511,3600.0,0.43605729412979205,2,0.056,0
45200.0,0.8654889701713397,self_employed,0.23617422291994392,6,0.48331868629736,11500.0,0.25549314849659516,1,0.254,0
15300.0,0.6796729095491991,gig_worker,0.10676685089248424,7,0.6379849084581636,7700.0,0.04387655193730586,1,0.503,2
19100.0,0.5954913745100449,self_employed,0.33500280523462916,30,0.7999145478113066,3100.0,0.16776254561330955,0,0.162,2
30400.0,0.7841125305256198,gig_worker,0.15704583912196482,38,0.9391364151189563,2900.0,0.2873150772601675,1,0.095,0
48100.0,0.7242376786727495,unemployed,0.3837852503878791,2,0.5484762054816752,22500.0,0.41311391553542115,0,0.468,1
37700.0,0.6219179397444883,gig_worker,0.6291945852937246,4,0.9489343400046827,3600.0,0.15548656495070168,0,0.095,2
35900.0,0.4682791365787644,gig_worker,0.2118484487361359,27,0.82752161261385,1500.0,0.3822395441039083,1,0.042,1
32500.0,0.7847041411738748,salaried,0.030620584012041978,11,0.8073464597034586,1300.0,0.23030335550402264,1,0.04,0
15800.0,0.8363923092359502,salaried,0.1286311030280663,19,0.9738806600980875,2700.0,0.134673693084798,2,0.171,0
30600.0,0.5475992345775285,unemployed,0.1388325306523651,22,0.8638989145536758,3600.0,0.25678084939654827,0,0.118,1
28700.0,0.8628973573045772,self_employed,0.3101570125766353,35,0.7724338809871266,3500.0,0.3254815324002685,1,0.122,1
12700.0,0.8444983396050865,self_employed,0.4152147157377789,39,0.8079380979882587,2100.0,0.5171932881482036,1,0.165,0
63200.0,0.8824773961094537,salaried,0.18866631041439125,7,0.3804183101655546,10000.0,0.5745795259009904,0,0.158,1
21200.0,0.6151724241778622,salaried,0.24525829963301754,18,0.49555005402098423,9800.0,0.05717151400261578,2,0.462,2
12900.0,0.659824194088964,salaried,0.11599978594325912,3,0.8972109227281022,2200.0,0.31793130262413094,2,0.171,0
23100.0,0.8285600496185026,self_employed,0.36203691274322214,44,0.9433858692256007,1800.0,0.27517090224169793,2,0.078,0
25600.0,0.9562675532068892,salaried,0.11367920036154423,44,0.7690025172335112,6900.0,0.2741408351273429,2,0.27,0
28300.0,0.6832149881870747,salaried,0.33452870878938334,8,0.8381985110394619,16200.0,0.2620470451171331,3,0.572,1
25300.0,0.8237678613129152,self_employed,0.07849376836632894,4,0.7199661759758267,2000.0,0.4349061497391941,1,0.079,0
29100.0,0.9312300700171735,self_employed,0.30988919095677103,1,0.7995766786974567,10000.0,0.5473074893664149,3,0.344,0
31700.0,0.8990909884182327,salaried,0.08986542700837671,20,0.696752534512328,6500.0,0.32879803987256273,1,0.205,0
30900.0,0.40324929113553737,self_employed,0.00977031362304874,2,0.8976659684968302,7900.0,0.2058629135161738,0,0.256,1
35800.0,0.5621838563039555,unemployed,0.12765215367790592,27,0.6643412936763851,4300.0,0.5806152149554927,0,0.12,0
36800.0,0.5634503632153546,self_employed,0.6751543536695164,27,0.6674232780204501,1800.0,0.14720060900464377,2,0.049,2
37300.0,0.2677285498815507,gig_worker,0.3784066208591745,22,0.48802187742332465,4700.0,0.6136196901881756,3,0.126,2
42000.0,0.7550183523201778,unemployed,0.4684497766792797,50,0.8651389523474179,6500.0,0.06872934275999701,1,0.155,1
20000.0,0.5922183790323937,salaried,0.1277599399918605,11,0.47751591046924663,4500.0,0.007089282938003919,3,0.225,1
20400.0,0.8547774160985631,salaried,0.2975228994832947,55,0.612960461128224,11200.0,0.32022815825987583,0,0.549,1
48200.0,0.7639543630880336,self_employed,0.15131461641531568,0,0.8746995189001706,6000.0,0.3168576698688932,1,0.124,0
23500.0,0.4269361161278025,self_employed,0.17822044489300842,2,0.62764288982106,5300.0,0.5243218995341344,3,0.226,1
27500.0,0.9615872687922762,salaried,0.38661488140892875,12,0.8360514528487976,8400.0,0.38405536692969394,0,0.305,0
26200.0,0.7967464657856421,salaried,0.37019759311374106,21,0.711108840686573,3600.0,0.1360069259043854,5,0.137,0
79800.0,0.37032577557319296,self_employed,0.41353257288776746,0,0.3811838304887275,5800.0,0.21735203466625977,1,0.073,2
18100.0,0.8590725256429912,salaried,0.2198153227825336,20,0.6952886947078701,8000.0,0.1830600690891524,2,0.442,1
17900.0,0.952918425153168,unemployed,0.6948362585674053,8,0.6585583009567884,5900.0,0.0422076586197996,2,0.33,2
29200.0,0.7418085332260951,salaried,0.3277471243148822,52,0.9565276205504649,300.0,0.28671636312503573,2,0.01,0
26600.0,0.5263169406388368,unemployed,0.22067002855741916,18,0.7824983133427045,6200.0,0.5827064355684431,1,0.233,2
15200.0,0.9297582673168584,salaried,0.09156252794477072,21,0.7103753252578957,9600.0,0.17243281926625162,2,0.632,0
27900.0,0.5386353470631746,salaried,0.2585035395742395,69,0.9567033444059209,11100.0,0.18683716981621462,2,0.398,0
29600.0,0.7577671603111051,salaried,0.14113670711465698,34,0.9143123125708305,2800.0,0.32939879012409756,2,0.095,0
22300.0,0.6120199485012993,unemployed,0.09488685320202442,13,0.7782700861690517,5300.0,0.12073039223350798,0,0.238,1
27100.0,0.6055060506935382,salaried,0.47955829983330583,15,0.4586908768153188,7800.0,0.14739944047756015,1,0.288,2
19100.0,0.8151816968182503,self_employed,0.20397582419348187,25,0.9459802636809871,6200.0,0.5427271720112535,1,0.325,0
15200.0,0.9258920706073367,gig_worker,0.3593803514413815,5,0.7006314259372388,5000.0,0.12012569648098873,2,0.329,1
23400.0,0.9325714753002999,self_employed,0.27048750346737954,2,0.9599455561717232,8900.0,0.18843684071446326,0,0.38,0
16600.0,0.7630883170228223,salaried,0.19890955706167673,8,0.7041564396064411,4500.0,0.1057628148553796,1,0.271,0
13600.0,0.7334670980942029,unemployed,0.1928531996864055,36,0.7554535597548304,4000.0,0.3866850546181291,1,0.294,0
9100.0,0.8392495326784146,gig_worker,0.4261505444054459,7,0.7769430436872587,1600.0,0.010793621029920496,1,0.176,1
32800.0,0.687637905351537,salaried,0.4721562235658095,3,0.7956091463071332,3600.0,0.17450217860211886,2,0.11,0
23000.0,0.7345504775269267,self_employed,0.4400901178151389,5,0.9297056820196279,2100.0,0.15538640974265658,2,0.091,1
48300.0,0.5494657588037137,unemployed,0.21647963466680892,27,0.9140151821981763,1400.0,0.15106697770561528,2,0.029,0
8400.0,0.8249591513691958,unemployed,0.6050657279735583,22,0.6605597545219687,2100.0,0.5567918879605277,3,0.25,2
24000.0,0.8746063364819545,salaried,0.42841262363824906,27,0.5646531767204869,3000.0,0.40742630891012216,2,0.125,0
32700.0,0.8134020783227988,gig_worker,0.10796833757162015,9,0.9289738724189692,3200.0,0.22301339233988338,0,0.098,0
20600.0,0.5855789325958153,salaried,0.5678253447480206,55,0.9657032488573835,4600.0,0.07217010287749584,1,0.223,1
28700.0,0.5214451399608963,salaried,0.4195022721386305,14,0.7406223068539936,8000.0,0.10488570097726718,2,0.279,2
9200.0,0.8591093426508065,salaried,0.1833481375510805,17,0.3519082601187674,7500.0,0.14344065000202685,1,0.815,2
23200.0,0.6117117872760236,salaried,0.4463145028447369,71,0.7766990535043665,600.0,0.39096490321496824,2,0.026,0
18200.0,0.8412853041316073,self_employed,0.32383592307474157,93,0.9027419424098316,3200.0,0.6083756206755858,2,0.176,0
45900.0,0.8308404573838714,self_employed,0.47059398331326174,26,0.7077654182523324,9700.0,0.11608004819686864,1,0.211,0
31700.0,0.6597585803055712,salaried,0.19107462693479346,69,0.4861067216284888,3800.0,0.08971191773834608,3,0.12,1
42800.0,0.8492846277332905,salaried,0.37208344965675544,18,0.7451324424837226,6700.0,0.050829509642896106,2,0.157,1
50900.0,0.9404371388588685,salaried,0.2390923857922203,8,0.6790270071023312,4000.0,0.28231607916090384,0,0.079,0
22200.0,0.8396293072793656,unemployed,0.08767422146788129,9,0.7174685357869998,4600.0,0.0818425384242977,2,0.207,1
31000.0,0.8780285183247641,gig_worker,0.2003166814074748,19,0.882937719025776,4900.0,0.4235997349802321,0,0.158,0
15700.0,0.7759153515320787,salaried,0.23357945711146666,22,0.765775148615575,300.0,0.09838957299032364,1,0.019,0
35200.0,0.8226509217255361,unemployed,0.31061506453400034,13,0.8284663135366006,3900.0,0.16996178668298356,0,0.111,0
37800.0,0.9422605454092208,salaried,0.1193163338790854,51,0.4961492882766126,2600.0,0.10770903812435226,0,0.069,0
34000.0,0.6678768406410323,self_employed,0.09334001858411747,13,0.7343772091675137,900.0,0.09309157340023687,0,0.026,0
22200.0,0.8103003754979649,unemployed,0.04717830974531756,7,0.6271949968010603,4500.0,0.2844163352994363,1,0.203,0
66000.0,0.7695650128228003,salaried,0.6693825792235307,0,0.7999389001994968,3300.0,0.2786972570695028,3,0.05,1
29500.0,0.6465538463306828,self_employed,0.16740055597164902,84,0.7089150163922714,2700.0,0.18810631527475147,1,0.092,1
101200.0,0.5135661350409904,salaried,0.39368592285557397,41,0.3637735044400968,4600.0,0.25567940450613375,2,0.045,2
15800.0,0.5700278126084074,salaried,0.271423749029406,22,0.8067711947175766,2500.0,0.17724909098509936,2,0.158,1
39500.0,0.6885377637375679,self_employed,0.2886975631573225,42,0.8535548302510763,1100.0,0.1266301589719784,2,0.028,0
46600.0,0.8977156725415086,unemployed,0.18800774221445038,39,0.6538401882273327,4800.0,0.1683160617828334,0,0.103,1
15900.0,0.5963129565689839,self_employed,0.265602687592787,64,0.8679710737622217,7900.0,0.3332198372688593,0,0.497,1
25600.0,0.6274486491907577,unemployed,0.1869254645081614,11,0.5539992143685748,1200.0,0.047045324849414066,0,0.047,1
12700.0,0.644253647843025,unemployed,0.24304919335976108,19,0.5230157268984048,1600.0,0.2136918916140074,2,0.126,1
51900.0,0.8090839790624643,salaried,0.26992389194377264,2,0.7566329598205912,1700.0,0.4786307868708713,1,0.033,0
27800.0,0.937591062910753,salaried,0.5203671711607203,80,0.5981323566079532,1700.0,0.18835000359517579,1,0.061,0
18200.0,0.36888646502564715,self_employed,0.7250445911322113,100,0.6606153792806985,7100.0,0.3232425897918449,3,0.39,2
46900.0,0.901448580828118,self_employed,0.10220396684661529,37,0.9374899747032214,4100.0,0.39332579263894213,0,0.087,0
29100.0,0.7710312946814222,salaried,0.2822869361453516,14,0.9730222330459415,8200.0,0.3508104451385221,0,0.282,0
43800.0,0.8394583167794465,unemployed,0.3838314457292997,16,0.7781691356807752,11500.0,0.24964709598646267,0,0.263,0
36300.0,0.8537961451347907,gig_worker,0.4097023506822471,13,0.9706440596866529,4700.0,0.10317952125631635,1,0.129,0
16900.0,0.8464927838368164,salaried,0.12931786966613137,8,0.8106343353317703,10500.0,0.17657614454339388,1,0.621,0
21800.0,0.37491196852524433,self_employed,0.21964914443182543,18,0.7678988646973901,2900.0,0.3668425118756442,1,0.133,2
18500.0,0.662932193840524,salaried,0.2807257045075378,1,0.8000069703277808,1000.0,0.3972984751869881,3,0.054,0
15200.0,0.7177143610753741,self_employed,0.20005229662563406,115,0.8970188288973484,400.0,0.25157431351774556,1,0.026,0
10800.0,0.37225073323254393,unemployed,0.2678852188911653,13,0.80862952017326,16900.0,0.06913762064494697,0,1.565,2
72500.0,0.3245879331524124,gig_worker,0.552052784406938,62,0.8295299433243934,3500.0,0.09058828745599734,2,0.048,2
33700.0,0.8317848583685008,salaried,0.4782794534604537,30,0.5746936222519892,2400.0,0.35030596505311984,1,0.071,1
36200.0,0.5499010606353568,self_employed,0.4350282909969287,8,0.8779026662789103,2700.0,0.14929668546590577,2,0.075,1
49400.0,0.7096147113052437,self_employed,0.36583184587484135,6,0.7838019968451766,7700.0,0.2843744711130013,1,0.156,0
21700.0,0.7302042029410365,salaried,0.21568254512413326,130,0.790376520939576,1500.0,0.08926457983759936,1,0.069,0
13300.0,0.7781810016484701,salaried,0.2110145508829121,35,0.8689485169342684,4300.0,0.35877681778794734,2,0.323,0
41900.0,0.9645597561576866,self_employed,0.3585045597422398,6,0.8680955560116979,3700.0,0.1325224967355742,3,0.088,0
14500.0,0.6502063605834428,self_employed,0.2970554858578619,1,0.8060774906771796,6700.0,0.12785523154150646,0,0.462,1
41400.0,0.8447068938134425,salaried,0.4398086206975376,28,0.9418137103249958,6800.0,0.1701624541254721,0,0.164,1
12100.0,0.9056529422487953,salaried,0.1654453571496797,8,0.6855901689501985,3700.0,0.17815301266062925,0,0.306,0
13900.0,0.6407982656580237,salaried,0.15954187777916687,6,0.6798507091474184,12300.0,0.3041662752257537,0,0.885,1
20600.0,0.9175847744654407,salaried,0.2414309252095454,31,0.8925104915883019,9400.0,0.08100705747168,1,0.456,0
40600.0,0.7646947575065356,self_employed,0.5277242144486495,27,0.8179777583723453,2500.0,0.09465679526772779,0,0.062,1
61800.0,0.5930915538266885,salaried,0.0942131793631213,15,0.645085620775526,5400.0,0.3160061229927955,1,0.087,0
36200.0,0.8985588974353955,salaried,0.5072255471579934,68,0.6866855528437942,7000.0,0.09811637507656264,0,0.193,1
21000.0,0.5360935520399887,gig_worker,0.1603213802185099,27,0.399910011855973,8900.0,0.12604593807159123,2,0.424,2
45600.0,0.4759462984314643,salaried,0.3332080388859563,53,0.7894843016766976,1400.0,0.150222612542814,0,0.031,1
11900.0,0.5373954111589904,self_employed,0.4422605937079796,5,0.8617883269377249,6200.0,0.2058129131451052,1,0.521,2
17400.0,0.8033027064272671,unemployed,0.4311124838637329,8,0.768696983848132,2400.0,0.24845804257907556,1,0.138,1
30600.0,0.8058579609562168,self_employed,0.39551698418688946,2,0.8156043258693865,1200.0,0.3560618344884565,2,0.039,0
42600.0,0.668642375203223,gig_worker,0.4695987027924847,8,0.9062536654976997,10500.0,0.2577813031677432,4,0.246,1
26300.0,0.8425480202339696,salaried,0.14305039301006514,85,0.7356348756211915,8100.0,0.2908464765214554,1,0.308,0
24800.0,0.50214904718994,salaried,0.12443860854983325,79,0.8975879207177285,5700.0,0.39204021860828364,0,0.23,0
25600.0,0.800236323721515,self_employed,0.1475560723630411,34,0.9061126972808821,9400.0,0.23359035636710762,1,0.367,0
49200.0,0.623955531897741,self_employed,0.26395953365729935,17,0.9098156523025055,9000.0,0.08970417055233881,2,0.183,2
19200.0,0.6695783984756024,salaried,0.3984658202756843,36,0.6608405746380773,4800.0,0.30831740701042026,1,0.25,1
16700.0,0.6301061633551286,self_employed,0.3580300758716277,19,0.8182654288553333,4700.0,0.05451305979801746,1,0.281,1
25400.0,0.7270969953370017,unemployed,0.4672583795843952,0,0.7550962824936541,2600.0,0.2817223722113294,1,0.102,1
52600.0,0.8010048828828837,salaried,0.23303741069710507,16,0.7231088042844047,15100.0,0.06710862407639395,1,0.287,0
20400.0,0.14931379997677227,self_employed,0.4429931124312908,21,0.676147045722054,5600.0,0.2958016558487527,0,0.275,2
25500.0,0.7869222642086965,self_employed,0.17044083322070308,7,0.581157780737212,6200.0,0.2623714248876198,0,0.243,0
11700.0,0.8870829942769735,gig_worker,0.3773431866180761,5,0.8956177079702994,4000.0,0.07238198839345258,1,0.342,0
26100.0,0.850772968485821,gig_worker,0.1280317934241039,7,0.5249005172217264,3300.0,0.3263288082943753,1,0.126,1
32900.0,0.7279210792838609,gig_worker,0.33041468743746766,23,0.8836304962728408,5700.0,0.3267341911404377,1,0.173,0
14500.0,0.6879518088625616,salaried,0.15520189890097896,3,0.701918453155017,8700.0,0.1283617311975532,1,0.6,0
49300.0,0.9338388895083226,salaried,0.4703854591655656,30,0.8399892938184343,3300.0,0.06093984886841676,2,0.067,0
32700.0,0.7348136786122662,salaried,0.5830265072787735,13,0.7008938188688363,10300.0,0.41391693785974354,1,0.315,0
22100.0,0.7744482077029048,self_employed,0.2183365861390073,10,0.8571235997952669,500.0,0.2866721008406477,1,0.023,0
32800.0,0.546083430516226,gig_worker,0.3161065673746864,39,0.5723285724728435,2700.0,0.3620155848230696,1,0.082,2
37200.0,0.8733794385176413,unemployed,0.2086790112531523,16,0.863755998919557,5200.0,0.509966849952449,2,0.14,0
9900.0,0.7611863158141116,self_employed,0.25880737701541257,11,0.7393094035676363,1600.0,0.33510714448543594,4,0.162,0
33400.0,0.46542332788866025,self_employed,0.2885689182309108,50,0.9638353855412685,7600.0,0.26705589329321366,1,0.228,1
51700.0,0.8965125396268457,self_employed,0.31009289016030356,11,0.6894283046190776,3300.0,0.10452963767916482,0,0.064,0
19000.0,0.9060364401136314,salaried,0.1542068422567272,47,0.6625368251594911,5700.0,0.13249059873007635,2,0.3,0
22300.0,0.7582218209382444,self_employed,0.5422246399669098,16,0.5041943240546926,5900.0,0.3160139759808135,1,0.265,2
24300.0,0.5339256675134247,self_employed,0.1696470517893248,5,0.8040680432555557,4800.0,0.1967332245603014,2,0.198,1
42800.0,0.8879810396799304,unemployed,0.10345417617861098,22,0.8156894332536101,3400.0,0.2993754624443502,0,0.079,0
16000.0,0.8604989767558151,salaried,0.41093036343040945,8,0.5867607375916656,2200.0,0.15442078266543383,0,0.138,1
36400.0,0.3725788304042924,unemployed,0.5455254999663212,3,0.8142971139523939,5700.0,0.1507172827027605,2,0.157,2
24600.0,0.7667078241710329,self_employed,0.3187471570400831,2,0.5685922003916822,4900.0,0.623709885486284,0,0.199,0
63200.0,0.554411094855405,salaried,0.107409480081825,6,0.8334614986722528,2600.0,0.049145051843960584,0,0.041,0
25300.0,0.9169757012599014,salaried,0.38653644640370255,32,0.5985620218571697,1800.0,0.01826154157786884,4,0.071,0
6900.0,0.6268080552346381,salaried,0.33521441289771375,43,0.8693170785730159,5700.0,0.10721716947600748,2,0.826,2
39800.0,0.6464585807464202,self_employed,0.2165412908227118,47,0.44738998017993453,9100.0,0.4129058877232972,1,0.229,1
35500.0,0.35534397049880156,salaried,0.02548787998659733,7,0.8458107734896549,7600.0,0.14192520384269897,2,0.214,0
32000.0,0.7296838137567361,salaried,0.1327920668717574,25,0.9044059606977117,8900.0,0.1385987499500151,3,0.278,0
51000.0,0.8436811766478244,unemployed,0.14535267869716373,6,0.68768430314644,3400.0,0.36417425317634783,1,0.067,1
10800.0,0.8378900806868712,self_employed,0.31383009297828834,23,0.5244420358541823,14700.0,0.4479534553196957,0,1.361,2
17500.0,0.5021677904194324,gig_worker,0.43713529121652933,52,0.7644502204822634,6700.0,0.357760141962045,4,0.383,2
